image,tp,fp,fn,tn,dice
apple_black_rot_143.jpg,15303,2003,52,48178,0.93708092220079
apple_black_rot_144.jpg,13015,277,1021,51223,0.9525029274004684
apple_black_rot_149.jpg,32351,4039,12,29134,0.9410789347373932
apple_black_rot_167.jpg,1558,1389,12741,49848,0.18067957787313
apple_black_rot_175.jpg,5034,532,275,59695,0.9257931034482758
apple_black_rot_18.jpg,2024,251,5082,58179,0.43151049994670077
apple_black_rot_7.jpg,2153,4,574,62805,0.8816543816543817
apple_black_rot_google_0001.jpg,4,5131,0,60401,0.0015567230978789648
apple_black_rot_google_0008.jpg,3417,295,63,61761,0.9502224694104561
apple_black_rot_google_0037.jpg,4668,848,647,59373,0.8619702705198042
apple_black_rot_google_0052.jpg,196,6163,384,58793,0.05649228995532497
apple_black_rot_google_0058.jpg,2928,386,24,62198,0.9345675071816151
apple_black_rot_google_0077.jpg,525,62,5802,59147,0.1518657795776685
apple_black_rot_google_0097.jpg,317,652,1373,63194,0.2384355020684468
apple_black_rot_google_0113.jpg,2447,1042,5535,56512,0.4266410949350536
apple_black_rot_google_0156.jpg,5158,6789,570,53019,0.5836492220650636
apple_black_rot_google_0160.jpg,6920,0,47733,10883,0.2247738456791126
apple_mosaic_virus_100.jpg,16622,12387,477,36050,0.7210028628437581
apple_mosaic_virus_16.jpg,16912,4078,760,43786,0.8748642077492111
apple_mosaic_virus_18.jpg,7219,3177,2566,52574,0.715425400128834
apple_mosaic_virus_23.jpg,5841,4466,293,54936,0.7105407213673134
apple_mosaic_virus_31.jpg,14277,1324,5108,44827,0.8161550334419482
apple_mosaic_virus_34.jpg,5343,696,2137,57360,0.7904430801094755
apple_mosaic_virus_36.jpg,9923,1094,4841,49678,0.7697917070710989
apple_mosaic_virus_41.jpg,23276,1261,2959,38040,0.9168833215157961
apple_mosaic_virus_43.jpg,14938,1342,1012,48244,0.926962457337884
apple_mosaic_virus_5.jpg,6915,3810,1882,52929,0.7084315131646348
apple_mosaic_virus_51.jpg,36455,4216,112,24753,0.9439654056293534
apple_mosaic_virus_57.jpg,205,2045,53,63233,0.1634768740031898
apple_mosaic_virus_google_0006.jpg,28253,253,2397,34633,0.9552031915612955
apple_mosaic_virus_google_0014.jpg,7438,3750,1945,52403,0.7231539545962763
apple_mosaic_virus_google_0029.jpg,24114,2415,1343,37664,0.9277113068903167
apple_mosaic_virus_google_0074.jpg,11287,472,1264,52513,0.9285890580008227
apple_mosaic_virus_google_0084.jpg,926,8,3898,60704,0.3216394581451893
apple_mosaic_virus_google_0091.jpg,14155,100,6504,44777,0.8108495159534858
apple_rust_147.jpg,707,247,78,64504,0.8131109833237493
apple_rust_152.jpg,2559,202,4425,58350,0.5251924063622371
apple_rust_177.jpg,2042,2546,33,60915,0.6129371154134774
apple_rust_2.jpg,4004,356,14435,46741,0.3512434755910347
apple_rust_33.jpg,5677,2134,184,57541,0.8304564072557051
apple_rust_4.jpg,25582,166,10202,29586,0.8315023077423129
apple_rust_45.jpg,1465,588,3262,60221,0.43215339233038347
apple_rust_48.jpg,441,110,97,64888,0.8099173553719008
apple_rust_49.jpg,2343,320,108,62765,0.9163081736409855
apple_rust_54.jpg,3077,3069,601,58789,0.6264250814332247
apple_rust_6.jpg,32388,345,6787,26016,0.9008177115202759
apple_rust_71.jpg,472,3263,93,61708,0.21953488372093025
apple_rust_74.jpg,2206,64,272,62994,0.9292333614153327
apple_rust_95.jpg,5192,8728,43,51573,0.5421038893239363
apple_rust_96.jpg,2331,48,4531,58626,0.5044908559679688
apple_rust_google_0007.jpg,11873,1614,346,51703,0.9237532093674629
apple_rust_google_0011.jpg,136,0,33,65367,0.8918032786885246
apple_rust_google_0019.jpg,11222,1851,77,52386,0.9208928278352208
apple_rust_google_0035.jpg,24236,521,10776,30003,0.8109889742174037
apple_rust_google_0037.jpg,6136,887,4832,53681,0.682118837196376
apple_rust_google_0041.jpg,2225,188,72,63051,0.9447983014861996
apple_rust_google_0049.jpg,1241,1218,889,62188,0.5408585748529091
apple_rust_google_0058.jpg,1400,171,2003,61962,0.5629272215520708
apple_rust_google_0088.jpg,623,442,608,63863,0.5426829268292683
apple_rust_google_0147.jpg,5763,7077,155,52541,0.6144578313253012
apple_rust_google_0197.jpg,2859,1291,742,60644,0.7377112630628306
apple_rust_google_0201.jpg,12318,384,176,52658,0.9777742498809335
apple_rust_google_0215.jpg,6320,891,301,58024,0.913823019086177
apple_scab_14.jpg,234,14569,80,50653,0.03095852351657075
apple_scab_18.jpg,500,959,527,63550,0.4022526146419952
apple_scab_2.jpg,3440,1957,7973,52166,0.4092801903628792
apple_scab_23.jpg,6192,1434,10235,47675,0.5148630108510373
apple_scab_25.jpg,14875,504,1758,48399,0.9293389978757965
apple_scab_26.jpg,501,1443,1667,61925,0.24367704280155641
apple_scab_32.jpg,5812,248,2804,56672,0.7920414281820659
apple_scab_43.jpg,59,739,22,64716,0.1342434584755404
apple_scab_50.jpg,881,55,367,64233,0.8067765567765568
apple_scab_51.jpg,522,1797,445,62772,0.317711503347535
apple_scab_66.jpg,2147,353,142,62894,0.8966381290457298
apple_scab_67.jpg,386,83,136,64931,0.7790110998990918
apple_scab_77.jpg,3360,1416,460,60300,0.7817589576547231
apple_scab_8.jpg,1366,8242,3,55925,0.24888403024505784
apple_scab_85.jpg,194,121,54,65167,0.6891651865008881
apple_scab_google_0000.jpg,1645,390,309,63192,0.8247681123088494
apple_scab_google_0018.jpg,952,899,864,62821,0.519225524952277
apple_scab_google_0020.jpg,2705,2167,679,59985,0.655281007751938
apple_scab_google_0023.jpg,3288,920,528,60800,0.8195413758723828
apple_scab_google_0031.jpg,5137,2146,2033,56220,0.7108558776724555
apple_scab_google_0036.jpg,8536,1522,267,55211,0.9051481893855045
apple_scab_google_0037.jpg,12765,1771,377,50623,0.9223932365055278
apple_scab_google_0045.jpg,3259,435,3201,58641,0.6419145164467205
apple_scab_google_0065.jpg,909,142,2135,62350,0.44395604395604393
apple_scab_google_0093.jpg,2195,1126,129,62086,0.7776793622674933
apple_scab_google_0106.jpg,1932,1609,459,61536,0.6513823331085637
apple_scab_google_0107.jpg,3297,4655,2401,55183,0.48307692307692307
apple_scab_google_0119.jpg,1351,1229,63,62893,0.6765147721582374
apple_scab_google_0121.jpg,41,693,48,64754,0.09963547995139732
apple_scab_google_0124.jpg,245,678,84,64529,0.3913738019169329
apple_scab_google_0130.jpg,1558,2001,2288,59689,0.4207967589466577
apple_scab_google_0132.jpg,541,7156,15,57824,0.13110384102750514
apple_scab_google_0153.jpg,398,2213,45,62880,0.26064178127046495
apple_scab_google_0200.jpg,3676,808,1759,59293,0.7412037503780623
apple_scab_google_0203.jpg,9247,2352,104,53833,0.8827684964200477
apple_scab_google_0230.jpg,12907,1693,173,50763,0.9325867052023121
apple_scab_google_0238.jpg,8980,7909,94,48553,0.6917536494241806
apple_scab_google_0244.jpg,8907,4043,907,51679,0.7825513969425408
apple_scab_google_0245.jpg,15850,509,10407,38770,0.7438520743382767
apple_scab_google_0247.jpg,2044,2968,10,60514,0.5785451457684687
apple_scab_google_0256.jpg,5790,7395,182,52169,0.6044787806023908
apple_scab_google_0268.jpg,157,1838,34,63507,0.14364135407136322
apple_scab_google_0270.jpg,9151,626,172,55587,0.9582198952879581
apple_scab_google_0273.jpg,1419,844,100,63173,0.7503966155473295
apple_scab_google_0283.jpg,1969,824,151,62592,0.8015469163443925
apple_scab_google_0284.jpg,53,3060,16,62407,0.03331238214959145
apple_scab_google_0288.jpg,231,710,2957,61638,0.11189149915233713
apple_scab_google_0297.jpg,1013,1902,67,62554,0.507133917396746
apple_scab_google_0300.jpg,1818,1324,2205,60189,0.507466852756455
apple_scab_google_0305.jpg,2639,1279,142,61476,0.7878787878787878
apple_scab_google_0320.jpg,2319,834,3547,58836,0.5142476993014746
apple_scab_google_0323.jpg,6092,2574,469,56401,0.8001576147632495
banana_anthracnose_Baidu_0008.jpg,25011,8554,1737,30234,0.8293734352461327
banana_anthracnose_Baidu_0059.jpg,23315,3192,4074,34955,0.8651848003562417
banana_anthracnose_Bing_0004.jpg,618,96,2956,61866,0.28824626865671643
banana_anthracnose_Bing_0005.jpg,6950,443,8438,49705,0.6101575874632369
banana_anthracnose_Bing_0006.jpg,27992,1775,1811,33958,0.9398019137149571
banana_anthracnose_Bing_0007.jpg,2007,25,936,62568,0.8068341708542713
banana_anthracnose_Bing_0022.jpg,1225,771,674,62866,0.6290115532734275
banana_anthracnose_Bing_0025.jpg,5635,2030,1988,55883,0.7371794871794872
banana_anthracnose_Bing_0032.jpg,8828,365,2447,53896,0.8626148133672074
banana_anthracnose_Bing_0191.jpg,5384,3754,651,55747,0.7096816713899691
banana_anthracnose_Bing_0213.jpg,463,308,4685,60080,0.15644534549755026
banana_anthracnose_Google_0035.jpg,10644,7587,2135,45170,0.6864882296033538
banana_anthracnose_Google_0206.jpg,23253,16998,1229,24056,0.7184280042636677
banana_anthracnose_Google_0227.jpg,9367,7766,5483,42920,0.5857486789857111
banana_black_leaf_streak_Baidu_0006.jpg,26616,3148,1109,34663,0.9259510515055054
banana_black_leaf_streak_Baidu_0026.jpg,38739,813,7890,18094,0.8990148640651652
banana_black_leaf_streak_Baidu_0037.jpg,44263,5029,1352,14892,0.9327657601652144
banana_black_leaf_streak_Baidu_0038.jpg,31631,7475,1462,24968,0.876217122120805
banana_black_leaf_streak_Baidu_0056.jpg,27832,5403,574,31727,0.9030353174023783
banana_black_leaf_streak_Baidu_0075.jpg,3765,292,4383,57096,0.616960262187628
banana_black_leaf_streak_Bing_0010.jpg,59350,491,1291,4404,0.9852094088743547
banana_black_leaf_streak_Bing_0013.jpg,9101,3108,225,53102,0.8452286974692361
banana_black_leaf_streak_Bing_0015.jpg,14209,4616,1672,45039,0.8188209531493114
banana_black_leaf_streak_Bing_0017.jpg,19210,2341,5831,38154,0.8246050824175825
banana_black_leaf_streak_Bing_0031.jpg,13145,5336,3263,43792,0.7535326320616813
banana_black_leaf_streak_Bing_0094.jpg,46102,775,154,18505,0.9900250179850322
banana_black_leaf_streak_Bing_0124.jpg,21864,5896,7169,30607,0.7699540436321378
banana_black_leaf_streak_Bing_0251.jpg,24786,491,4264,35995,0.9124744602131537
banana_black_leaf_streak_Bing_0358.jpg,56682,1256,903,6695,0.981311080910295
banana_black_leaf_streak_banana black sigatoka (100).jpg,27267,1805,9651,26813,0.826397939081679
banana_black_leaf_streak_banana black sigatoka (103).jpg,44280,503,11554,9199,0.8801693550791616
banana_black_leaf_streak_banana black sigatoka (12).jpg,12903,4845,711,47077,0.8228429309355271
banana_black_leaf_streak_banana black sigatoka (2).jpg,31103,2018,1371,31044,0.9483344767131641
banana_black_leaf_streak_banana black sigatoka (21).jpg,8310,952,2188,54086,0.8410931174089069
banana_black_leaf_streak_banana black sigatoka (22).jpg,30680,95,24871,9890,0.7107939670551167
banana_black_leaf_streak_banana black sigatoka (26).jpg,17015,1524,4151,42846,0.8570708978718046
banana_black_leaf_streak_banana black sigatoka (28).jpg,14120,4705,1728,44983,0.8144665878349148
banana_black_leaf_streak_banana black sigatoka (36).jpg,13142,4279,2762,45353,0.7887171792948237
banana_black_leaf_streak_banana black sigatoka (42).jpg,50702,1015,805,13014,0.9823684414477253
banana_black_leaf_streak_banana black sigatoka (48).jpg,21561,4107,1274,38594,0.8890584087582212
banana_black_leaf_streak_banana black sigatoka (5).jpg,39506,592,3804,21634,0.9472952234797621
banana_black_leaf_streak_banana black sigatoka (56).jpg,34377,4511,248,26400,0.9352631507352441
banana_black_leaf_streak_banana black sigatoka (58).jpg,3430,196,2001,59909,0.7574251959810092
banana_black_leaf_streak_banana black sigatoka (77).jpg,60302,193,365,4676,0.9953945956653076
banana_black_leaf_streak_banana black sigatoka (81).jpg,13299,2720,9725,39792,0.6812488794406167
banana_black_leaf_streak_banana black sigatoka (82).jpg,36350,165,3182,25839,0.9559877444212131
banana_black_leaf_streak_banana black sigatoka (91).jpg,41290,1429,136,22681,0.9814011527720007
banana_bunchy_top_Baidu_0000.jpg,1625,1256,1218,61437,0.5677847658979734
banana_bunchy_top_Baidu_0014.jpg,479,1645,6728,56684,0.10266852427392563
banana_bunchy_top_Baidu_0017.jpg,4086,5918,4942,50590,0.42938209331651955
banana_bunchy_top_Baidu_0019.jpg,2709,13236,430,49161,0.2839027457556068
banana_bunchy_top_Baidu_0034.jpg,1599,6208,1271,56458,0.2995223377353189
banana_bunchy_top_Baidu_0047.jpg,989,347,594,63606,0.6776293251113396
banana_bunchy_top_Baidu_0056.jpg,3626,2162,2213,57535,0.6237206502107164
banana_bunchy_top_Baidu_0064.jpg,2257,4706,277,58296,0.47530799199747287
banana_bunchy_top_Baidu_0084.jpg,299,555,1903,62779,0.1956806282722513
banana_bunchy_top_Baidu_0140.jpg,878,6767,637,57254,0.19170305676855895
banana_bunchy_top_Bing_0020.jpg,0,24,731,64781,0.0
banana_bunchy_top_Bing_0035.jpg,272,10051,402,54811,0.04946803673729199
banana_bunchy_top_Bing_0098.jpg,924,8986,1330,54296,0.1519237093061493
banana_bunchy_top_Bing_0100.jpg,641,4410,35,60450,0.22385192945695825
banana_bunchy_top_Bing_0105.jpg,281,1893,1234,62128,0.15234480889129845
banana_bunchy_top_Bing_0136.jpg,387,1778,4431,58940,0.11084061291708434
banana_bunchy_top_Bing_0140.jpg,4048,1383,340,59765,0.8245238822690701
banana_bunchy_top_Bing_0152.jpg,4083,5394,1683,54376,0.5357213147018304
banana_bunchy_top_Bing_0165.jpg,8,16,1749,63763,0.008983717012914094
banana_bunchy_top_Bing_0173.jpg,742,4698,3881,56215,0.14747093312133558
banana_bunchy_top_Bing_0256.jpg,2585,321,7513,55117,0.39756997846816367
banana_bunchy_top_Bing_0260.jpg,1025,969,3659,59883,0.30697813716681643
banana_bunchy_top_Bing_0262.jpg,53,1221,2732,61530,0.026114806602611482
banana_bunchy_top_Bing_0291.jpg,0,68,2049,63419,0.0
banana_bunchy_top_Bing_0306.jpg,1435,4949,10747,48405,0.15458364752773887
banana_bunchy_top_Bing_0333.jpg,2708,37,7664,55127,0.41289929099641687
banana_bunchy_top_Bing_0334.jpg,9184,2556,3178,50618,0.7620944319973446
banana_bunchy_top_Google_0037.jpg,3859,1877,786,59014,0.743473653790579
banana_bunchy_top_Google_0050.jpg,8233,251,19832,37220,0.45051848203781225
banana_bunchy_top_Google_0096.jpg,3584,44,11390,50518,0.385334910224707
banana_bunchy_top_Google_0104.jpg,8118,1502,1543,54373,0.8420725066127276
banana_cigar_end_rot_Bing_0002.jpg,11871,1835,471,51359,0.9114711302211302
banana_cigar_end_rot_Bing_0007.jpg,8236,635,133,56532,0.9554524361948956
banana_cigar_end_rot_Bing_0014.jpg,3808,262,4819,56647,0.599826730723793
banana_cigar_end_rot_Bing_0022.jpg,2371,356,28,62781,0.9250877877487319
banana_cigar_end_rot_Bing_0024.jpg,6279,1128,24,58105,0.9159737417943107
banana_cigar_end_rot_Bing_0025.jpg,1414,160,1177,62785,0.6789915966386555
banana_cigar_end_rot_Bing_0072.jpg,7129,6444,3216,48747,0.5961200769295092
banana_cigar_end_rot_Bing_0260.jpg,249,1885,938,62464,0.14995483288166214
banana_cigar_end_rot_Google_0101.jpg,2775,3849,2453,56459,0.468275396557543
banana_cigar_end_rot_Google_0131.jpg,9401,2153,2102,51880,0.8154573448410462
banana_cigar_end_rot_Google_0201.jpg,538,14593,2087,48318,0.06059923406172561
banana_cigar_end_rot_Google_0306.jpg,1754,6141,289,57352,0.35298852887905013
banana_cordana_leaf_spot_Baidu_0064.jpg,5988,906,566,58076,0.8905413444378346
banana_cordana_leaf_spot_Baidu_0114.jpg,15116,340,1554,48526,0.9410446367428251
banana_cordana_leaf_spot_Bing_0007.jpg,10901,1478,225,52932,0.9275473303552436
banana_cordana_leaf_spot_Bing_0011.jpg,9578,138,822,54998,0.95227679459137
banana_cordana_leaf_spot_Bing_0012.jpg,5344,548,470,59174,0.9130360498889458
banana_cordana_leaf_spot_Bing_0021.jpg,4362,447,3701,57026,0.6777501553760099
banana_cordana_leaf_spot_Bing_0024.jpg,8178,332,510,56516,0.9510408186998488
banana_cordana_leaf_spot_Bing_0026.jpg,11088,569,841,53038,0.9402187738488934
banana_cordana_leaf_spot_Bing_0037.jpg,22785,1902,2252,38597,0.9164588528678305
banana_cordana_leaf_spot_Bing_0093.jpg,29211,2606,5700,28019,0.8755245174439515
banana_cordana_leaf_spot_Bing_0147.jpg,2021,325,216,62974,0.8819550512764565
banana_panama_disease_116.jpg,59,89,9006,56382,0.01280798871160317
banana_panama_disease_121.jpg,16534,2285,5284,41433,0.8137411718384723
banana_panama_disease_126.jpg,1786,10520,1715,51515,0.2259758334914911
banana_panama_disease_14.jpg,3386,667,2594,58889,0.67497259045151
banana_panama_disease_15.jpg,4814,1618,854,58250,0.795702479338843
banana_panama_disease_42.jpg,1226,161,1517,62632,0.5937046004842615
banana_panama_disease_6.jpg,1062,1319,2650,60505,0.34859675036927623
banana_panama_disease_google_0003.jpg,3575,1296,3254,57411,0.6111111111111112
banana_panama_disease_google_0011.jpg,31906,2273,850,30507,0.9533427952491222
banana_panama_disease_google_0014.jpg,39125,1444,12618,12349,0.8476687754571454
banana_panama_disease_google_0064.jpg,22495,2227,2486,38328,0.9051767498943726
banana_panama_disease_google_0083.jpg,1833,1349,659,61695,0.6461050405357772
banana_panama_disease_google_0116.jpg,31627,1182,2246,30481,0.9485918238805074
basil_downy_mildew_google_0003.jpg,6921,2648,2011,53956,0.7481757742824712
basil_downy_mildew_google_0031.jpg,18471,8125,35,38905,0.8190767593454835
basil_downy_mildew_google_0046.jpg,18292,942,504,45798,0.9619773862739942
basil_downy_mildew_google_0049.jpg,8143,2137,1142,54114,0.8324048044978277
basil_downy_mildew_google_0050.jpg,5534,2309,3215,54478,0.6670684667309547
basil_downy_mildew_google_0067.jpg,11570,1647,1229,51090,0.8894526445264452
basil_downy_mildew_google_0068.jpg,2393,2605,2642,57896,0.47702581481112327
basil_downy_mildew_google_0073.jpg,10322,6943,40,48231,0.7472400188221667
basil_downy_mildew_google_0079.jpg,9122,686,5419,50309,0.7492710172902378
basil_downy_mildew_google_0083.jpg,775,14765,0,49996,0.09500459699662887
basil_downy_mildew_google_0084.jpg,9540,1764,68,54164,0.9123947972456006
basil_downy_mildew_google_0091.jpg,7218,2221,1900,54197,0.7779274667241473
basil_downy_mildew_google_0167.jpg,6409,7610,38,51479,0.6263070458321118
bean_halo_blight_11.jpg,4148,702,5517,55169,0.5715466758525664
bean_halo_blight_2.jpg,13843,2704,3627,45362,0.8138871740600289
bean_halo_blight_7.jpg,10812,575,4773,49376,0.8017203025359633
bean_halo_blight_google_0075.jpg,5418,835,856,58427,0.8650115749980043
bean_halo_blight_google_0093.jpg,161,447,693,64235,0.22024623803009577
bean_halo_blight_google_0113.jpg,4055,511,4456,56514,0.6201728225128087
bean_halo_blight_google_0118.jpg,7821,3013,4779,49923,0.6674916787573612
bean_halo_blight_google_0120.jpg,9222,12648,251,43415,0.588456752703953
bean_halo_blight_google_0136.jpg,3287,10119,1620,50510,0.358979959591547
bean_halo_blight_google_0189.jpg,1375,4214,830,59117,0.35283551449833206
bean_halo_blight_google_0212.jpg,2922,1161,709,60744,0.7575836142079336
bean_mosaic_virus_188.jpg,16301,128,1096,48011,0.963814817004671
bean_mosaic_virus_24.jpg,6049,1809,1073,56605,0.8076101468624833
bean_mosaic_virus_30.jpg,22430,119,1289,41698,0.9695686003285208
bean_mosaic_virus_32.jpg,30955,217,6335,28029,0.9042972744003973
bean_mosaic_virus_5.jpg,2019,6840,1971,54706,0.3142657016110203
bean_mosaic_virus_google_0016.jpg,28259,2113,996,34168,0.947859191305952
bean_mosaic_virus_google_0023.jpg,9261,918,41,55316,0.9507725476104922
bean_mosaic_virus_google_0025.jpg,4134,616,6876,53910,0.5246192893401015
bean_mosaic_virus_google_0069.jpg,9010,3001,22892,30633,0.41035684193746724
bean_mosaic_virus_google_0098.jpg,23318,1499,1182,39537,0.9456374069793377
bean_mosaic_virus_google_0113.jpg,21878,152,253,43253,0.9908290120241843
bean_mosaic_virus_google_0139.jpg,10493,2605,256,52182,0.8800268377573699
bean_rust_16.jpg,41479,936,486,22635,0.9831476653235364
bean_rust_178.jpg,57750,116,1327,6343,0.9876606551909904
bean_rust_189.jpg,15661,258,1661,47956,0.9422700881441594
bean_rust_19.jpg,14267,3268,11981,36020,0.6517141356234155
bean_rust_3.jpg,39862,222,3887,21565,0.9509858886118832
bean_rust_40.jpg,21113,383,620,43420,0.9767979828355965
bean_rust_42.jpg,41165,3856,411,20104,0.9507257757197132
bean_rust_8.jpg,7555,164,18265,39552,0.4505202898118608
bean_rust_google_0009.jpg,33105,520,1222,30689,0.9743642571226748
bean_rust_google_0018.jpg,37453,1387,103,26593,0.9804963610660244
bean_rust_google_0026.jpg,42893,0,16383,6260,0.8396480341395139
bean_rust_google_0031.jpg,15131,9570,869,39966,0.7435198152379549
bean_rust_google_0042.jpg,32175,108,21526,11727,0.7483950502419054
bean_rust_google_0045.jpg,24921,8955,79,31581,0.8465588694884163
bean_rust_google_0051.jpg,35114,494,2576,27352,0.9581161832519305
bean_rust_google_0052.jpg,13067,19321,9,33139,0.5748284356853774
bean_rust_google_0063.jpg,47604,3036,169,14727,0.9674331643177223
bean_rust_google_0068.jpg,47144,73,11081,7238,0.8942167257828949
bean_rust_google_0072.jpg,21378,53,5070,39035,0.8930011069571211
bean_rust_google_0096.jpg,3126,3964,3700,54746,0.44926703075596436
bean_rust_google_0102.jpg,6568,0,51939,7029,0.20185939300806763
bean_rust_google_0103.jpg,19474,15364,946,29752,0.7048391183177096
bean_rust_google_0130.jpg,19714,6803,272,38747,0.8478592778960498
bell_pepper_bacterial_spot_Bing_0002.jpg,2573,1087,382,61494,0.7779289493575208
bell_pepper_bacterial_spot_Bing_0003.jpg,7280,1643,668,55945,0.8630193823721178
bell_pepper_bacterial_spot_Bing_0005.jpg,1174,1375,286,62701,0.5856822150162135
bell_pepper_bacterial_spot_Bing_0008.jpg,4325,12975,33,48203,0.3993905254409456
bell_pepper_bacterial_spot_Bing_0019.jpg,1725,745,2312,60754,0.5301982480405717
bell_pepper_bacterial_spot_Bing_0022.jpg,3616,9651,37,52232,0.42742316784869977
bell_pepper_bacterial_spot_Bing_0028.jpg,2781,6629,516,55610,0.43771149759974814
bell_pepper_bacterial_spot_Bing_0036.jpg,1467,19391,0,44678,0.13142217245240762
bell_pepper_bacterial_spot_Bing_0054.jpg,448,420,206,64462,0.5886990801576872
bell_pepper_bacterial_spot_Bing_0055.jpg,380,68,200,64888,0.7392996108949417
bell_pepper_bacterial_spot_Bing_0079.jpg,4613,8242,33,52648,0.5271698760070853
bell_pepper_bacterial_spot_Bing_0105.jpg,5046,8864,380,51246,0.5219280099296649
bell_pepper_bacterial_spot_Bing_0111.jpg,132,77,5,65322,0.7630057803468208
bell_pepper_bacterial_spot_Bing_0119.jpg,331,3561,1449,60195,0.11671368124118477
bell_pepper_bacterial_spot_Bing_0164.jpg,1001,570,325,63640,0.6910597169485675
bell_pepper_blossom_end_rot_Bing_0002.jpg,3477,418,175,61466,0.9214257320789718
bell_pepper_blossom_end_rot_Bing_0004.jpg,16669,553,1735,46579,0.9357772413405939
bell_pepper_blossom_end_rot_Bing_0008.jpg,3073,407,55,62001,0.9300847457627118
bell_pepper_blossom_end_rot_Bing_0019.jpg,2580,212,15,62729,0.9578615184703917
bell_pepper_blossom_end_rot_Bing_0023.jpg,2338,1402,307,61489,0.7323414252153485
bell_pepper_blossom_end_rot_Bing_0039.jpg,5389,365,1096,58686,0.8806275022469156
bell_pepper_blossom_end_rot_Bing_0046.jpg,16266,901,163,48206,0.9683295630432194
bell_pepper_blossom_end_rot_Bing_0051.jpg,1687,2359,68,61422,0.581623857955525
bell_pepper_blossom_end_rot_Bing_0053.jpg,7173,263,70,58030,0.9773145309625997
bell_pepper_blossom_end_rot_Bing_0064.jpg,11393,768,63,53312,0.9648134818139475
bell_pepper_blossom_end_rot_Bing_0074.jpg,17395,137,1806,46198,0.9471047831650015
bell_pepper_blossom_end_rot_Bing_0077.jpg,6028,4524,5758,49226,0.5397081206911989
bell_pepper_blossom_end_rot_Bing_0083.jpg,2642,972,45,61877,0.8385970480876052
bell_pepper_blossom_end_rot_Bing_0112.jpg,2565,137,63,62771,0.9624765478424016
bell_pepper_blossom_end_rot_Bing_0195.jpg,1266,5305,635,58330,0.2988668555240793
bell_pepper_blossom_end_rot_Bing_0198.jpg,5084,1744,134,58574,0.8440976257678897
bell_pepper_blossom_end_rot_Bing_0229.jpg,2900,326,2509,59801,0.671685002895194
bell_pepper_blossom_end_rot_Google_0044.jpg,2868,1189,55,61424,0.8217765042979943
bell_pepper_blossom_end_rot_Google_0058.jpg,11945,1604,899,51088,0.9051642480960861
bell_pepper_blossom_end_rot_Google_0089.jpg,1272,3465,17,60782,0.42217059409226687
bell_pepper_blossom_end_rot_Google_0247.jpg,1352,189,1098,62897,0.6775244299674267
bell_pepper_blossom_end_rot_Google_0352.jpg,17536,209,1882,45909,0.9437343594435326
bell_pepper_frogeye_leaf_spot_Bing_0002.jpg,260,407,714,64155,0.3168799512492383
bell_pepper_frogeye_leaf_spot_Bing_0008.jpg,4312,42471,15,18738,0.16873410291528076
bell_pepper_frogeye_leaf_spot_Bing_0085.jpg,485,127,214,64710,0.7398932112890922
bell_pepper_frogeye_leaf_spot_Bing_0112.jpg,611,10772,7,54146,0.10182484792933923
bell_pepper_frogeye_leaf_spot_Google_0019.jpg,2919,1099,1234,60284,0.7144780320646188
bell_pepper_frogeye_leaf_spot_Google_0049.jpg,1253,282,229,63772,0.8306264501160093
bell_pepper_powdery_mildew_Bing_0001.jpg,7371,193,182,57790,0.9751934907719786
bell_pepper_powdery_mildew_Bing_0010.jpg,1423,5215,4,58894,0.35288282703037815
bell_pepper_powdery_mildew_Bing_0035.jpg,6762,12967,167,45640,0.5073148773351339
bell_pepper_powdery_mildew_Bing_0079.jpg,22330,3383,199,39624,0.9257493470419966
bell_pepper_powdery_mildew_Google_0012.jpg,7420,98,21431,36587,0.4080398141274162
bell_pepper_powdery_mildew_Google_0118.jpg,14809,24580,236,25911,0.5441084616232502
blueberry_anthracnose_Bing_0004.jpg,4329,11094,18,50095,0.43793626707132016
blueberry_anthracnose_Bing_0005.jpg,21117,13412,389,30618,0.7537075042384224
blueberry_anthracnose_Bing_0006.jpg,5392,6309,82,53753,0.6278893740902475
blueberry_anthracnose_Bing_0011.jpg,10222,4821,664,49829,0.7884607967912376
blueberry_anthracnose_Bing_0067.jpg,31037,192,935,33372,0.982168003670828
blueberry_anthracnose_Bing_0128.jpg,931,4464,407,59734,0.2765483439774246
blueberry_anthracnose_Bing_0141.jpg,22026,55,1649,41806,0.962758982428534
blueberry_anthracnose_Bing_0145.jpg,31633,6082,4510,23311,0.8565896720734382
blueberry_botrytis_blight_Bing_0015.jpg,1964,658,176,62738,0.8248635027299454
blueberry_botrytis_blight_Bing_0021.jpg,1602,1443,448,62043,0.6288518155053975
blueberry_botrytis_blight_Bing_0033.jpg,2532,5672,634,56698,0.44538258575197887
blueberry_botrytis_blight_Bing_0058.jpg,741,7835,234,56726,0.15516699822008168
blueberry_botrytis_blight_Bing_0158.jpg,488,3536,26,61486,0.2150727192595857
blueberry_botrytis_blight_Google_0224.jpg,1531,890,265,62850,0.7261086080151766
blueberry_botrytis_blight_Google_0237.jpg,509,343,477,64207,0.5538628944504896
blueberry_mummy_berry_Bing_0006.jpg,3135,386,21928,40087,0.2193534844668346
blueberry_mummy_berry_Bing_0024.jpg,4498,993,542,59503,0.8542398632608489
blueberry_mummy_berry_Bing_0041.jpg,4395,15671,185,45285,0.3566501663555952
blueberry_mummy_berry_Bing_0174.jpg,14568,315,196,50457,0.9827638546901879
blueberry_mummy_berry_Bing_0210.jpg,1477,2174,14,61871,0.574484636328277
blueberry_mummy_berry_Bing_0253.jpg,9050,1105,579,54802,0.9148807116862111
blueberry_mummy_berry_Google_0038.jpg,29515,178,1768,34075,0.9680858042508528
blueberry_mummy_berry_Google_0051.jpg,4908,6743,158,53727,0.5871866961775438
blueberry_mummy_berry_Google_0068.jpg,32196,9054,10223,14063,0.7696040349472325
blueberry_rust_6.jpg,1247,3408,489,60392,0.39023626975434206
blueberry_rust_google_0004.jpg,12605,7830,583,44518,0.7497843737917497
blueberry_rust_google_0016.jpg,6412,654,1211,57259,0.8730342433113214
blueberry_rust_google_0024.jpg,5648,322,2590,56976,0.795045045045045
blueberry_rust_google_0029.jpg,9475,10329,5234,40498,0.549068466954481
blueberry_rust_google_0031.jpg,1845,1640,3620,58431,0.4122905027932961
blueberry_rust_google_0044.jpg,6868,1926,989,55753,0.8249354393129542
blueberry_rust_google_0053.jpg,2870,78,5748,56840,0.49628220646723153
blueberry_rust_google_0075.jpg,3243,1108,1226,59959,0.7353741496598639
blueberry_scorch_Bing_0011.jpg,12190,1092,135,52119,0.9520834146912953
blueberry_scorch_Bing_0031.jpg,4410,433,3015,57678,0.7189435930877078
blueberry_scorch_Bing_0039.jpg,829,352,1284,63071,0.5033394049787493
blueberry_scorch_Bing_0040.jpg,4906,2629,297,57704,0.770293609671848
blueberry_scorch_Bing_0050.jpg,5766,1202,2251,56317,0.7695695695695696
blueberry_scorch_Bing_0062.jpg,7849,4237,2016,51434,0.715138262493736
blueberry_scorch_Bing_0213.jpg,5342,900,1332,57962,0.8271910808299783
blueberry_scorch_Bing_0221.jpg,13,2034,2403,61086,0.005825677795205019
blueberry_scorch_Google_0108.jpg,2,478,4496,60560,0.0008035355564483728
broccoli_alternaria_leaf_spot_Bing_0000.jpg,2869,2418,699,59550,0.6479954827780915
broccoli_alternaria_leaf_spot_Bing_0019.jpg,835,103,11090,53508,0.12982974422762963
broccoli_alternaria_leaf_spot_Bing_0021.jpg,0,11539,0,53997,0.0
broccoli_alternaria_leaf_spot_Bing_0023.jpg,0,7947,0,57589,0.0
broccoli_alternaria_leaf_spot_Bing_0045.jpg,0,11322,0,54214,0.0
broccoli_alternaria_leaf_spot_Bing_0048.jpg,7544,1143,23,56826,0.9282638119847422
broccoli_alternaria_leaf_spot_Bing_0054.jpg,0,37331,0,28205,0.0
broccoli_alternaria_leaf_spot_Bing_0059.jpg,1166,524,136,63710,0.7794117647058824
broccoli_alternaria_leaf_spot_Bing_0060.jpg,9343,3759,131,52303,0.8276931254429483
broccoli_alternaria_leaf_spot_Bing_0119.jpg,558,1488,0,63490,0.42857142857142855
broccoli_alternaria_leaf_spot_Google_0005.jpg,7774,19489,66,38207,0.4429251061162864
broccoli_alternaria_leaf_spot_Google_0052.jpg,1971,4216,144,59205,0.4748253432907733
broccoli_alternaria_leaf_spot_Google_0057.jpg,10862,19535,293,34846,0.5228147862918753
broccoli_downy_mildew_30.jpg,39401,9137,1835,15163,0.8777819858756433
broccoli_downy_mildew_40.jpg,26756,4287,923,33570,0.9112768638670345
broccoli_downy_mildew_9.jpg,1449,2929,1514,59644,0.39476910502656315
broccoli_downy_mildew_google_0048.jpg,3819,10852,149,50716,0.40978593272171254
broccoli_downy_mildew_google_0222.jpg,17917,3811,8995,34813,0.73671875
broccoli_downy_mildew_google_0256.jpg,19316,4910,2650,38660,0.8363352961551784
broccoli_ring_spot_Bing_0002.jpg,3570,1717,836,59413,0.7366140513772825
broccoli_ring_spot_Bing_0018.jpg,8789,3466,84,53197,0.8319765240439227
broccoli_ring_spot_Bing_0047.jpg,7214,1473,0,56849,0.9073643167096409
cabbage_alternaria_leaf_spot_16.jpg,21390,781,29022,14343,0.5893942107656063
cabbage_alternaria_leaf_spot_29.jpg,12645,4965,8239,39687,0.6569855042344261
cabbage_alternaria_leaf_spot_3.jpg,11537,3064,16257,34678,0.5442622950819672
cabbage_alternaria_leaf_spot_48.jpg,8483,3849,233,52971,0.806062333713417
cabbage_alternaria_leaf_spot_6.jpg,14218,133,24248,26937,0.5383872616771115
cabbage_alternaria_leaf_spot_google_0020.jpg,8592,276,3985,52683,0.8013056656563301
cabbage_alternaria_leaf_spot_google_0021.jpg,24670,3389,4255,33222,0.8658570826898778
cabbage_alternaria_leaf_spot_google_0026.jpg,15261,2731,2716,44828,0.8485640412577498
cabbage_alternaria_leaf_spot_google_0057.jpg,7785,992,521,56238,0.9114324181935257
cabbage_alternaria_leaf_spot_google_0128.jpg,24871,933,19127,20605,0.7126156843643449
cabbage_alternaria_leaf_spot_google_0148.jpg,7239,1721,702,55874,0.8566357020294657
cabbage_alternaria_leaf_spot_google_0206.jpg,772,309,938,63517,0.5532067359369401
cabbage_alternaria_leaf_spot_google_0341.jpg,6709,1641,283,56903,0.874592621561726
cabbage_black_rot_Bing_0002.jpg,4080,2864,752,57840,0.6929347826086957
cabbage_black_rot_Bing_0006.jpg,2781,14361,1743,46651,0.2567155912489615
cabbage_black_rot_Bing_0007.jpg,1552,658,536,62790,0.7221963704048394
cabbage_black_rot_Bing_0015.jpg,12102,890,630,51914,0.940911211320168
cabbage_black_rot_Bing_0018.jpg,2227,693,4123,58493,0.4804746494066882
cabbage_black_rot_Bing_0019.jpg,2096,1495,379,61566,0.6910649521925486
cabbage_black_rot_Bing_0039.jpg,19498,2834,6983,36221,0.7988855427857333
cabbage_black_rot_Bing_0052.jpg,1244,856,207,63229,0.7006477048718671
cabbage_black_rot_Bing_0058.jpg,2182,4293,1787,57274,0.41784756798161626
cabbage_black_rot_Bing_0070.jpg,8137,5271,1123,51005,0.7179283571554614
cabbage_black_rot_Bing_0080.jpg,5619,2996,83,56838,0.7849409792554306
cabbage_black_rot_Bing_0097.jpg,7519,621,3443,53953,0.7872474086483091
cabbage_black_rot_Bing_0106.jpg,2256,5262,1141,56877,0.41337608795235914
cabbage_black_rot_Bing_0114.jpg,4563,2588,274,58111,0.7612612612612613
cabbage_black_rot_Bing_0145.jpg,410,7142,440,57544,0.09759581052130445
cabbage_black_rot_Bing_0195.jpg,632,223,113,64568,0.79
cabbage_black_rot_Bing_0210.jpg,755,527,443,63811,0.6088709677419355
cabbage_black_rot_Bing_0217.jpg,1831,708,487,62510,0.7539633518632901
cabbage_black_rot_Bing_0218 - Copy.jpg,6410,861,6354,51911,0.639880209633142
cabbage_black_rot_Google_0101.jpg,10029,1130,750,53627,0.9143039474883763
cabbage_black_rot_Google_0110.jpg,9628,2406,409,53093,0.8724570703638258
cabbage_black_rot_Google_0151.jpg,2207,2926,254,60149,0.5812483539636555
cabbage_black_rot_Google_0208.jpg,3006,880,434,61216,0.8206388206388207
cabbage_black_rot_Google_0262.jpg,3859,582,1138,59957,0.8177579995761814
cabbage_black_rot_Google_0328.jpg,31424,444,9572,24096,0.862538427755819
cabbage_black_rot_Google_0343.jpg,154,1284,491,63607,0.14786365818530964
cabbage_downy_mildew_Bing_0008.jpg,6945,11409,7,47175,0.5488816881372006
cabbage_downy_mildew_Bing_0012.jpg,5523,12725,48,47240,0.4637474285234477
cabbage_downy_mildew_Bing_0026.jpg,5703,2657,1366,55810,0.7392572428543651
cabbage_downy_mildew_Bing_0035.jpg,4428,12971,56,48081,0.4046977105515697
cabbage_downy_mildew_Bing_0039.jpg,2018,1029,425,62064,0.7351548269581056
cabbage_downy_mildew_Bing_0043.jpg,2955,13191,626,48764,0.29958939524509554
cabbage_downy_mildew_Bing_0046.jpg,15758,20013,1911,27854,0.5897455089820359
cabbage_downy_mildew_Bing_0053.jpg,1507,825,3346,59858,0.4194850382741823
cabbage_downy_mildew_Bing_0055.jpg,7768,7428,1477,48863,0.6356532056789821
cabbage_downy_mildew_Bing_0065.jpg,2228,1013,504,61791,0.746023773648083
cabbage_downy_mildew_Bing_0081.jpg,3144,1358,240,60794,0.7973624144052752
cabbage_downy_mildew_Bing_0124.jpg,5086,1235,65,59150,0.8866806136680614
cabbage_downy_mildew_Bing_0133.jpg,3584,435,239,61278,0.9140525376179546
cabbage_downy_mildew_Bing_0159.jpg,18911,251,1623,44751,0.9527912132204757
cabbage_downy_mildew_Bing_0163.jpg,57702,56,1917,5861,0.9831909147447967
cabbage_downy_mildew_Bing_0190.jpg,4832,648,15,60041,0.9357993608986153
cabbage_downy_mildew_Google_0295.jpg,13252,6903,6631,38750,0.6619711274289425
carrot_alternaria_leaf_blight_Bing_0014.jpg,10880,7947,3269,43440,0.6598738476467734
carrot_alternaria_leaf_blight_Bing_0019.jpg,7554,3653,3962,50367,0.6648769968754126
carrot_alternaria_leaf_blight_Bing_0046.jpg,10541,12983,566,41446,0.6087609367329849
carrot_alternaria_leaf_blight_Bing_0063.jpg,1282,2500,22707,39047,0.09232652767275215
carrot_alternaria_leaf_blight_Bing_0071.jpg,849,687,4931,59069,0.23209404045926735
carrot_alternaria_leaf_blight_Bing_0073.jpg,15928,468,5961,43179,0.8320752252840538
carrot_alternaria_leaf_blight_Bing_0075.jpg,6738,165,4717,53916,0.7340668918182809
carrot_alternaria_leaf_blight_Bing_0091.jpg,13642,41382,2078,8434,0.3856722831618229
carrot_alternaria_leaf_blight_Bing_0110.jpg,19614,16124,1166,28632,0.6940797621996532
carrot_alternaria_leaf_blight_Bing_0161.jpg,10488,1381,6142,47525,0.7360258254675602
carrot_alternaria_leaf_blight_Bing_0184.jpg,5610,2482,2626,54818,0.6871631553160216
carrot_alternaria_leaf_blight_Google_0060.jpg,1556,20874,552,42554,0.126823702013204
carrot_cavity_spot_1.jpg,10228,1942,1823,51543,0.8445563766979067
carrot_cavity_spot_google_0000.jpg,4772,2299,2109,56356,0.6840596330275229
carrot_cavity_spot_google_0003.jpg,1877,1516,308,61835,0.6730010756543564
carrot_cavity_spot_google_0008.jpg,25780,1235,7376,31145,0.856891193432052
carrot_cavity_spot_google_0022.jpg,1813,443,4537,58743,0.42133395305600746
carrot_cavity_spot_google_0033.jpg,6459,1370,2393,55314,0.7744140039565973
carrot_cavity_spot_google_0108.jpg,271,187,368,64710,0.49407474931631723
carrot_cavity_spot_google_0137.jpg,6626,7938,1260,49712,0.5902895322939866
carrot_cavity_spot_google_0140.jpg,212,3,3862,61459,0.09885754255071112
carrot_cavity_spot_google_0152.jpg,12,361,873,64290,0.019077901430842606
carrot_cavity_spot_google_0161.jpg,9971,1646,15653,38266,0.5354850836443704
carrot_cavity_spot_google_0177.jpg,866,1274,261,63135,0.5301499846954393
carrot_cavity_spot_google_0180.jpg,1652,2433,463,60988,0.5329032258064517
carrot_cavity_spot_google_0193.jpg,407,33,2363,62733,0.25358255451713396
carrot_cercospora_leaf_blight_Bing_0001.jpg,135,1130,1061,63210,0.10971149939049167
carrot_cercospora_leaf_blight_Bing_0009.jpg,6713,6232,2610,49981,0.6029279683851266
carrot_cercospora_leaf_blight_Bing_0055.jpg,5769,8989,813,49965,0.5406747891283974
carrot_cercospora_leaf_blight_Bing_0212.jpg,328,55,500,64653,0.541701073492981
cauliflower_alternaria_leaf_spot_148.jpg,1862,384,80,63210,0.889207258834766
cauliflower_alternaria_leaf_spot_154.jpg,7977,2290,2203,53066,0.780261163006798
cauliflower_alternaria_leaf_spot_google_0002.jpg,2954,1887,287,60408,0.7310071764414748
cauliflower_alternaria_leaf_spot_google_0003.jpg,28673,5928,646,30289,0.8971526908635795
cauliflower_alternaria_leaf_spot_google_0024.jpg,4760,1094,2867,56815,0.7061790668348046
cauliflower_alternaria_leaf_spot_google_0028.jpg,24988,11457,92,28999,0.8122876879317351
cauliflower_alternaria_leaf_spot_google_0037.jpg,17288,7310,563,40375,0.8145303776296261
cauliflower_alternaria_leaf_spot_google_0042.jpg,5942,798,579,58217,0.896161677098258
cauliflower_alternaria_leaf_spot_google_0045.jpg,4773,32836,0,27927,0.22523712896984568
cauliflower_alternaria_leaf_spot_google_0061.jpg,17772,3025,11669,33070,0.7075122417293682
cauliflower_alternaria_leaf_spot_google_0203.jpg,4264,1204,4742,55326,0.5891944175763438
cauliflower_bacterial_soft_rot_Bing_0009.jpg,13091,113,29280,23052,0.4711111111111111
cauliflower_bacterial_soft_rot_Bing_0021.jpg,16748,80,6153,42555,0.8431120843716177
cauliflower_bacterial_soft_rot_Bing_0034.jpg,10673,10580,269,44014,0.6630222084174561
cauliflower_bacterial_soft_rot_Bing_0094.jpg,10804,928,1193,52611,0.9106157023051962
cauliflower_bacterial_soft_rot_Bing_0124.jpg,2514,2997,1055,58970,0.5537444933920704
cauliflower_bacterial_soft_rot_Bing_0132.jpg,9208,10693,227,45408,0.6277611126261249
cauliflower_bacterial_soft_rot_Bing_0205.jpg,1686,3517,54,60279,0.4856690191559844
celery_anthracnose_google_0003.jpg,174,2612,132,62618,0.11254851228978008
celery_anthracnose_google_0005.jpg,2,2423,44,63067,0.0016187778227438284
celery_anthracnose_google_0007.jpg,1812,4866,1584,57274,0.35973793924955333
celery_anthracnose_google_0035.jpg,885,4361,0,60290,0.28869678682107325
celery_anthracnose_google_0087.jpg,4156,169,2547,58664,0.7537178092129125
celery_anthracnose_google_0090.jpg,0,0,1723,63813,0.0
celery_early_blight_2.jpg,6786,1016,119,57615,0.9228258652342421
celery_early_blight_52.jpg,589,19541,157,45249,0.056428434566008816
celery_early_blight_58.jpg,8334,1425,875,54902,0.8787431463517503
celery_early_blight_9.jpg,3582,4598,367,56989,0.5906505070492208
celery_early_blight_google_0001.jpg,4328,4579,3368,53261,0.5213515629705475
celery_early_blight_google_0009.jpg,1233,507,316,63480,0.7497719671632715
celery_early_blight_google_0163.jpg,5723,13596,585,45632,0.44663831115620245
cherry_leaf_spot_12.jpg,1582,12548,193,51213,0.19893115372524364
cherry_leaf_spot_15.jpg,15448,9853,77,40158,0.7567726448831626
cherry_leaf_spot_32.jpg,1739,5346,106,58345,0.3894736842105263
cherry_leaf_spot_34.jpg,3989,4524,52,56971,0.6354946630555998
cherry_leaf_spot_35.jpg,390,154,91,64901,0.7609756097560976
cherry_leaf_spot_63.jpg,3268,2499,89,59680,0.716352476983779
cherry_leaf_spot_70.jpg,13300,3861,436,47939,0.8609250089005405
cherry_leaf_spot_google_0024.jpg,374,491,186,64485,0.5249122807017544
cherry_leaf_spot_google_0042.jpg,212,1395,21,63908,0.23043478260869565
cherry_leaf_spot_google_0053.jpg,14174,7366,519,43477,0.7823807026743577
cherry_leaf_spot_google_0054.jpg,2557,844,73,62062,0.8479522467252528
cherry_leaf_spot_google_0064.jpg,78,4005,73,61380,0.03684459140292867
cherry_leaf_spot_google_0065.jpg,4164,2348,1301,57723,0.6953327210486766
cherry_leaf_spot_google_0079.jpg,1705,2365,997,60469,0.5035440047253397
cherry_leaf_spot_google_0088.jpg,34500,3080,138,27818,0.9554404719045113
cherry_leaf_spot_google_0154.jpg,2265,2028,47,61196,0.6858440575321726
cherry_leaf_spot_google_0180.jpg,1504,2929,1979,59124,0.3799898938858009
cherry_leaf_spot_google_0216.jpg,1240,3617,14,60665,0.4058255604647357
cherry_leaf_spot_google_0227.jpg,26503,1338,135,37560,0.9729620587749408
cherry_leaf_spot_google_0260.jpg,1408,1827,213,62088,0.5799011532125206
cherry_leaf_spot_google_0345.jpg,6064,10448,952,48072,0.5154709282556953
cherry_powdery_mildew_107.jpg,1859,1192,5355,57130,0.36220165611300537
cherry_powdery_mildew_2.jpg,9379,1262,725,54170,0.9042178838274283
cherry_powdery_mildew_60.jpg,4921,13643,2073,44899,0.38508490492213787
cherry_powdery_mildew_65.jpg,7650,8474,9410,40002,0.4610655737704918
cherry_powdery_mildew_67.jpg,16304,5155,1453,42624,0.8314973480212158
cherry_powdery_mildew_76.jpg,3036,3255,6752,52493,0.3776354250886249
cherry_powdery_mildew_google_0062.jpg,24113,244,3099,38080,0.9351742325815897
citrus_canker_101.jpg,5579,1582,2111,56264,0.7513298767759747
citrus_canker_103.jpg,291,36,106,65103,0.8038674033149171
citrus_canker_105.jpg,9624,855,4731,50326,0.7750664411693646
citrus_canker_107.jpg,1725,245,1530,62036,0.6602870813397129
citrus_canker_11.jpg,2544,1061,0,61931,0.8274516181492926
citrus_canker_125.jpg,6774,135,1102,57525,0.916334122421373
citrus_canker_13.jpg,3087,61,216,62172,0.9570609207874748
citrus_canker_130.jpg,923,3843,327,60443,0.3068484042553192
citrus_canker_147.jpg,3306,107,1428,60695,0.8115870872713883
citrus_canker_149.jpg,11703,740,1799,51294,0.9021391404894971
citrus_canker_156.jpg,6062,3388,448,55638,0.7596491228070176
citrus_canker_159.jpg,5995,11,3022,56508,0.7981095653331558
citrus_canker_162.jpg,2535,951,592,61458,0.7666717072433087
citrus_canker_163.jpg,2537,488,3212,59299,0.5782995213129701
citrus_canker_174.jpg,1642,354,2067,61473,0.5756354075372481
citrus_canker_184.jpg,1016,101,1450,62969,0.5671225230253977
citrus_canker_196.jpg,362,448,107,64619,0.5660672400312744
citrus_canker_197.jpg,375,549,96,64516,0.5376344086021505
citrus_canker_21.jpg,3309,38,778,61411,0.8902340597255851
citrus_canker_22.jpg,3202,165,8076,54093,0.43728234892454765
citrus_canker_224.jpg,5057,1846,303,58330,0.8247574003098752
citrus_canker_23.jpg,4286,376,1167,59707,0.8474542758279783
citrus_canker_247.jpg,698,342,578,63918,0.6027633851468048
citrus_canker_251.jpg,2579,1240,1277,60440,0.6720521172638436
citrus_canker_255.jpg,8603,1988,1372,53573,0.8366235534377128
citrus_canker_256.jpg,4271,1273,536,59456,0.8252342768814608
citrus_canker_26.jpg,3601,2342,988,58605,0.6838207368021268
citrus_canker_264.jpg,16311,524,3290,45411,0.8953233066198265
citrus_canker_27.jpg,1565,1563,120,62288,0.650322044462913
citrus_canker_273.jpg,24455,347,3782,36952,0.9221516242764758
citrus_canker_276.jpg,10260,5599,1005,48672,0.7565255861967262
citrus_canker_281.jpg,5585,2028,338,57585,0.8252068557919622
citrus_canker_282.jpg,3064,15,4871,57586,0.5563827855456691
citrus_canker_285.jpg,699,277,674,63886,0.5951468710089399
citrus_canker_298.jpg,7071,3339,1993,53133,0.7261990346102496
citrus_canker_314.jpg,525,234,773,64004,0.5104521147301896
citrus_canker_321.jpg,4053,137,1642,59704,0.820030349013657
citrus_canker_340.jpg,9146,1285,2419,52686,0.8316057464993635
citrus_canker_352.jpg,6988,148,4621,53779,0.745585489463857
citrus_canker_354.jpg,5257,1819,3820,54640,0.6509007614684579
citrus_canker_36.jpg,4514,3006,910,57106,0.6974660074165636
citrus_canker_363.jpg,1666,2346,35,61489,0.5832312270260809
citrus_canker_370.jpg,9031,2638,6963,46904,0.6529299063731338
citrus_canker_388.jpg,807,63,515,64151,0.7363138686131386
citrus_canker_394.jpg,1562,346,317,63311,0.8249273831528915
citrus_canker_4.jpg,8974,345,19485,36732,0.4750913229922177
citrus_canker_40.jpg,10378,151,3292,51715,0.8577213934460102
citrus_canker_48.jpg,18519,4851,653,41513,0.8706219735790512
citrus_canker_5.jpg,629,2421,865,61621,0.27684859154929575
citrus_canker_50.jpg,2430,3216,32,59858,0.5994079921065614
citrus_canker_60.jpg,1925,792,186,62633,0.7974316487158244
citrus_canker_62.jpg,5460,1238,592,58246,0.8564705882352941
citrus_canker_64.jpg,1396,2467,900,60773,0.4533203442117227
citrus_canker_66.jpg,3768,3181,1150,57437,0.6350383416196175
citrus_canker_76.jpg,16515,720,2183,46118,0.919210753346506
citrus_canker_89.jpg,1503,700,444,62889,0.7243373493975903
citrus_canker_90.jpg,732,1093,130,63581,0.5448455526609601
citrus_canker_96.jpg,0,1659,0,63877,0.0
citrus_canker_google_0009.jpg,1651,36,1174,62675,0.7318262411347518
citrus_canker_google_0020.jpg,3065,94,1278,61099,0.8171154358837643
citrus_canker_google_0027.jpg,3029,1870,1293,59344,0.6569786357228067
citrus_canker_google_0028.jpg,2022,4323,333,58858,0.46482758620689657
citrus_canker_google_0029.jpg,3653,743,1758,59382,0.7449780768838584
citrus_canker_google_0045.jpg,988,303,89,64156,0.8344594594594594
citrus_canker_google_0051.jpg,1614,688,4477,58757,0.3846062194686048
citrus_canker_google_0058.jpg,3159,1429,176,60772,0.7974252177205604
citrus_canker_google_0071.jpg,3604,1299,420,60213,0.8074381091072028
citrus_canker_google_0078.jpg,3066,3213,626,58631,0.6149834520108314
citrus_canker_google_0085.jpg,1912,525,186,62913,0.8432194046306505
citrus_canker_google_0093.jpg,5624,2222,113,57577,0.8280939409556063
citrus_canker_google_0108.jpg,838,940,58,63700,0.6267763649962603
citrus_canker_google_0117.jpg,2501,1426,111,61498,0.764948768924912
citrus_canker_google_0139.jpg,203,1600,1765,61968,0.10766374966852293
citrus_canker_google_0175.jpg,543,370,170,64453,0.6678966789667896
citrus_canker_google_0199.jpg,1779,212,2237,61308,0.5923089728649908
citrus_canker_google_0206.jpg,854,33,181,64468,0.8886576482830385
citrus_canker_google_0265.jpg,3412,1149,1607,59368,0.7123173277661795
citrus_canker_google_0277.jpg,2686,4281,964,57605,0.5059809739097674
citrus_greening_disease_24.jpg,3537,754,2738,58507,0.6695059625212947
citrus_greening_disease_29.jpg,7475,578,3930,53553,0.7683215130023641
citrus_greening_disease_48.jpg,4315,3878,1643,55700,0.6098508939297577
citrus_greening_disease_60.jpg,3198,23,6043,56272,0.5132402503610978
citrus_greening_disease_85.jpg,0,394,579,64563,0.0
citrus_greening_disease_93.jpg,131,12,3092,62301,0.0778371954842543
citrus_greening_disease_google_0002.jpg,2653,121,2599,60163,0.6611014203837529
citrus_greening_disease_google_0009.jpg,6625,6369,4863,47679,0.5412139531084061
citrus_greening_disease_google_0022.jpg,7593,8282,919,48742,0.6227088202730964
citrus_greening_disease_google_0064.jpg,5957,6175,6836,46568,0.47799398194583753
citrus_greening_disease_google_0066.jpg,908,615,745,63268,0.5717884130982368
citrus_greening_disease_google_0071.jpg,10186,4545,7120,43685,0.6358897524737023
citrus_greening_disease_google_0078.jpg,1050,11111,1483,51892,0.14291547570436913
citrus_greening_disease_google_0079.jpg,1696,6039,1936,55865,0.29840767132928653
citrus_greening_disease_google_0081.jpg,2020,792,8696,54028,0.29863985807214666
citrus_greening_disease_google_0086.jpg,9,68,787,64672,0.020618556701030927
citrus_greening_disease_google_0110.jpg,0,0,2757,62779,0.0
citrus_greening_disease_google_0120.jpg,1141,62,135,64198,0.9205324727712787
citrus_greening_disease_google_0126.jpg,637,3526,3554,57819,0.15250179554704332
citrus_greening_disease_google_0156.jpg,3993,610,7187,53746,0.5059874548564912
citrus_greening_disease_google_0172.jpg,6003,3380,1752,54401,0.7005484887384759
citrus_greening_disease_google_0182.jpg,4772,9902,1367,49495,0.45855955412482585
citrus_greening_disease_google_0183.jpg,287,1927,5877,57445,0.06851277154452136
citrus_greening_disease_google_0186.jpg,355,24448,119,40614,0.02808877635795387
citrus_greening_disease_google_0221.jpg,1273,3896,2663,57704,0.2796265788028556
citrus_greening_disease_google_0251.jpg,8726,3588,1952,51270,0.7590466249130132
citrus_greening_disease_google_0253.jpg,20740,2297,3057,39442,0.8856813426143401
coffee_berry_blotch_Bing_0001.jpg,3446,2,11561,50527,0.37344892982931455
coffee_berry_blotch_Bing_0002.jpg,1547,138,434,63417,0.8439716312056738
coffee_berry_blotch_Bing_0006.jpg,3809,1099,491,60137,0.8273240660295396
coffee_berry_blotch_Bing_0010.jpg,705,158,2294,62379,0.3650958052822372
coffee_berry_blotch_Bing_0017.jpg,1381,247,343,63565,0.8239856801909308
coffee_berry_blotch_Bing_0018.jpg,324,173,1116,63923,0.3345379452762003
coffee_berry_blotch_Bing_0027.jpg,7799,666,234,56837,0.945447933082798
coffee_berry_blotch_Bing_0037.jpg,2469,639,192,62236,0.8559542381695268
coffee_berry_blotch_Bing_0044.jpg,1101,1512,1004,61919,0.46672318779143707
coffee_berry_blotch_Bing_0049.jpg,3007,1320,1387,59822,0.6895998165348011
coffee_berry_blotch_Bing_0058.jpg,3123,1836,612,59965,0.7184265010351967
coffee_berry_blotch_Bing_0065.jpg,5,309,517,64705,0.011961722488038277
coffee_berry_blotch_Bing_0073.jpg,13,185,1121,64217,0.01951951951951952
coffee_berry_blotch_Bing_0078.jpg,219,6870,200,58247,0.05833777304208844
coffee_berry_blotch_Bing_0099.jpg,239,180,206,64911,0.5532407407407407
coffee_berry_blotch_Bing_0105.jpg,302,228,188,64818,0.592156862745098
coffee_berry_blotch_Bing_0106.jpg,293,9804,104,55335,0.05584143319992377
coffee_berry_blotch_Bing_0114.jpg,1321,285,352,63578,0.8057334553217445
coffee_berry_blotch_Bing_0117.jpg,849,200,133,64354,0.8360413589364845
coffee_berry_blotch_Bing_0120.jpg,1154,1379,2510,60493,0.3724382765854446
coffee_berry_blotch_Bing_0122.jpg,3789,264,1565,59918,0.8055703199744871
coffee_berry_blotch_Bing_0140.jpg,2554,591,162,62229,0.8715236307797304
coffee_berry_blotch_Bing_0170.jpg,353,944,327,63912,0.35710672736469395
coffee_berry_blotch_Google_0099.jpg,0,469,159,64908,0.0
coffee_black_rot_Bing_0001.jpg,5189,1097,1178,58072,0.8202007429068205
coffee_brown_eye_spot_Bing_0006.jpg,13949,4670,3046,43871,0.7833436289099792
coffee_brown_eye_spot_Bing_0036.jpg,3778,1130,484,60144,0.8239912758996728
coffee_brown_eye_spot_Bing_0061.jpg,1441,3396,192,60507,0.4454404945904173
coffee_brown_eye_spot_Google_0003.jpg,744,212,314,64266,0.7388282025819265
coffee_leaf_rust_15.jpg,15484,6410,652,42990,0.8143044964501709
coffee_leaf_rust_171.jpg,5171,1037,1009,58319,0.8348401679044236
coffee_leaf_rust_33.jpg,1842,2359,1123,60212,0.5140943343566844
coffee_leaf_rust_4.jpg,4471,802,750,59513,0.8521059653135125
coffee_leaf_rust_46.jpg,10086,1789,909,52752,0.8820288587669436
coffee_leaf_rust_google_0008.jpg,30678,794,607,33457,0.9776757971222334
coffee_leaf_rust_google_0016.jpg,2387,239,599,62311,0.8506771204561654
coffee_leaf_rust_google_0018.jpg,4096,2392,875,58173,0.7148965878348896
coffee_leaf_rust_google_0019.jpg,18008,2060,1679,43789,0.9059489372405987
coffee_leaf_rust_google_0022.jpg,4462,1156,701,59217,0.8277525275948427
coffee_leaf_rust_google_0033.jpg,2173,3947,1068,58348,0.46426663817968167
coffee_leaf_rust_google_0042.jpg,10139,6127,119,49151,0.764515156085055
coffee_leaf_rust_google_0043.jpg,22582,5322,810,36822,0.8804585152838428
coffee_leaf_rust_google_0045.jpg,7374,7156,1861,49145,0.6205764780138859
coffee_leaf_rust_google_0048.jpg,34508,3318,1539,26171,0.934252027127638
coffee_leaf_rust_google_0077.jpg,20091,160,812,44473,0.9763813967050591
coffee_leaf_rust_google_0086.jpg,5304,8249,172,51811,0.5574649219612171
coffee_leaf_rust_google_0090.jpg,24391,71,5786,35288,0.8928055052252054
coffee_leaf_rust_google_0096.jpg,8863,252,677,55744,0.9502010184937014
coffee_leaf_rust_google_0107.jpg,608,0,961,63967,0.5585668350941663
coffee_leaf_rust_google_0108.jpg,10197,480,13942,40917,0.5857651654411765
coffee_leaf_rust_google_0109.jpg,880,8994,190,55472,0.1608187134502924
coffee_leaf_rust_google_0122.jpg,1821,8,4456,59251,0.44929681717246484
coffee_leaf_rust_google_0125.jpg,62507,2744,217,68,0.9768626684899394
coffee_leaf_rust_google_0130.jpg,6803,2161,657,55915,0.8284218217243059
coffee_leaf_rust_google_0132.jpg,3070,181,2664,59621,0.6833611574846967
coffee_leaf_rust_google_0135.jpg,436,8,2271,62821,0.27673754363694064
coffee_leaf_rust_google_0156.jpg,8641,710,4081,52104,0.7829474924115435
coffee_leaf_rust_google_0184.jpg,2278,1,7642,55615,0.37347323551110745
coffee_leaf_rust_google_0237.jpg,191,715,0,64630,0.3482224247948952
coffee_leaf_rust_google_0246.jpg,3423,246,882,60985,0.8585402558314522
coffee_leaf_rust_google_0281.jpg,42833,3202,413,19088,0.95950986212072
corn_gray_leaf_spot_31.jpg,3795,8988,1151,51602,0.42811213266399684
corn_gray_leaf_spot_35.jpg,5297,1000,4289,54950,0.6670024554555185
corn_gray_leaf_spot_42.jpg,21710,73,14255,29498,0.7518875112558011
corn_gray_leaf_spot_google_0014.jpg,1170,68,1388,62910,0.6164383561643836
corn_gray_leaf_spot_google_0015.jpg,1640,292,1030,62574,0.7127335940895263
corn_gray_leaf_spot_google_0020.jpg,12113,568,13279,39576,0.6363039424263914
corn_gray_leaf_spot_google_0024.jpg,17338,599,2648,44951,0.9143791366716768
corn_gray_leaf_spot_google_0035.jpg,13035,7761,987,43753,0.7487506462174737
corn_gray_leaf_spot_google_0047.jpg,3462,1865,1657,58552,0.6628374497415278
corn_gray_leaf_spot_google_0050.jpg,15752,534,988,48262,0.9539150971961485
corn_gray_leaf_spot_google_0053.jpg,6084,360,395,58697,0.9415770331966262
corn_gray_leaf_spot_google_0061.jpg,10747,11485,158,43146,0.6486404925008299
corn_gray_leaf_spot_google_0066.jpg,2517,1088,594,61337,0.7495533055390113
corn_gray_leaf_spot_google_0074.jpg,1147,24,3602,60763,0.3875
corn_gray_leaf_spot_google_0081.jpg,21271,3,30333,13929,0.5837426932682016
corn_gray_leaf_spot_google_0089.jpg,4741,323,23222,37250,0.2870984346141036
corn_gray_leaf_spot_google_0145.jpg,7386,3124,1252,53774,0.7714643827031544
corn_gray_leaf_spot_google_0168.jpg,54000,95,10258,1183,0.9125243973536793
corn_gray_leaf_spot_google_0172.jpg,50185,211,327,14813,0.9946684108296666
corn_gray_leaf_spot_google_0270.jpg,9135,9060,806,46535,0.6493460335513221
corn_gray_leaf_spot_google_0293.jpg,45142,233,2572,17589,0.9698675461117855
corn_northern_leaf_blight_101.jpg,7377,1604,452,56103,0.8776918500892326
corn_northern_leaf_blight_14.jpg,1564,1750,168,62054,0.6198969480776853
corn_northern_leaf_blight_2.jpg,2060,4315,6152,53009,0.28244327140604647
corn_northern_leaf_blight_28.jpg,5527,4629,267,55113,0.6930407523510972
corn_northern_leaf_blight_30.jpg,11186,4290,5285,44775,0.7002848467774752
corn_northern_leaf_blight_33.jpg,4771,2335,4957,53473,0.566829036473803
corn_northern_leaf_blight_37.jpg,9047,389,11627,44473,0.6009299236134175
corn_northern_leaf_blight_49.jpg,13746,1722,6894,43174,0.7613825191093386
corn_northern_leaf_blight_53.jpg,4815,911,175,59635,0.8986562150055991
corn_northern_leaf_blight_62.jpg,5916,955,299,58366,0.9041723979825768
corn_northern_leaf_blight_69.jpg,1314,3542,5742,54938,0.2206178643384822
corn_northern_leaf_blight_81.jpg,1478,3773,2982,57303,0.3043970754814128
corn_northern_leaf_blight_google_0000.jpg,4779,1872,304,58581,0.8145559911368673
corn_northern_leaf_blight_google_0012.jpg,8805,1350,9553,45828,0.6176130186230842
corn_northern_leaf_blight_google_0018.jpg,2214,500,212,62610,0.8614785992217899
corn_northern_leaf_blight_google_0023.jpg,522,7180,18684,39150,0.03879887022446856
corn_northern_leaf_blight_google_0040.jpg,1035,1605,4,62892,0.5626528948083719
corn_northern_leaf_blight_google_0041.jpg,368,158,483,64527,0.5344952795933188
corn_northern_leaf_blight_google_0042.jpg,6455,1890,1588,55603,0.7877715401513302
corn_northern_leaf_blight_google_0059.jpg,1554,5373,388,58221,0.35043409629044986
corn_northern_leaf_blight_google_0064.jpg,2724,678,29,62105,0.8851340373679935
corn_northern_leaf_blight_google_0069.jpg,7644,2172,52,55668,0.8730013704888077
corn_northern_leaf_blight_google_0088.jpg,2993,26824,14,35705,0.18236656105288812
corn_northern_leaf_blight_google_0099.jpg,314,5209,185,59828,0.10428429093324477
corn_northern_leaf_blight_google_0101.jpg,3696,1542,896,59402,0.7519837232960326
corn_northern_leaf_blight_google_0133.jpg,19872,7467,6097,32100,0.7455541382156524
corn_rust_1.jpg,37947,313,28,27248,0.9955269889158523
corn_rust_10.jpg,19430,627,1685,43794,0.9438453317788789
corn_rust_15.jpg,18215,9971,40,37310,0.7844361663185547
corn_rust_2.jpg,19070,2750,1526,42190,0.8991889852885704
corn_rust_27.jpg,8628,3443,146,53319,0.8278244183257376
corn_rust_32.jpg,448,1425,8592,55071,0.08210391276459268
corn_rust_42.jpg,20239,3847,13,41437,0.9129414948802381
corn_rust_60.jpg,2483,217,1182,61654,0.780204241948154
corn_rust_69.jpg,5896,3036,782,55822,0.755413196668802
corn_rust_74.jpg,7296,3250,462,54528,0.7972027972027972
corn_rust_80.jpg,52895,2191,219,10231,0.9777264325323475
corn_rust_82.jpg,35582,8398,164,21392,0.8926071795900961
corn_rust_google_0000.jpg,40240,765,10721,13810,0.8751060174412283
corn_rust_google_0013.jpg,57249,2386,102,5799,0.9787324979057324
corn_rust_google_0029.jpg,18107,5810,533,41086,0.850952839720845
corn_rust_google_0035.jpg,26960,319,346,37911,0.9878171658880645
corn_rust_google_0037.jpg,34817,568,631,29520,0.9830728615193484
corn_rust_google_0053.jpg,3326,736,3145,58329,0.6315389727523023
corn_rust_google_0056.jpg,15268,15009,0,35259,0.6704577889998902
corn_rust_google_0059.jpg,24061,16426,70,24979,0.7447150948652078
corn_rust_google_0068.jpg,30841,3567,9444,21684,0.8258069698633071
corn_rust_google_0071.jpg,49439,3794,2607,9696,0.9391996504526069
corn_rust_google_0078.jpg,11426,4224,240,49646,0.8365792941865573
corn_rust_google_0080.jpg,30227,15205,194,19910,0.7969889127654806
corn_rust_google_0094.jpg,27113,5500,331,32592,0.9029089032086185
corn_rust_google_0097.jpg,10136,1064,342,53994,0.935141618230464
corn_rust_google_0117.jpg,11789,2181,3697,47869,0.8004481260184683
corn_rust_google_0131.jpg,56896,434,1463,6743,0.9836025897017002
corn_rust_google_0132.jpg,17962,668,754,46152,0.9619236330530713
corn_rust_google_0152.jpg,11387,33,1863,52253,0.9231455208755573
corn_rust_google_0156.jpg,16737,5308,1699,41792,0.8269064499394778
corn_rust_google_0174.jpg,11971,1982,1183,50400,0.8832404913859888
corn_rust_google_0177.jpg,37165,4365,62,23944,0.9437891235064819
corn_rust_google_0196.jpg,28540,4617,4103,28276,0.8674772036474164
corn_rust_google_0211.jpg,43010,7326,1550,13650,0.9064660259652673
corn_smut_13.jpg,17372,2453,167,45544,0.9298790279413339
corn_smut_16.jpg,2784,4927,41,57784,0.5284738041002278
corn_smut_17.jpg,2000,433,66,63037,0.8890864636585908
corn_smut_224.jpg,12670,1672,629,50565,0.9167540971744872
corn_smut_85.jpg,9666,518,874,54478,0.9328314997104806
corn_smut_google_0001.jpg,18432,44,1063,45997,0.9708461720786916
corn_smut_google_0002.jpg,11091,2593,949,50903,0.8623075726947598
corn_smut_google_0011.jpg,8818,363,190,56165,0.9695970091813734
corn_smut_google_0012.jpg,4641,516,395,59984,0.9106249386834102
corn_smut_google_0013.jpg,15055,5686,2296,42499,0.7904546886485351
corn_smut_google_0023.jpg,23696,3046,197,38597,0.9359533919225832
corn_smut_google_0024.jpg,5069,2842,59,57566,0.7775136130071324
corn_smut_google_0025.jpg,23728,2554,1769,37485,0.9165105544718901
corn_smut_google_0034.jpg,18318,9548,1737,35933,0.7645082531666701
corn_smut_google_0046.jpg,12139,8176,13,45208,0.7477746635044815
corn_smut_google_0049.jpg,6554,1325,33,57624,0.9061247062076594
corn_smut_google_0053.jpg,4774,3852,123,56787,0.7060563484433927
corn_smut_google_0059.jpg,4418,992,62,60064,0.8934277047522751
corn_smut_google_0063.jpg,14399,126,2198,48813,0.9253261358524516
corn_smut_google_0079.jpg,13438,554,970,50574,0.9463380281690141
corn_smut_google_0081.jpg,14337,135,678,50386,0.9724285278258216
corn_smut_google_0084.jpg,20336,712,1049,43439,0.9584992812198053
corn_smut_google_0090.jpg,474,449,4855,59758,0.15163147792706333
corn_smut_google_0099.jpg,14010,7950,181,43395,0.7750822937124837
corn_smut_google_0101.jpg,1684,700,5440,57712,0.3542280185107278
corn_smut_google_0115.jpg,5367,2376,358,57435,0.797000297000297
corn_smut_google_0118.jpg,18794,399,1867,44476,0.9431424700155567
corn_smut_google_0120.jpg,19797,1919,12005,31815,0.7398258529840428
corn_smut_google_0124.jpg,9996,199,822,54519,0.951411031266359
corn_smut_google_0132.jpg,2991,119,2246,60180,0.7166646699412963
corn_smut_google_0134.jpg,7825,2550,16416,38745,0.4521030737231338
corn_smut_google_0162.jpg,3297,749,26,61464,0.8948296919527752
corn_smut_google_0169.jpg,12109,4116,187,49124,0.8491287121769924
corn_smut_google_0194.jpg,15469,1524,702,47841,0.9328790254492824
corn_smut_google_0200.jpg,5055,7689,87,52705,0.5652465615565246
corn_smut_google_0225.jpg,14112,13388,95,37941,0.6767209341357566
corn_smut_google_0235.jpg,6137,10831,4098,44470,0.45120023526816894
corn_smut_google_0248.jpg,9979,3690,580,51287,0.823757635793297
corn_smut_google_0298.jpg,25019,143,12133,28241,0.8029977212183458
corn_smut_google_0332.jpg,9817,302,8022,47395,0.7022676872451534
cucumber_angular_leaf_spot_1.jpg,30163,12431,1154,21788,0.8161978595878827
cucumber_angular_leaf_spot_130.jpg,22246,5015,9119,29156,0.758912427932999
cucumber_angular_leaf_spot_14.jpg,6057,10589,660,48230,0.518512177374481
cucumber_angular_leaf_spot_141.jpg,26305,2123,1932,35176,0.928439071737404
cucumber_angular_leaf_spot_154.jpg,54427,3308,543,7258,0.9658311521227985
cucumber_angular_leaf_spot_156.jpg,21091,18364,0,26081,0.6966934231823737
cucumber_angular_leaf_spot_172.jpg,14293,2892,131,48220,0.9043626815147584
cucumber_angular_leaf_spot_175.jpg,8030,4101,2251,51154,0.7165804033553453
cucumber_angular_leaf_spot_20.jpg,5973,38649,392,20522,0.23429501637672348
cucumber_angular_leaf_spot_214.jpg,17967,19628,1401,26540,0.6308305391218861
cucumber_angular_leaf_spot_217.jpg,32805,2744,2051,27936,0.9318940416163625
cucumber_angular_leaf_spot_243.jpg,38611,7242,74,19609,0.9134590361730819
cucumber_angular_leaf_spot_261.jpg,22215,4758,2887,35676,0.8531925108017283
cucumber_angular_leaf_spot_286.jpg,14635,3955,3842,43104,0.7896511722016888
cucumber_angular_leaf_spot_292.jpg,6892,8492,343,49809,0.6093991776824793
cucumber_angular_leaf_spot_311.jpg,21405,7384,2389,34358,0.8141414525607136
cucumber_angular_leaf_spot_328.jpg,8972,5166,23524,27874,0.3847836342582665
cucumber_angular_leaf_spot_33.jpg,9211,3573,1031,51721,0.8000521150004343
cucumber_angular_leaf_spot_4.jpg,10422,437,34053,20624,0.37669425669570245
cucumber_angular_leaf_spot_41.jpg,45239,1436,1677,17184,0.9667382547467172
cucumber_angular_leaf_spot_42.jpg,12506,2165,14995,35870,0.593094944512947
cucumber_angular_leaf_spot_48.jpg,3102,12517,127,49790,0.3291595925297114
cucumber_angular_leaf_spot_6.jpg,58399,111,1262,5764,0.9883812441292703
cucumber_angular_leaf_spot_7.jpg,4846,1220,4166,55304,0.6427908210638016
cucumber_angular_leaf_spot_75.jpg,9298,18560,1231,36447,0.48443483470966736
cucumber_angular_leaf_spot_79.jpg,31316,2132,3908,28180,0.9120456663560111
cucumber_angular_leaf_spot_9.jpg,44473,4704,781,15578,0.9419152608783132
cucumber_angular_leaf_spot_google_0018.jpg,8864,855,16147,39670,0.5104520587388425
cucumber_angular_leaf_spot_google_0020.jpg,9564,6993,630,48349,0.7150386901424246
cucumber_angular_leaf_spot_google_0021.jpg,30772,4456,319,29989,0.9279995174836774
cucumber_angular_leaf_spot_google_0028.jpg,17793,370,32631,14742,0.5188446790208057
cucumber_angular_leaf_spot_google_0043.jpg,18318,1648,6961,38609,0.8097248314730909
cucumber_angular_leaf_spot_google_0083.jpg,8920,1873,2753,51990,0.7940888453663314
cucumber_angular_leaf_spot_google_0085.jpg,1780,6220,1248,56288,0.3228146536089953
cucumber_angular_leaf_spot_google_0097.jpg,8988,1664,443,54441,0.8950853956082259
cucumber_angular_leaf_spot_google_0116.jpg,4252,772,5871,54641,0.5614313065293457
cucumber_bacterial_wilt_109.jpg,13942,930,8376,42288,0.749771443936542
cucumber_bacterial_wilt_12.jpg,16664,414,8051,40407,0.7974541191108558
cucumber_bacterial_wilt_139.jpg,8109,1254,9690,46483,0.5970841616964877
cucumber_bacterial_wilt_14.jpg,7623,6702,9540,41671,0.4841844512195122
cucumber_bacterial_wilt_184.jpg,9119,131,30063,26223,0.3765692104393789
cucumber_bacterial_wilt_313.jpg,1476,4068,99,59893,0.41466498103666244
cucumber_bacterial_wilt_38.jpg,1163,3845,91,60437,0.371446822101565
cucumber_bacterial_wilt_50.jpg,1543,11741,2092,50160,0.1823984869082097
cucumber_bacterial_wilt_58.jpg,5622,1818,14170,43926,0.4128965922444183
cucumber_bacterial_wilt_69.jpg,6875,13148,6969,38544,0.40599994094546316
cucumber_bacterial_wilt_google_0017.jpg,2603,11276,3047,48610,0.2665779097752061
cucumber_bacterial_wilt_google_0020.jpg,10197,89,41013,14237,0.3316313256146741
cucumber_bacterial_wilt_google_0024.jpg,11538,1078,7371,45549,0.7319904837430611
cucumber_bacterial_wilt_google_0027.jpg,808,2671,3053,59004,0.22016348773841962
cucumber_bacterial_wilt_google_0030.jpg,10769,20683,1540,32544,0.4921733964031901
cucumber_bacterial_wilt_google_0043.jpg,4731,1684,12698,46423,0.3968293910417715
cucumber_bacterial_wilt_google_0066.jpg,1414,3390,4036,56696,0.2757948117807685
cucumber_bacterial_wilt_google_0076.jpg,6884,11983,4550,42119,0.4543744430876869
cucumber_bacterial_wilt_google_0099.jpg,918,4127,3126,57365,0.20200242050830675
cucumber_bacterial_wilt_google_0133.jpg,11509,7326,4813,41888,0.6547202548567853
cucumber_bacterial_wilt_google_0143.jpg,1821,6662,2020,55033,0.2955209347614411
cucumber_bacterial_wilt_google_0249.jpg,1150,13243,179,50964,0.14629182037908664
cucumber_powdery_mildew_10.jpg,34800,73,7808,22855,0.8982847407751577
cucumber_powdery_mildew_125.jpg,33140,8462,164,23770,0.8848423357274451
cucumber_powdery_mildew_13.jpg,843,12825,100,51768,0.11539251249058928
cucumber_powdery_mildew_178.jpg,31150,8746,599,25041,0.8695652173913043
cucumber_powdery_mildew_18.jpg,20699,6228,12703,25906,0.6862039815014338
cucumber_powdery_mildew_183.jpg,274,1483,153,63626,0.2509157509157509
cucumber_powdery_mildew_197.jpg,538,1614,196,63188,0.3728343728343728
cucumber_powdery_mildew_198.jpg,12659,6542,817,45518,0.7747957278819965
cucumber_powdery_mildew_22.jpg,335,641,39,64521,0.4962962962962963
cucumber_powdery_mildew_227.jpg,9845,23464,112,32115,0.4550917579623723
cucumber_powdery_mildew_24.jpg,325,15679,14,49518,0.039772379612066325
cucumber_powdery_mildew_26.jpg,16489,2137,909,46001,0.9154452587164112
cucumber_powdery_mildew_28.jpg,91,13032,224,52189,0.013543682095549934
cucumber_powdery_mildew_32.jpg,21210,8008,4376,31942,0.7740310926209766
cucumber_powdery_mildew_35.jpg,19305,8662,537,37032,0.8075885293563974
cucumber_powdery_mildew_38.jpg,2412,3005,629,59490,0.570347599905415
cucumber_powdery_mildew_58.jpg,21525,5334,1468,37209,0.8635561261333548
cucumber_powdery_mildew_59.jpg,20481,4630,24,40401,0.8979743949491407
cucumber_powdery_mildew_64.jpg,22147,1007,2201,40181,0.9324660014315187
cucumber_powdery_mildew_69.jpg,9808,35997,60,19671,0.3523431465881127
cucumber_powdery_mildew_70.jpg,3471,40908,1,21156,0.14507533802846337
cucumber_powdery_mildew_73.jpg,439,10620,188,54289,0.07513263734383023
cucumber_powdery_mildew_77.jpg,15530,14055,477,35474,0.6812598701526583
cucumber_powdery_mildew_google_0000.jpg,31801,2518,3304,27913,0.9161385111776907
cucumber_powdery_mildew_google_0001.jpg,20302,8868,786,35580,0.8079111783198695
cucumber_powdery_mildew_google_0026.jpg,27389,9131,4,29012,0.8570713313410417
cucumber_powdery_mildew_google_0034.jpg,6431,11513,2346,45246,0.4813442610680738
cucumber_powdery_mildew_google_0042.jpg,22594,6261,146,36535,0.8758213005136156
cucumber_powdery_mildew_google_0065.jpg,10623,21489,2600,30824,0.468644535127385
cucumber_powdery_mildew_google_0080.jpg,56202,5111,106,4117,0.9556456755171271
cucumber_powdery_mildew_google_0090.jpg,22873,4874,12035,25754,0.7301252892825792
cucumber_powdery_mildew_google_0104.jpg,29174,821,312,35229,0.9809519006069165
cucumber_powdery_mildew_google_0119.jpg,2769,744,18424,43599,0.22415607544725977
cucumber_powdery_mildew_google_0151.jpg,24789,18606,207,21934,0.7249199456068781
cucumber_powdery_mildew_google_0159.jpg,18737,4428,561,41810,0.8825094788404022
cucumber_powdery_mildew_google_0162.jpg,54528,4394,221,6393,0.9594003747657714
cucumber_powdery_mildew_google_0167.jpg,33373,3015,694,28454,0.9473564686679441
cucumber_powdery_mildew_google_0188.jpg,29363,3397,1760,31016,0.9192742983266283
eggplant_cercospora_leaf_spot_12.jpg,2273,626,1485,61152,0.6828901907766262
eggplant_cercospora_leaf_spot_33.jpg,1357,9743,68,54368,0.216686626746507
eggplant_cercospora_leaf_spot_40.jpg,1154,283,2,64097,0.8900887003470883
eggplant_cercospora_leaf_spot_96.jpg,1079,11602,78,52777,0.1559473912415089
eggplant_cercospora_leaf_spot_google_0007.jpg,4308,9815,171,51242,0.46317600258036773
eggplant_cercospora_leaf_spot_google_0018.jpg,2810,7838,144,54744,0.4131745331568887
eggplant_cercospora_leaf_spot_google_0030.jpg,9089,2033,323,54091,0.8852634654719003
eggplant_cercospora_leaf_spot_google_0031.jpg,20634,7355,254,37293,0.8443235059434908
eggplant_cercospora_leaf_spot_google_0038.jpg,14910,4528,157,45941,0.8642225764381973
eggplant_cercospora_leaf_spot_google_0042.jpg,11935,1497,210,51894,0.9332603510966885
eggplant_cercospora_leaf_spot_google_0045.jpg,6095,14857,121,44463,0.44868963486454655
eggplant_cercospora_leaf_spot_google_0121.jpg,10258,6167,826,48285,0.7457922861608928
eggplant_phomopsis_fruit_rot_Bing_0016.jpg,5072,863,1144,58457,0.8348284091844292
eggplant_phomopsis_fruit_rot_Bing_0022.jpg,9054,792,66,55624,0.9547611515343246
eggplant_phomopsis_fruit_rot_Bing_0037.jpg,3903,852,2511,58270,0.6988987375772227
eggplant_phomopsis_fruit_rot_Bing_0038.jpg,20007,1060,1397,43072,0.9421487603305785
eggplant_phomopsis_fruit_rot_Bing_0048.jpg,10940,90,2274,52232,0.902491338063026
eggplant_phomopsis_fruit_rot_Bing_0094.jpg,19095,1456,465,44520,0.9521079005759019
eggplant_phomopsis_fruit_rot_Bing_0261.jpg,10063,4544,0,50929,0.8158086745034455
eggplant_phomopsis_fruit_rot_Bing_0266.jpg,13351,2083,67,50035,0.9254817690281436
eggplant_phomopsis_fruit_rot_Google_0017.jpg,4874,1453,10030,49179,0.459139936884744
eggplant_phytophthora_blight_Bing_0000.jpg,2026,1869,1928,59713,0.5162441075296216
eggplant_phytophthora_blight_Bing_0002.jpg,4946,5395,808,54387,0.614600807704256
eggplant_phytophthora_blight_Bing_0017.jpg,17855,474,778,46429,0.9661273740598453
eggplant_phytophthora_blight_Bing_0022.jpg,10738,5032,2663,47103,0.7362106201364369
eggplant_phytophthora_blight_Bing_0043.jpg,42154,780,2225,20377,0.9655835900724978
eggplant_phytophthora_blight_Bing_0110.jpg,11736,490,843,52467,0.9462608345091715
eggplant_phytophthora_blight_Google_0028.jpg,11499,4179,483,49375,0.8314533622559653
garlic_leaf_blight_140.jpg,10639,3279,344,51274,0.8545038351873419
garlic_leaf_blight_163.jpg,2800,3251,1287,58198,0.5523771947129611
garlic_leaf_blight_19.jpg,48,186,748,64554,0.09320388349514563
garlic_leaf_blight_3.jpg,259,1968,949,62360,0.1508005822416303
garlic_leaf_blight_35.jpg,14612,4806,8408,37710,0.6886281163108535
garlic_leaf_blight_38.jpg,9450,292,2732,53062,0.8620689655172413
garlic_leaf_blight_46.jpg,325,347,2165,62699,0.20556609740670462
garlic_leaf_blight_55.jpg,1829,769,1352,61586,0.6329814846859319
garlic_leaf_blight_58.jpg,1660,1432,3296,59148,0.4125248508946322
garlic_leaf_blight_google_0004.jpg,1181,361,1990,62004,0.5011669849352853
garlic_leaf_blight_google_0005.jpg,1300,282,5018,58936,0.3291139240506329
garlic_leaf_blight_google_0081.jpg,2754,1678,111,60993,0.7548307523639852
garlic_leaf_blight_google_0103.jpg,2717,941,1369,60509,0.7017045454545454
garlic_leaf_blight_google_0159.jpg,3703,421,1641,59771,0.7822137727080692
garlic_leaf_blight_google_0210.jpg,2722,1421,1833,59560,0.6258910094274546
garlic_leaf_blight_google_0226.jpg,273,1594,784,62885,0.18673050615595074
garlic_leaf_blight_google_0295.jpg,0,0,4325,61211,0.0
garlic_leaf_blight_google_0302.jpg,11485,4036,32,49983,0.8495450846956136
garlic_rust_159.jpg,15119,11928,212,38277,0.7135306055028553
garlic_rust_18.jpg,9404,7975,381,47776,0.6923869827713149
garlic_rust_184.jpg,7199,3922,732,53683,0.7557211841276507
garlic_rust_185.jpg,8976,3899,583,52078,0.8002139609521263
garlic_rust_194.jpg,4742,331,2468,57995,0.7721240739233086
garlic_rust_20.jpg,24443,5843,3112,32138,0.8451790252588994
garlic_rust_261.jpg,2243,168,878,62247,0.8109182935647143
garlic_rust_29.jpg,7791,8203,167,49375,0.6505511022044088
garlic_rust_30.jpg,1006,959,142,63429,0.6463218760038548
garlic_rust_310.jpg,2416,142,2530,60448,0.6439232409381663
garlic_rust_43.jpg,5524,2018,2038,55956,0.7314618644067796
garlic_rust_53.jpg,1656,3471,140,60269,0.47840531561461797
garlic_rust_56.jpg,2644,168,1026,61698,0.8157975933353903
garlic_rust_69.jpg,2376,1930,171,61059,0.6934189406099518
garlic_rust_80.jpg,93,3921,10,61512,0.04517852805440855
garlic_rust_83.jpg,7680,1138,307,56411,0.9140136864028563
garlic_rust_89.jpg,2176,1547,2184,59629,0.5384139552146481
garlic_rust_98.jpg,936,434,3046,61120,0.34977578475336324
garlic_rust_google_0015.jpg,17909,2438,107,45082,0.933660037014832
garlic_rust_google_0049.jpg,15947,2900,101,46588,0.9139991402779768
garlic_rust_google_0318.jpg,9516,367,9733,45920,0.6533022106274887
ginger_leaf_spot_105.jpg,73,2454,189,62820,0.05234851201147365
ginger_leaf_spot_11.jpg,409,1684,1342,62101,0.21279916753381894
ginger_leaf_spot_161.jpg,1040,258,605,63633,0.7067618076792389
ginger_leaf_spot_google_0000.jpg,3181,10816,1047,50492,0.3490809327846365
ginger_leaf_spot_google_0001.jpg,7219,8877,935,48505,0.595381443298969
ginger_sheath_blight_10.jpg,73,221,1820,63422,0.06675811614083219
ginger_sheath_blight_11.jpg,233,155,618,64530,0.3761097659402744
ginger_sheath_blight_13.jpg,1747,1178,10127,52484,0.2360970335833502
ginger_sheath_blight_14.jpg,0,15,2690,62831,0.0
ginger_sheath_blight_161.jpg,2047,3213,4717,55559,0.34048569527611444
ginger_sheath_blight_2.jpg,329,4674,1697,58836,0.09361217811922037
ginger_sheath_blight_21.jpg,7479,8372,420,49265,0.6298105263157895
ginger_sheath_blight_30.jpg,494,2365,5072,57605,0.1172700296735905
ginger_sheath_blight_33.jpg,0,0,202,65334,0.0
ginger_sheath_blight_41.jpg,524,1295,1274,62443,0.28974288084047556
ginger_sheath_blight_53.jpg,0,6386,157,58993,0.0
ginger_sheath_blight_64.jpg,0,5547,286,59703,0.0
ginger_sheath_blight_89.jpg,2027,12505,2095,48909,0.21732604267181302
ginger_sheath_blight_google_0007.jpg,2876,5131,2679,54850,0.42412623506857394
grape_black_rot_12.jpg,3012,867,4923,56734,0.5099035043169121
grape_black_rot_216.jpg,0,661,603,64272,0.0
grape_black_rot_23.jpg,2335,1443,8757,53001,0.3140551445864156
grape_black_rot_3.jpg,8110,3564,4634,49228,0.664264067491195
grape_black_rot_33.jpg,6310,607,1315,57304,0.8678311098885986
grape_black_rot_google_0003.jpg,13248,1514,3609,47165,0.8379771656282615
grape_black_rot_google_0011.jpg,3476,37,12663,49360,0.3537553429676369
grape_black_rot_google_0013.jpg,2332,1240,1619,60345,0.6199654393194205
grape_black_rot_google_0018.jpg,13689,4695,7191,39961,0.6972799511002445
grape_black_rot_google_0036.jpg,1399,127,248,63762,0.8818153167349512
grape_black_rot_google_0040.jpg,9666,12696,615,42559,0.5922249793217536
grape_black_rot_google_0050.jpg,29699,1096,4220,30521,0.9178539419600087
grape_black_rot_google_0052.jpg,3139,4421,1349,56627,0.5210823373173971
grape_black_rot_google_0066.jpg,1968,3637,102,59829,0.5128338762214983
grape_black_rot_google_0081.jpg,4782,2938,1876,55940,0.6651829183474753
grape_black_rot_google_0088.jpg,19214,2754,5123,38445,0.829888780909189
grape_black_rot_google_0096.jpg,1417,618,328,63173,0.7497354497354497
grape_black_rot_google_0097.jpg,5059,1616,545,58316,0.8240084697450932
grape_black_rot_google_0108.jpg,2242,1118,1218,60958,0.6574780058651026
grape_black_rot_google_0166.jpg,2522,1848,1382,59784,0.609620497945371
grape_black_rot_google_0188.jpg,2429,338,1617,61152,0.7130485835901952
grape_black_rot_google_0233.jpg,882,75,795,63784,0.6697038724373576
grape_black_rot_google_0239.jpg,19503,3276,2654,40103,0.8680345380096137
grape_black_rot_google_0320.jpg,13764,4156,4364,43252,0.7636484687083888
grape_downy_mildew_115.jpg,4423,1831,1539,57743,0.7241322855271775
grape_downy_mildew_131.jpg,434,5,8081,57016,0.0969399151217333
grape_downy_mildew_144.jpg,21873,1127,4999,37537,0.8771655437921078
grape_downy_mildew_146.jpg,385,836,5800,58515,0.10396975425330812
grape_downy_mildew_152.jpg,6838,152,15876,42670,0.4604093724750875
grape_downy_mildew_164.jpg,14919,408,190,50019,0.9803522144828493
grape_downy_mildew_190.jpg,2866,96,2418,60156,0.6951249090468106
grape_downy_mildew_202.jpg,15078,647,944,48867,0.9498850285066306
grape_downy_mildew_203.jpg,1571,17049,6194,40722,0.11908281220390374
grape_downy_mildew_223.jpg,20699,2582,2441,39814,0.8917946618987096
grape_downy_mildew_238.jpg,30396,1541,1302,32297,0.9553233283570363
grape_downy_mildew_241.jpg,4801,487,1262,58986,0.8459166593251696
grape_downy_mildew_251.jpg,17077,4647,1219,42593,0.853423288355822
grape_downy_mildew_255.jpg,5142,12859,1089,46446,0.4243974909210961
grape_downy_mildew_272.jpg,20813,6390,2424,35909,0.8252577319587628
grape_downy_mildew_275.jpg,8798,1080,1499,54159,0.8721685254027262
grape_downy_mildew_29.jpg,1250,4179,18028,42079,0.10118589873315255
grape_downy_mildew_42.jpg,27844,2561,4771,30360,0.8836559822278641
grape_downy_mildew_49.jpg,1360,19857,2820,41499,0.10709926369256212
grape_downy_mildew_64.jpg,9142,433,817,55144,0.9360090099314017
grape_downy_mildew_71.jpg,15461,3323,12544,34208,0.660881831199641
grape_downy_mildew_82.jpg,3447,11691,40,50358,0.37014765100671143
grape_downy_mildew_90.jpg,1315,8931,4030,51260,0.16868706304919504
grape_downy_mildew_google_0001.jpg,5330,357,737,59112,0.9069253020248426
grape_downy_mildew_google_0006.jpg,9405,821,9416,45894,0.647571177746411
grape_downy_mildew_google_0013.jpg,9799,1482,1797,52458,0.8566682694409232
grape_downy_mildew_google_0026.jpg,2794,6032,1412,55298,0.42879066912216085
grape_downy_mildew_google_0032.jpg,11177,792,1823,51744,0.8952701349673595
grape_downy_mildew_google_0033.jpg,852,2859,69,61756,0.36787564766839376
grape_downy_mildew_google_0052.jpg,15813,697,5978,43048,0.8257225659904441
grape_downy_mildew_google_0067.jpg,8090,356,5308,51782,0.7407068302508698
grape_downy_mildew_google_0080.jpg,1537,9787,1618,52594,0.21230747979832862
grape_downy_mildew_google_0081.jpg,2123,165,136,63112,0.9338025071475698
grape_downy_mildew_google_0090.jpg,5035,565,790,59146,0.8814004376367615
grape_downy_mildew_google_0094.jpg,518,74,401,64543,0.685638649900728
grape_downy_mildew_google_0095.jpg,2181,445,448,62462,0.8300666032350142
grape_downy_mildew_google_0096.jpg,8797,188,2372,54179,0.8729780688697033
grape_downy_mildew_google_0097.jpg,6206,1448,3143,54739,0.7299888255013821
grape_downy_mildew_google_0110.jpg,2457,193,400,62486,0.8923188668966769
grape_downy_mildew_google_0130.jpg,3765,4346,1558,55867,0.5605180884323359
grape_downy_mildew_google_0133.jpg,9093,494,12713,43236,0.5793011180836493
grape_downy_mildew_google_0135.jpg,8496,2894,1453,52693,0.7962884858709405
grape_downy_mildew_google_0143.jpg,4246,446,1160,59684,0.840958605664488
grape_downy_mildew_google_0173.jpg,6221,3275,4130,51910,0.6268957525066761
grape_downy_mildew_google_0193.jpg,4014,1656,507,59359,0.7877539005004416
grape_downy_mildew_google_0194.jpg,8697,1032,1749,54058,0.8621561338289963
grape_downy_mildew_google_0203.jpg,3110,2020,1487,58919,0.6394571810424592
grape_downy_mildew_google_0206.jpg,11741,17128,276,36391,0.574328621043878
grape_downy_mildew_google_0256.jpg,18161,511,746,46118,0.9665504670161527
grape_downy_mildew_google_0274.jpg,8726,11375,378,45057,0.5975689094333162
grape_downy_mildew_google_0280.jpg,20066,1867,3264,40339,0.8866403022336125
grape_downy_mildew_google_0290.jpg,24739,2829,5329,32639,0.8584565202304115
grape_downy_mildew_google_0294.jpg,9779,651,4416,50690,0.794233502538071
grape_downy_mildew_google_0415.jpg,18081,648,1232,45575,0.9505809368592608
grape_downy_mildew_google_0426.jpg,11326,1426,877,51907,0.9077138849929873
grape_downy_mildew_google_0457.jpg,23559,2517,8841,30619,0.805766468294685
grape_leaf_spot_101.jpg,20733,844,5003,38956,0.876418743262951
grape_leaf_spot_11.jpg,19864,716,10022,34934,0.7872230808861411
grape_leaf_spot_140.jpg,16785,474,21225,27052,0.6073929327471096
grape_leaf_spot_142.jpg,25170,1056,1688,37622,0.9483083414964961
grape_leaf_spot_145.jpg,7756,857,6562,50361,0.676464175134098
grape_leaf_spot_157.jpg,7587,28817,78,29054,0.3443236742381266
grape_leaf_spot_168.jpg,38362,2422,2491,22261,0.9398189546406653
grape_leaf_spot_170.jpg,2668,986,1954,59928,0.6447559207346544
grape_leaf_spot_22.jpg,371,289,5242,59634,0.1182847122588873
grape_leaf_spot_47.jpg,17646,317,7527,40046,0.818156528189911
grape_leaf_spot_53.jpg,11311,3513,11575,39137,0.5998939273402281
grape_leaf_spot_9.jpg,33322,7929,4,24281,0.8936267213752229
grape_leaf_spot_google_0004.jpg,2475,961,1080,61020,0.708053211271635
grape_leaf_spot_google_0028.jpg,3967,3817,2012,55740,0.576473152655671
grape_leaf_spot_google_0046.jpg,1469,3071,449,60547,0.45493960978631154
grape_leaf_spot_google_0098.jpg,10124,842,2822,51748,0.8467714954834393
grape_leaf_spot_google_0124.jpg,846,44,618,64028,0.7187765505522515
grape_leaf_spot_google_0173.jpg,21325,9218,8810,26183,0.7028906687761627
grapevine_leafroll_disease_20.jpg,24947,2595,17533,20461,0.712547485076119
grapevine_leafroll_disease_google_0001.jpg,21187,157,43203,989,0.49424965591247344
grapevine_leafroll_disease_google_0015.jpg,15714,15677,4718,29427,0.6064488740520618
grapevine_leafroll_disease_google_0018.jpg,37878,346,472,26840,0.9893175229190064
grapevine_leafroll_disease_google_0023.jpg,39019,2306,19233,4978,0.7836950299768018
grapevine_leafroll_disease_google_0030.jpg,10986,3064,7950,43536,0.6661007700236464
grapevine_leafroll_disease_google_0036.jpg,19824,162,3982,41568,0.9053708439897699
grapevine_leafroll_disease_google_0045.jpg,41560,1218,2848,19910,0.9533640722134288
grapevine_leafroll_disease_google_0050.jpg,23084,3261,20825,18366,0.6571583112705326
grapevine_leafroll_disease_google_0057.jpg,13332,1604,10115,40485,0.694682541750254
grapevine_leafroll_disease_google_0093.jpg,42143,3811,9053,10529,0.8675862068965517
grapevine_leafroll_disease_google_0116.jpg,26102,60,26090,13284,0.6662582637772162
grapevine_leafroll_disease_google_0154.jpg,27173,6234,3971,28158,0.8419079487536987
grapevine_leafroll_disease_google_0181.jpg,11324,506,22495,31211,0.4961335407128305
lettuce_downy_mildew_13.jpg,4073,3255,2001,56207,0.6078197283987464
lettuce_downy_mildew_18.jpg,15417,2189,848,47082,0.9103362758702135
lettuce_downy_mildew_23.jpg,3868,13645,2589,45434,0.32273675427617854
lettuce_downy_mildew_40.jpg,22727,8199,3055,31555,0.8015447555900402
lettuce_downy_mildew_47.jpg,20457,14640,2446,27993,0.7054137931034483
lettuce_downy_mildew_5.jpg,7832,385,7396,49923,0.6681168692685008
lettuce_downy_mildew_52.jpg,10763,13520,577,40676,0.6042725205625579
lettuce_downy_mildew_53.jpg,10106,5799,2678,46953,0.7045208965108578
lettuce_downy_mildew_63.jpg,23229,68,17035,25204,0.730919903714542
lettuce_downy_mildew_64.jpg,39573,210,2332,23421,0.9688815982763687
lettuce_downy_mildew_76.jpg,26664,297,5217,33358,0.9062914244927093
lettuce_downy_mildew_google_0015.jpg,53178,37,7909,4412,0.9304824062571083
lettuce_downy_mildew_google_0018.jpg,3191,228,1159,60958,0.8214699446518213
lettuce_downy_mildew_google_0022.jpg,5491,386,1109,58550,0.8801795303358179
lettuce_downy_mildew_google_0027.jpg,12254,66,3421,49795,0.8754420432220039
lettuce_downy_mildew_google_0057.jpg,18973,7294,561,38708,0.8284971943844021
lettuce_downy_mildew_google_0147.jpg,9630,393,27232,28281,0.41079236429561694
lettuce_mosaic_virus_16.jpg,1721,6585,847,56383,0.3165348537796579
lettuce_mosaic_virus_24.jpg,113,7658,332,57433,0.02750730282375852
lettuce_mosaic_virus_31.jpg,4658,663,4637,55578,0.6373836891078271
lettuce_mosaic_virus_8.jpg,21084,6891,133,37428,0.8572125548869735
lettuce_mosaic_virus_google_0049.jpg,4183,793,17184,43376,0.31757962267015905
lettuce_mosaic_virus_google_0050.jpg,1691,28774,3352,31719,0.0952461417145432
lettuce_mosaic_virus_google_0070.jpg,941,21743,142,42710,0.07918542516935247
lettuce_mosaic_virus_google_0076.jpg,4033,34026,106,27371,0.19114649983411536
maple_tar_spot_google_0005.jpg,10732,8148,4624,42032,0.6269423998130623
maple_tar_spot_google_0015.jpg,5064,692,7523,52257,0.5521452325137655
maple_tar_spot_google_0020.jpg,316,86,5749,59385,0.09772692129271687
maple_tar_spot_google_0022.jpg,6400,394,855,57887,0.9110968752224358
maple_tar_spot_google_0033.jpg,2489,231,809,62007,0.8271851113326687
maple_tar_spot_google_0040.jpg,1117,0,487,63932,0.8210216832047041
maple_tar_spot_google_0041.jpg,1102,43,164,64227,0.9141435089174617
maple_tar_spot_google_0042.jpg,298,2138,1275,61825,0.14866550261910702
maple_tar_spot_google_0043.jpg,14518,718,5331,44969,0.8275901382357133
maple_tar_spot_google_0045.jpg,4034,4078,817,56607,0.6223867931805909
maple_tar_spot_google_0057.jpg,2716,2416,815,59589,0.6270345146023317
maple_tar_spot_google_0066.jpg,4459,5122,2260,53695,0.5471165644171779
maple_tar_spot_google_0074.jpg,2305,10986,59,52186,0.2944746087511977
maple_tar_spot_google_0085.jpg,2892,62285,26,333,0.08494015713341654
maple_tar_spot_google_0088.jpg,1597,73,1238,62628,0.7089900110987791
maple_tar_spot_google_0089.jpg,3687,8551,1469,51829,0.4239392894101414
maple_tar_spot_google_0101.jpg,1023,768,439,63306,0.6289578850292038
maple_tar_spot_google_0110.jpg,2423,114,6986,56013,0.4056587979239913
maple_tar_spot_google_0181.jpg,19967,331,1410,43828,0.9582243551289742
maple_tar_spot_google_0190.jpg,6734,275,6774,51753,0.6564312521323781
maple_tar_spot_google_0191.jpg,3010,75,5339,57112,0.5264999125415427
maple_tar_spot_google_0200.jpg,15154,234,4858,45290,0.8561581920903955
maple_tar_spot_google_0205.jpg,8120,673,3107,53636,0.8111888111888111
peach_anthracnose_Bing_0002.jpg,6736,2483,182,56135,0.834851583317841
peach_anthracnose_Bing_0013.jpg,11170,319,1217,52830,0.9356676160160831
peach_anthracnose_Google_0197.jpg,11354,1292,8182,44708,0.7056118327015102
peach_brown_rot_Bing_0000.jpg,20196,375,281,44684,0.9840187098031573
peach_brown_rot_Bing_0009.jpg,5472,230,515,59319,0.9362648644024296
peach_brown_rot_Bing_0011.jpg,15592,109,1022,48813,0.9650007736345351
peach_brown_rot_Bing_0021.jpg,12507,206,4376,48447,0.8451817813218002
peach_brown_rot_Bing_0040.jpg,24177,810,321,40228,0.9771445892694756
peach_brown_rot_Bing_0047.jpg,21942,2037,855,40702,0.9381734222678296
peach_brown_rot_Bing_0067.jpg,47798,0,4889,12849,0.9513459720356272
peach_brown_rot_Bing_0085.jpg,10964,1013,311,53248,0.9430586616205058
peach_brown_rot_Bing_0092.jpg,10488,1459,215,53374,0.926092715231788
peach_brown_rot_Bing_0098.jpg,18534,1827,699,44476,0.9362024549174117
peach_brown_rot_Bing_0111.jpg,34604,1681,1017,28234,0.9624787917559036
peach_brown_rot_Bing_0114.jpg,14984,121,451,49980,0.9812704649639816
peach_brown_rot_Bing_0120.jpg,12240,374,255,52667,0.9749492213947191
peach_brown_rot_Bing_0124.jpg,4635,232,355,60314,0.9404484122958304
peach_brown_rot_Bing_0141.jpg,19022,1023,186,45305,0.9691998063842254
peach_brown_rot_Bing_0148.jpg,17387,796,267,47086,0.9703379189106232
peach_brown_rot_Bing_0155.jpg,10303,729,1017,53487,0.9218861846814602
peach_brown_rot_Bing_0164.jpg,16517,2312,416,46291,0.9237179128684078
peach_brown_rot_Bing_0185.jpg,21550,6345,348,37293,0.8655835157552266
peach_brown_rot_Bing_0191.jpg,9931,1021,369,54215,0.9345943911161303
peach_brown_rot_Bing_0199.jpg,12106,294,6776,46360,0.7739914327728407
peach_brown_rot_Bing_0201.jpg,8000,538,10666,46332,0.5881488016468166
peach_brown_rot_Bing_0206.jpg,10060,502,646,54328,0.9460221929659582
peach_brown_rot_Bing_0216.jpg,1951,4863,0,58722,0.44517969195664575
peach_brown_rot_Bing_0221.jpg,6861,702,747,57226,0.9044888273680047
peach_brown_rot_Bing_0235.jpg,1552,6418,47,57519,0.3243808130421152
peach_brown_rot_Bing_0262.jpg,3824,0,3884,57828,0.6631980575789108
peach_brown_rot_Bing_0269.jpg,7439,1647,355,56095,0.8813981042654029
peach_brown_rot_Bing_0284.jpg,3857,34,325,61320,0.9555307816177382
peach_brown_rot_Bing_0293.jpg,2947,7600,1835,53154,0.38449996738208625
peach_brown_rot_Bing_0298.jpg,1822,984,243,62487,0.748101005953603
peach_brown_rot_Bing_0306.jpg,18950,258,2190,44138,0.9393278477247943
peach_brown_rot_Bing_0317.jpg,42384,1087,917,21148,0.9769049923938598
peach_brown_rot_Google_0249.jpg,8037,50,694,56755,0.9557616839100963
peach_brown_rot_Google_0268.jpg,2391,689,1425,61031,0.693445475638051
peach_leaf_curl_2.jpg,1750,1520,2771,59495,0.44923629829290207
peach_leaf_curl_34.jpg,193,2642,2471,60230,0.0701945808328787
peach_leaf_curl_35.jpg,11537,220,3713,50066,0.8543710889769319
peach_leaf_curl_48.jpg,2310,865,2119,60242,0.6075749605470805
peach_leaf_curl_49.jpg,4938,5587,2046,52965,0.5640527728596721
peach_leaf_curl_6.jpg,1165,1618,3141,59612,0.32867823388348144
peach_leaf_curl_google_0004.jpg,8020,3899,1636,51981,0.7434530706836616
peach_leaf_curl_google_0011.jpg,2682,1029,973,60852,0.7282106978007059
peach_leaf_curl_google_0017.jpg,7300,696,1930,55610,0.8475560199698131
peach_leaf_curl_google_0020.jpg,2231,59,4364,58882,0.5021947101857063
peach_leaf_curl_google_0035.jpg,3545,448,7560,53983,0.469598622334084
peach_leaf_curl_google_0057.jpg,5430,4851,7380,47875,0.47031310900350787
peach_leaf_curl_google_0063.jpg,12161,135,3768,49472,0.861718334809566
peach_leaf_curl_google_0064.jpg,8874,6593,3277,46792,0.6426243754073431
peach_leaf_curl_google_0069.jpg,2107,240,817,62372,0.799468791500664
peach_leaf_curl_google_0071.jpg,3802,4928,1596,55210,0.5382219705549264
peach_leaf_curl_google_0074.jpg,1616,483,3024,60413,0.47959637928476034
peach_leaf_curl_google_0085.jpg,3281,886,650,60719,0.8103235366757224
peach_leaf_curl_google_0093.jpg,2607,63,5244,57622,0.4955802680353579
peach_leaf_curl_google_0099.jpg,6930,470,256,57880,0.9502262443438914
peach_leaf_curl_google_0112.jpg,5802,1032,1119,57583,0.8436205016357688
peach_leaf_curl_google_0128.jpg,448,570,4036,60482,0.1628498727735369
peach_leaf_curl_google_0149.jpg,13611,688,264,50973,0.9662099808333925
peach_leaf_curl_google_0164.jpg,1473,2053,1181,60829,0.4766990291262136
peach_leaf_curl_google_0173.jpg,16348,453,1231,47504,0.9510180337405468
peach_leaf_curl_google_0181.jpg,4225,4227,778,56306,0.6280193236714976
peach_leaf_curl_google_0183.jpg,4085,421,1384,59646,0.819047619047619
peach_leaf_curl_google_0198.jpg,10364,332,669,54171,0.9539325325601731
peach_leaf_curl_google_0199.jpg,760,3083,74,61619,0.3249946546931794
peach_leaf_curl_google_0200.jpg,7609,62,638,57227,0.9560246262093228
peach_leaf_curl_google_0207.jpg,11017,3702,17796,33021,0.5061563907010934
peach_leaf_curl_google_0224.jpg,7759,272,84,57421,0.9775733904497921
peach_leaf_curl_google_0233.jpg,893,1893,2270,60480,0.30021852412170114
peach_leaf_curl_google_0252.jpg,17384,1127,707,46318,0.9498934484454401
peach_leaf_curl_google_0269.jpg,1420,17,4791,59308,0.3713389121338912
peach_leaf_curl_google_0305.jpg,1457,1176,1757,61146,0.4983752351633316
peach_rust_Bing_0001.jpg,27520,956,1903,35157,0.9506209088239866
peach_rust_Bing_0021.jpg,17987,336,2048,45165,0.9378486886698993
peach_scab_Bing_0007.jpg,1381,94,5219,58842,0.3420433436532508
peach_scab_Bing_0038.jpg,3309,592,42,61593,0.9125758411472698
peach_scab_Bing_0046.jpg,22797,3540,2590,36609,0.8814863506302684
peach_scab_Bing_0054.jpg,7643,62,1093,56738,0.9297487987348702
peach_scab_Bing_0070.jpg,6262,0,9470,49804,0.5694280258252251
peach_scab_Bing_0083.jpg,15088,731,1157,48560,0.9411177644710579
peach_scab_Bing_0086.jpg,1912,494,640,62490,0.7712787414279951
peach_scab_Bing_0110.jpg,16923,3009,327,45277,0.910279167339035
peach_scab_Bing_0130.jpg,815,1443,31,63247,0.5251288659793815
peach_scab_Bing_0136.jpg,560,35,1307,63634,0.45491470349309504
peach_scab_Bing_0176.jpg,3091,363,496,61586,0.878000284050561
peach_scab_Bing_0181.jpg,8166,956,1519,54895,0.8684000638060296
peach_scab_Bing_0192.jpg,4973,3024,396,57143,0.7441268891216519
peach_scab_Bing_0223.jpg,5415,1041,185,58895,0.898307896483079
peach_scab_Bing_0234.jpg,4312,615,465,60144,0.8887056883759274
peach_scab_Google_0131.jpg,1809,514,1417,61796,0.6520093710578483
plum_bacterial_spot_Bing_0013.jpg,6436,1121,2095,55884,0.8000994530084535
plum_bacterial_spot_Bing_0082.jpg,3187,52,4207,58090,0.5994545283551208
plum_bacterial_spot_Google_0057.jpg,9755,309,4308,51164,0.8086376258962987
plum_brown_rot_Bing_0000.jpg,4330,3401,139,57666,0.7098360655737705
plum_brown_rot_Bing_0001.jpg,12809,296,363,52068,0.9749210336035316
plum_brown_rot_Bing_0005.jpg,10887,1361,304,52984,0.9289645462690388
plum_brown_rot_Bing_0018.jpg,9233,292,1180,54831,0.9261711305045641
plum_brown_rot_Bing_0025.jpg,13896,1699,4285,45656,0.822832780672667
plum_brown_rot_Bing_0046.jpg,4444,916,394,59782,0.8715434398901746
plum_brown_rot_Bing_0050.jpg,16375,30,1951,47180,0.9429616193026403
plum_brown_rot_Bing_0062.jpg,6558,4233,366,54379,0.74038950042337
plum_brown_rot_Bing_0075.jpg,40061,7460,296,17719,0.9117412776804206
plum_brown_rot_Bing_0077.jpg,17012,5857,678,41989,0.8388766981434453
plum_brown_rot_Bing_0079.jpg,6001,3049,320,56166,0.7808210266085486
plum_brown_rot_Bing_0084.jpg,11855,459,613,52609,0.95674279719151
plum_brown_rot_Bing_0097.jpg,5758,73,2153,57552,0.8380148450007276
plum_brown_rot_Bing_0154.jpg,2324,1333,0,61879,0.7771275706403612
plum_brown_rot_Bing_0170.jpg,2299,512,326,62399,0.8458425312729948
plum_brown_rot_Google_0177.jpg,9051,70,2053,54362,0.8950309023485785
plum_pocket_disease_23.jpg,0,215,187,65134,0.0
plum_pocket_disease_google_0007.jpg,4230,1936,102,59268,0.8058677843398743
plum_pocket_disease_google_0020.jpg,7053,186,435,57862,0.9578325524546751
plum_pocket_disease_google_0028.jpg,0,852,1236,63448,0.0
plum_pocket_disease_google_0029.jpg,818,1445,1912,61361,0.32765872221109554
plum_pocket_disease_google_0032.jpg,10889,156,1681,52810,0.922210459453737
plum_pocket_disease_google_0038.jpg,7393,2538,1709,53896,0.7768612410024694
plum_pocket_disease_google_0047.jpg,2753,444,101,62238,0.9099322426045282
plum_pocket_disease_google_0062.jpg,9785,1021,59,54671,0.9476997578692494
plum_pocket_disease_google_0074.jpg,669,134,7202,57531,0.1542540926908001
plum_pocket_disease_google_0117.jpg,50,2232,7165,56089,0.010529640939243972
plum_pox_virus_Bing_0011.jpg,13463,1279,4193,46601,0.8311006852274831
plum_pox_virus_Bing_0052.jpg,11694,3722,1850,48270,0.807596685082873
plum_pox_virus_Bing_0054.jpg,13916,5061,1599,44960,0.8069117476516293
plum_pox_virus_Bing_0064.jpg,2663,2315,508,60050,0.6535771260277334
plum_pox_virus_Bing_0076.jpg,21802,83,2250,41401,0.9492130526590765
plum_pox_virus_Bing_0152.jpg,14628,17115,85,33708,0.6297571895987601
plum_pox_virus_Google_0040.jpg,1,0,6932,58603,0.00028843380444188056
plum_rust_Bing_0007.jpg,22957,794,6650,35135,0.8604895235953371
plum_rust_Bing_0017.jpg,53297,267,2958,9014,0.9706334969358672
plum_rust_Bing_0022.jpg,47764,32,5723,12017,0.9431790132598757
plum_rust_Bing_0024.jpg,63933,282,151,1170,0.9966250711229238
plum_rust_Bing_0036.jpg,41094,306,1802,22334,0.9749928822245421
plum_rust_Bing_0048.jpg,188,6281,4968,54099,0.032344086021505375
plum_rust_Google_0036.jpg,21189,43,8570,35734,0.8310878390304172
potato_early_blight_33.jpg,320,1348,51,63817,0.3138793526238352
potato_early_blight_59.jpg,2354,915,1615,60652,0.6504559270516718
potato_early_blight_6.jpg,15264,8680,2040,39552,0.7401086113266098
potato_early_blight_google_0004.jpg,2341,1457,165,61573,0.7427030456852792
potato_early_blight_google_0014.jpg,1218,788,103,63427,0.7321911632100991
potato_early_blight_google_0018.jpg,21179,1915,453,41989,0.9470554040155614
potato_early_blight_google_0021.jpg,1178,620,1058,62680,0.5840356965790778
potato_early_blight_google_0024.jpg,1587,1438,1735,60776,0.5000787773751378
potato_early_blight_google_0063.jpg,7525,3875,1153,52983,0.7495766510608627
potato_early_blight_google_0076.jpg,2446,4513,9193,49384,0.26303903645553284
potato_early_blight_google_0077.jpg,637,4100,1196,59603,0.1939117199391172
potato_early_blight_google_0095.jpg,4670,4179,1650,55037,0.6157294482167579
potato_early_blight_google_0097.jpg,381,3397,823,60935,0.15295062224006423
potato_early_blight_google_0105.jpg,7967,2376,302,54891,0.8561143348377391
potato_early_blight_google_0118.jpg,4137,98,75,61226,0.9795193559843731
potato_early_blight_google_0147.jpg,959,118,1600,62859,0.5275027502750275
potato_early_blight_google_0153.jpg,4093,24674,106,36663,0.24831644724868046
potato_early_blight_google_0182.jpg,1183,689,281,63383,0.7092326139088729
potato_early_blight_google_0192.jpg,13105,173,6527,45731,0.7964144636888484
potato_early_blight_google_0194.jpg,32085,1431,3641,28379,0.926749660610612
potato_early_blight_google_0198.jpg,553,19,102,64862,0.9013854930725347
potato_early_blight_google_0224.jpg,1051,199,104,64182,0.8740124740124741
potato_early_blight_google_0252.jpg,2017,675,1472,61372,0.652645203041579
potato_early_blight_google_0265.jpg,12472,74,23806,29184,0.5108962805177781
potato_early_blight_google_0277.jpg,11224,444,6294,47574,0.7691358870691427
potato_late_blight_11.jpg,3381,283,971,60901,0.843562874251497
potato_late_blight_36.jpg,33251,2141,811,29333,0.9574970484061394
potato_late_blight_43.jpg,5594,520,415,59007,0.9228738761032748
potato_late_blight_6.jpg,2369,581,23,62563,0.8869337326843879
potato_late_blight_86.jpg,8203,131,761,56441,0.9484333448953636
potato_late_blight_95.jpg,3731,203,93,61509,0.9618458365558133
potato_late_blight_96.jpg,895,1058,834,62749,0.4861488321564367
potato_late_blight_google_0032.jpg,788,59,46,64643,0.9375371802498513
potato_late_blight_google_0048.jpg,6567,5653,4189,49127,0.5716399721448467
potato_late_blight_google_0053.jpg,3850,681,575,60430,0.8597588209021885
potato_late_blight_google_0082.jpg,1285,535,167,63549,0.7854523227383863
potato_late_blight_google_0084.jpg,5698,1438,141,58259,0.8783044315992293
potato_late_blight_google_0100.jpg,2024,1063,892,61557,0.6743295019157088
potato_late_blight_google_0102.jpg,2010,108,79,63339,0.9555502733539339
potato_late_blight_google_0107.jpg,4826,399,110,60201,0.9499065052652298
potato_late_blight_google_0135.jpg,4869,21,2436,58210,0.7985239852398524
potato_late_blight_google_0169.jpg,11147,1285,531,52573,0.9246785566155122
potato_late_blight_google_0179.jpg,11280,1215,2903,50138,0.8456406027438339
potato_late_blight_google_0183.jpg,4784,188,63,60501,0.9744373154089011
potato_late_blight_google_0205.jpg,3119,1837,586,59994,0.7202401570257476
potato_late_blight_google_0219.jpg,3783,642,41,61070,0.9172020851012244
potato_late_blight_google_0225.jpg,1755,2233,99,61449,0.6008216364258816
potato_late_blight_google_0234.jpg,2097,1012,347,62080,0.7552674230145867
raspberry_fire_blight_Bing_0005.jpg,4262,416,1086,59772,0.8501895072810692
raspberry_fire_blight_Bing_0013.jpg,4060,551,1264,59661,0.8173125314544539
raspberry_fire_blight_Bing_0018.jpg,926,3583,552,60475,0.3093368966093202
raspberry_fire_blight_Bing_0041.jpg,1192,68,1485,62791,0.6055372110744222
raspberry_fire_blight_Bing_0190.jpg,2264,13862,2407,47003,0.2177237101505025
raspberry_fire_blight_Google_0005.jpg,27420,3769,719,33628,0.9243527508090615
raspberry_fire_blight_Google_0221.jpg,714,112,4085,60625,0.2538666666666667
raspberry_gray_mold_Bing_0000.jpg,4620,5167,134,55615,0.6354446049102538
raspberry_gray_mold_Bing_0001.jpg,3780,10500,4357,46899,0.3372440558504706
raspberry_gray_mold_Bing_0020.jpg,1260,52,106,64118,0.9410007468259896
raspberry_gray_mold_Bing_0039.jpg,0,0,1992,63544,0.0
raspberry_gray_mold_Bing_0075.jpg,3322,1487,12549,48178,0.32127659574468087
raspberry_gray_mold_Bing_0089.jpg,28448,5793,6132,25163,0.8267244009822583
raspberry_gray_mold_Google_0005.jpg,363,18423,0,46750,0.037913206955976816
raspberry_gray_mold_Google_0078.jpg,5168,1753,1903,56712,0.7387078330474557
raspberry_leaf_spot_Bing_0073.jpg,24557,813,11871,28295,0.7947506391792615
raspberry_leaf_spot_Bing_0112.jpg,2071,1068,2271,60126,0.5536692955487235
raspberry_leaf_spot_Google_0115.jpg,3284,9739,2766,49747,0.34436113878257224
raspberry_yellow_rust_Bing_0006.jpg,48795,4363,1,12377,0.9571963826823862
raspberry_yellow_rust_Bing_0007.jpg,0,872,2408,62256,0.0
raspberry_yellow_rust_Bing_0010.jpg,31594,230,567,33145,0.9875439556145972
raspberry_yellow_rust_Bing_0018.jpg,17602,17129,327,30478,0.6685150018989745
raspberry_yellow_rust_Bing_0101.jpg,12504,422,72,52538,0.980628970276841
raspberry_yellow_rust_Bing_0175.jpg,22870,381,741,41544,0.9760573599078144
raspberry_yellow_rust_Bing_0183.jpg,11042,3081,192,51221,0.8709232164688252
rice_blast_151.jpg,947,392,101,64096,0.7934645999162128
rice_blast_23.jpg,1984,897,139,62516,0.7929656274980016
rice_blast_38.jpg,644,423,645,63824,0.5466893039049237
rice_blast_42.jpg,1142,1419,447,62528,0.5503614457831325
rice_blast_62.jpg,460,3208,1074,60794,0.1768550557477893
rice_blast_87.jpg,15746,6160,1384,42246,0.8067424941080029
rice_blast_google_0004.jpg,816,254,558,63908,0.6677577741407529
rice_blast_google_0007.jpg,2863,754,468,61451,0.8241220495106506
rice_blast_google_0008.jpg,15541,2817,2198,44980,0.8610687868797962
rice_blast_google_0009.jpg,968,4255,431,59882,0.292358803986711
rice_blast_google_0018.jpg,587,4191,10,60748,0.21841860465116278
rice_blast_google_0027.jpg,3429,1877,8,60222,0.7843989477296123
rice_blast_google_0050.jpg,331,699,1108,63398,0.26812474686107735
rice_blast_google_0052.jpg,2456,794,571,61715,0.7825394296638521
rice_blast_google_0062.jpg,5250,1919,434,57933,0.8169298996343266
rice_blast_google_0111.jpg,8725,2909,1596,52306,0.7948075609200638
rice_blast_google_0152.jpg,3279,630,61,61566,0.9046765071044282
rice_sheath_blight_133.jpg,1619,1751,2133,60033,0.4546475709070486
rice_sheath_blight_148.jpg,3145,407,6727,55257,0.4685637663885578
rice_sheath_blight_198.jpg,757,3080,4639,57060,0.1639770388822701
rice_sheath_blight_21.jpg,3027,17098,2214,43197,0.2386659307734763
rice_sheath_blight_41.jpg,3816,2315,3227,56178,0.5793229087596782
rice_sheath_blight_43.jpg,708,4135,48,60645,0.25290230398285407
rice_sheath_blight_52.jpg,11362,564,7224,46386,0.7447561615102255
rice_sheath_blight_57.jpg,1721,1595,1653,60567,0.5144992526158445
rice_sheath_blight_58.jpg,7195,1861,7826,48654,0.5976658221539228
rice_sheath_blight_61.jpg,0,30,12840,52666,0.0
rice_sheath_blight_8.jpg,741,2478,543,61774,0.3291139240506329
rice_sheath_blight_google_0000.jpg,3926,745,3273,57592,0.6614995787700084
rice_sheath_blight_google_0027.jpg,11316,876,2335,51009,0.8757497194598151
rice_sheath_blight_google_0036.jpg,3317,40,8889,53290,0.42626742915890253
rice_sheath_blight_google_0043.jpg,1937,1998,3191,58410,0.4274522784949796
soybean_bacterial_blight_Baidu_0081.jpg,34362,104,18382,12688,0.7880288957688338
soybean_bacterial_blight_Bing_0009.jpg,33283,487,6272,25494,0.9078213433344698
soybean_bacterial_blight_Bing_0027.jpg,31077,318,4751,29390,0.9245942608928491
soybean_bacterial_blight_Bing_0032.jpg,32915,434,1510,30677,0.9713164340307493
soybean_bacterial_blight_Bing_0044.jpg,13620,957,6781,44178,0.7787752301446623
soybean_bacterial_blight_Bing_0049.jpg,10474,1234,7917,45911,0.695969965779594
soybean_bacterial_blight_Bing_0055.jpg,25846,263,277,39150,0.989661510185327
soybean_bacterial_blight_Bing_0057.jpg,1550,55,1033,62898,0.7402101241642789
soybean_bacterial_blight_Bing_0065.jpg,20795,253,14374,30114,0.7398118007008556
soybean_bacterial_blight_Bing_0066.jpg,25450,171,18374,21541,0.7329541363669091
soybean_bacterial_blight_Bing_0105.jpg,20014,2224,4476,38822,0.8566170176339668
soybean_bacterial_blight_Bing_0121.jpg,29521,105,822,35088,0.9845420133735764
soybean_bacterial_blight_Bing_0172.jpg,3853,787,67,60829,0.900233644859813
soybean_bacterial_blight_Bing_0216.jpg,13836,627,1491,49582,0.9289023162134945
soybean_bacterial_blight_Bing_0227.jpg,10903,4648,318,49667,0.8145076946063051
soybean_bacterial_blight_Google_0025.jpg,12372,477,3447,49240,0.8631226454583508
soybean_bacterial_blight_Google_0057.jpg,1678,697,1296,61865,0.6274069919611143
soybean_bacterial_blight_Google_0201.jpg,3257,94,5777,56408,0.5259588211546226
soybean_brown_spot_Baidu_0009.jpg,20021,4954,150,40411,0.8869445798077349
soybean_brown_spot_Baidu_0010.jpg,9886,8415,173,47062,0.6971791255289139
soybean_brown_spot_Bing_0025.jpg,16473,1230,46,47787,0.9627140435976858
soybean_brown_spot_Bing_0061.jpg,3970,194,4731,56641,0.617178390983288
soybean_brown_spot_Bing_0063.jpg,22015,541,572,42408,0.975345014730966
soybean_brown_spot_Bing_0069.jpg,19528,6381,540,39087,0.849468212367053
soybean_brown_spot_Bing_0081.jpg,3496,1095,802,60143,0.7865901676229047
soybean_brown_spot_Bing_0090.jpg,8601,1193,1084,54658,0.8831048821808101
soybean_brown_spot_Bing_0115.jpg,24339,450,1350,39397,0.9643409009865684
soybean_brown_spot_Bing_0186.jpg,24833,302,12739,27662,0.7920327874081043
soybean_brown_spot_Bing_0223.jpg,15565,890,31470,17611,0.49031343518664355
soybean_brown_spot_Bing_0229.jpg,20733,2194,415,42194,0.940805445263755
soybean_brown_spot_Bing_0353.jpg,3958,3591,3408,54579,0.5307408649011063
soybean_brown_spot_Google_0154.jpg,3677,3034,2018,56807,0.5927776882153797
soybean_downy_mildew_Baidu_0000.jpg,3122,71,7790,54553,0.4426799007444169
soybean_downy_mildew_Baidu_0004.jpg,19580,3556,1568,40832,0.8842922951856201
soybean_downy_mildew_Baidu_0022.jpg,22197,127,11699,31513,0.7896478121664888
soybean_downy_mildew_Baidu_0031.jpg,1476,58,7063,56939,0.2930606572024223
soybean_downy_mildew_Bing_0012.jpg,17976,436,88,47036,0.9856343897357166
soybean_downy_mildew_Bing_0023.jpg,18917,1913,901,43805,0.930771501672899
soybean_downy_mildew_Bing_0031.jpg,13719,5,10512,41300,0.7229087076801476
soybean_downy_mildew_Bing_0038.jpg,6323,2486,2237,54490,0.7280787610109966
soybean_downy_mildew_Bing_0045.jpg,20379,1522,4931,38704,0.8633157526847557
soybean_downy_mildew_Bing_0046.jpg,55859,1156,1745,6776,0.9746900601121978
soybean_downy_mildew_Bing_0047.jpg,25277,10289,48,29922,0.8302376377461366
soybean_downy_mildew_Bing_0054.jpg,20522,517,6122,38375,0.8607679885913219
soybean_downy_mildew_Bing_0072.jpg,25338,713,112,39373,0.983980893574882
soybean_downy_mildew_Bing_0075.jpg,17984,3757,147,43648,0.9020866773675762
soybean_downy_mildew_Bing_0078.jpg,37609,10282,522,17123,0.8744042221757224
soybean_downy_mildew_Bing_0083.jpg,700,42,15109,49685,0.08458703401607154
soybean_downy_mildew_Bing_0087.jpg,23524,1198,2327,38487,0.9302987760267336
soybean_downy_mildew_Bing_0101.jpg,38168,2716,775,23877,0.9562679293973217
soybean_downy_mildew_Bing_0107.jpg,55344,26,902,9264,0.9916857798165137
soybean_downy_mildew_Bing_0110.jpg,22715,196,309,42316,0.9890062044192881
soybean_downy_mildew_Bing_0115.jpg,558,32,1176,63770,0.4802065404475043
soybean_downy_mildew_Bing_0121.jpg,45572,1027,13333,5604,0.8638914164391871
soybean_downy_mildew_Bing_0127.jpg,15143,851,2655,46887,0.8962476325757576
soybean_downy_mildew_Bing_0142.jpg,29176,1042,171,35147,0.979635692101066
soybean_downy_mildew_Bing_0143.jpg,4305,1084,2267,57880,0.7198394783044896
soybean_downy_mildew_Google_0052.jpg,7899,5897,13708,38032,0.4462333700533853
soybean_downy_mildew_Google_0061.jpg,26213,1675,1062,36586,0.9503834091691895
soybean_downy_mildew_Google_0068.jpg,1166,5757,2199,56414,0.22667185069984447
soybean_downy_mildew_Google_0102.jpg,13718,6,10254,41558,0.7278225806451613
soybean_downy_mildew_Google_0256.jpg,114,3,282,65137,0.4444444444444444
soybean_downy_mildew_Google_0302.jpg,45424,784,48,19280,0.9909249563699826
soybean_frog_eye_leaf_spot_Baidu_0012.jpg,13341,3907,552,47736,0.856812562217013
soybean_frog_eye_leaf_spot_Baidu_0023.jpg,32489,3733,1803,27511,0.9214907677907933
soybean_frog_eye_leaf_spot_Bing_0003.jpg,45719,1064,2801,15952,0.9594451381383587
soybean_frog_eye_leaf_spot_Bing_0004.jpg,53984,967,997,9588,0.9821344103627697
soybean_frog_eye_leaf_spot_Bing_0006.jpg,39437,2795,566,22738,0.9591293244968687
soybean_frog_eye_leaf_spot_Bing_0007.jpg,3845,96,5502,56093,0.5787176399759181
soybean_frog_eye_leaf_spot_Bing_0012.jpg,3121,296,4627,57492,0.5590685176892073
soybean_frog_eye_leaf_spot_Bing_0016.jpg,26109,1336,3022,35069,0.922970871040724
soybean_frog_eye_leaf_spot_Bing_0017.jpg,41880,2005,671,20980,0.969040677495488
soybean_frog_eye_leaf_spot_Bing_0029.jpg,9568,587,24942,30439,0.42843389678719357
soybean_frog_eye_leaf_spot_Bing_0047.jpg,13195,3730,1129,47482,0.8445070242247752
soybean_frog_eye_leaf_spot_Bing_0049.jpg,11763,4017,2290,47466,0.788589816645996
soybean_frog_eye_leaf_spot_Bing_0053.jpg,29029,1855,7663,26989,0.859151177932994
soybean_frog_eye_leaf_spot_Bing_0056.jpg,32806,784,399,31547,0.9822890934950221
soybean_frog_eye_leaf_spot_Bing_0068.jpg,126,1,238,65171,0.5132382892057027
soybean_frog_eye_leaf_spot_Bing_0086.jpg,6528,40,11815,47153,0.5241058167074786
soybean_frog_eye_leaf_spot_Bing_0089.jpg,905,248,798,63585,0.6337535014005602
soybean_frog_eye_leaf_spot_Bing_0095.jpg,302,130,67,65037,0.7540574282147315
soybean_frog_eye_leaf_spot_Bing_0096.jpg,18760,2639,2315,41822,0.883363940292885
soybean_frog_eye_leaf_spot_Bing_0103.jpg,6878,1334,3302,54022,0.7479338842975206
soybean_frog_eye_leaf_spot_Bing_0126.jpg,1577,1435,2781,59743,0.4279511533242876
soybean_frog_eye_leaf_spot_Bing_0141.jpg,5229,1507,2074,56726,0.74492485219745
soybean_frog_eye_leaf_spot_Bing_0143.jpg,2721,1966,1224,59625,0.6304448563484708
soybean_frog_eye_leaf_spot_Bing_0155.jpg,54041,717,1259,9519,0.9820458303803449
soybean_frog_eye_leaf_spot_Bing_0164.jpg,61749,227,395,3165,0.9949887205929745
soybean_frog_eye_leaf_spot_Bing_0189.jpg,474,761,184,64117,0.5007923930269413
soybean_frog_eye_leaf_spot_Bing_0202.jpg,10831,16,19640,35049,0.5242751343240234
soybean_frog_eye_leaf_spot_Bing_0204.jpg,4566,2928,9235,48807,0.4288330594036159
soybean_frog_eye_leaf_spot_Bing_0213.jpg,28074,444,615,36403,0.9814882794063664
soybean_frog_eye_leaf_spot_Bing_0215.jpg,13596,19568,2700,29672,0.5497775980590376
soybean_frog_eye_leaf_spot_Bing_0216.jpg,44016,1432,1867,18221,0.9638786392353089
soybean_frog_eye_leaf_spot_Bing_0224.jpg,2924,11,12937,49664,0.3111300276654607
soybean_frog_eye_leaf_spot_Bing_0233.jpg,8628,338,3794,52776,0.8068075556386759
soybean_frog_eye_leaf_spot_Bing_0240.jpg,48284,1640,687,14925,0.9764699934273725
soybean_frog_eye_leaf_spot_Bing_0244.jpg,31300,442,1911,31883,0.9637738056748726
soybean_frog_eye_leaf_spot_Bing_0251.jpg,10262,4058,315,50901,0.8243563481543961
soybean_frog_eye_leaf_spot_Bing_0253.jpg,32205,663,641,32027,0.9801564354627629
soybean_frog_eye_leaf_spot_Google_0048.jpg,38702,4408,1649,20777,0.9274271815578534
soybean_frog_eye_leaf_spot_Google_0056.jpg,23422,33784,21,8309,0.5808379521134794
soybean_frog_eye_leaf_spot_Google_0057.jpg,10433,3581,1935,49587,0.7909180501857327
soybean_frog_eye_leaf_spot_Google_0061.jpg,30048,28,33114,2346,0.6445440700143719
soybean_frog_eye_leaf_spot_Google_0089.jpg,7414,866,5730,51526,0.6921209858103062
soybean_frog_eye_leaf_spot_Google_0096.jpg,48179,6494,219,10644,0.9348701380601722
soybean_frog_eye_leaf_spot_Google_0109.jpg,27985,541,662,36348,0.9789585993388488
soybean_frog_eye_leaf_spot_Google_0128.jpg,5287,3808,506,55935,0.7102364320257926
soybean_frog_eye_leaf_spot_Google_0221.jpg,3379,951,2838,58368,0.6407509244334882
soybean_frog_eye_leaf_spot_Google_0362.jpg,5899,446,17379,41812,0.39827161327346994
soybean_frog_eye_leaf_spot_Google_0363.jpg,11757,2296,9980,41503,0.6569991617770327
soybean_mosaic_Baidu_0059.jpg,26585,8854,857,29240,0.8455654331197023
soybean_mosaic_Baidu_0089.jpg,1416,7264,1534,55322,0.24350816852966467
soybean_mosaic_Baidu_0094.jpg,37277,896,1064,26299,0.9743837729043051
soybean_mosaic_Bing_0000.jpg,20814,912,657,43153,0.9636780331967498
soybean_mosaic_Bing_0010.jpg,13009,12431,1712,38384,0.6478424342023356
soybean_mosaic_Bing_0013.jpg,16109,457,1819,47151,0.9340175102916449
soybean_mosaic_Bing_0018.jpg,9669,3040,5205,47622,0.701084001015118
soybean_mosaic_Bing_0036.jpg,7108,2205,779,55444,0.8265116279069767
soybean_mosaic_Bing_0062.jpg,31249,6153,638,27496,0.9019902148970255
soybean_mosaic_Bing_0076.jpg,29215,3240,7596,25485,0.8435596107758496
soybean_mosaic_Bing_0105.jpg,27374,1404,4855,31903,0.8974052157949087
soybean_mosaic_Bing_0108.jpg,42102,1274,50,22110,0.9845196894584229
soybean_mosaic_Bing_0112.jpg,21019,293,53,44171,0.9918365420913552
soybean_mosaic_Bing_0118.jpg,1931,492,111,63002,0.8649496080627099
soybean_mosaic_Bing_0124.jpg,48669,1045,1902,13920,0.970613750810191
soybean_mosaic_Bing_0176.jpg,9036,1750,429,54321,0.8924003752901092
soybean_mosaic_Bing_0177.jpg,24347,200,359,40630,0.9886504375367998
soybean_mosaic_Bing_0231.jpg,7310,2350,571,55305,0.8334758565646201
soybean_mosaic_Google_0010.jpg,6964,198,365,58009,0.9611482989441722
soybean_mosaic_Google_0026.jpg,31965,2451,4054,27066,0.9076453467736211
soybean_mosaic_Google_0117.jpg,30477,866,3533,30660,0.9326886294431778
soybean_mosaic_Google_0142.jpg,11465,1713,3159,49199,0.8247608085749226
soybean_mosaic_Google_0372.jpg,17921,5203,475,41937,0.8632466281310212
soybean_rust_Baidu_0010.jpg,22593,7609,839,34495,0.8424879740463139
soybean_rust_Baidu_0036.jpg,12660,3055,18969,30852,0.5348090571138898
soybean_rust_Bing_0001.jpg,17119,1543,1777,45097,0.9116033867618084
soybean_rust_Bing_0008.jpg,19838,13,17389,28296,0.6951189600196223
soybean_rust_Bing_0019.jpg,16574,1073,2713,45176,0.8974928250392592
soybean_rust_Bing_0022.jpg,51369,435,7724,6008,0.926427225263082
soybean_rust_Bing_0032.jpg,55487,204,1404,8441,0.9857170773303014
soybean_rust_Bing_0052.jpg,41845,549,1001,22141,0.9818160488033787
soybean_rust_Bing_0055.jpg,10783,7484,57,47212,0.7409214278352286
soybean_rust_Bing_0061.jpg,18463,2116,1928,43029,0.901293629484989
soybean_rust_Bing_0071.jpg,29187,518,32,35799,0.9906659425700903
soybean_rust_Bing_0073.jpg,36098,2106,3795,23537,0.924440119338771
soybean_rust_Bing_0074.jpg,41160,344,206,23826,0.993363098829492
soybean_rust_Bing_0075.jpg,45105,137,16423,3871,0.8449002528800225
soybean_rust_Bing_0077.jpg,24241,1632,65,39598,0.9661810717630881
soybean_rust_Bing_0089.jpg,29962,213,5541,29820,0.9123907548950942
soybean_rust_Bing_0096.jpg,9225,1329,17976,37006,0.48867699642431467
soybean_rust_Bing_0145.jpg,32421,401,29,32685,0.9934121828655472
soybean_rust_Bing_0149.jpg,44317,1179,7,20033,0.9867958138499221
soybean_rust_Bing_0150.jpg,27787,387,182,37180,0.9898651657374917
soybean_rust_Bing_0167.jpg,49054,388,1845,14249,0.9777458865269432
soybean_rust_Bing_0170.jpg,40482,848,3333,20873,0.9508955311527394
soybean_rust_Google_0067.jpg,11654,181,431,53270,0.9744147157190636
soybean_rust_Google_0218.jpg,36124,138,4977,24297,0.9338831224228636
squash_powdery_mildew_114.jpg,28508,1405,6651,28972,0.8761986722399804
squash_powdery_mildew_129.jpg,28093,885,2651,33907,0.9407923378319547
squash_powdery_mildew_17.jpg,37180,104,2893,25359,0.9612575461819874
squash_powdery_mildew_20.jpg,47753,8,3245,14530,0.9670612298625948
squash_powdery_mildew_23.jpg,42782,4062,1694,16998,0.9369689005694262
squash_powdery_mildew_28.jpg,8358,328,891,55959,0.9320323390019515
squash_powdery_mildew_32.jpg,5839,8363,17440,33894,0.3115711960726768
squash_powdery_mildew_35.jpg,24423,9151,8324,23638,0.7365087981182431
squash_powdery_mildew_37.jpg,26168,6009,11866,21493,0.7454102633490479
squash_powdery_mildew_41.jpg,7421,6713,18908,32494,0.36680424091145
squash_powdery_mildew_47.jpg,38615,694,1296,24931,0.9748800807876798
squash_powdery_mildew_48.jpg,33080,5479,1824,25153,0.9005894123572411
squash_powdery_mildew_50.jpg,3172,2320,26677,33367,0.17950821991454685
squash_powdery_mildew_6.jpg,25961,9654,4152,25769,0.7899525316455697
squash_powdery_mildew_71.jpg,4561,166,37187,23622,0.19627756858526088
squash_powdery_mildew_google_0000.jpg,19706,813,7009,38008,0.8343989499089639
squash_powdery_mildew_google_0001.jpg,31944,2862,9028,21702,0.8430943017762411
squash_powdery_mildew_google_0006.jpg,28781,1033,4996,30726,0.9051909861458383
squash_powdery_mildew_google_0011.jpg,24845,3095,2893,34703,0.8924530335141349
squash_powdery_mildew_google_0033.jpg,29606,638,14076,21216,0.8009631252874496
squash_powdery_mildew_google_0035.jpg,52166,543,3050,9777,0.9667083622886263
squash_powdery_mildew_google_0045.jpg,27339,3119,10724,24354,0.7979743436318792
squash_powdery_mildew_google_0047.jpg,11863,700,1056,51917,0.9310886115689506
squash_powdery_mildew_google_0049.jpg,39642,359,4166,21369,0.9460081852784307
squash_powdery_mildew_google_0070.jpg,54000,206,3503,7827,0.9667976617819514
squash_powdery_mildew_google_0079.jpg,27758,662,15406,21710,0.775536432722396
squash_powdery_mildew_google_0102.jpg,21121,478,1175,42762,0.9623419523863765
squash_powdery_mildew_google_0105.jpg,32839,24360,471,7866,0.7256515926592936
squash_powdery_mildew_google_0109.jpg,28499,743,4989,31305,0.9086242627132154
squash_powdery_mildew_google_0119.jpg,21678,5163,8258,30437,0.7636190711027353
squash_powdery_mildew_google_0124.jpg,41699,2700,8152,12985,0.8848594164456234
squash_powdery_mildew_google_0150.jpg,28717,60,20372,16387,0.7376004931549072
squash_powdery_mildew_google_0183.jpg,24889,1824,10242,28581,0.8048961904145916
squash_powdery_mildew_google_0191.jpg,9711,63,10651,45111,0.6444783647464826
squash_powdery_mildew_google_0196.jpg,19755,9842,2278,33661,0.7652527600232423
squash_powdery_mildew_google_0327.jpg,24740,1177,5831,33788,0.8759382523721853
strawberry_anthracnose_5.jpg,398,513,40,64585,0.5900667160859896
strawberry_anthracnose_google_0001.jpg,8110,1400,208,55818,0.9098048014359434
strawberry_anthracnose_google_0002.jpg,1024,596,7326,56590,0.2054162487462387
strawberry_anthracnose_google_0007.jpg,5425,4188,1023,54900,0.6755494676545669
strawberry_anthracnose_google_0011.jpg,2630,181,31,62694,0.9612573099415205
strawberry_anthracnose_google_0014.jpg,7227,4432,1189,52688,0.72
strawberry_anthracnose_google_0027.jpg,12727,4043,24,48742,0.8622336641712679
strawberry_anthracnose_google_0028.jpg,6637,742,2479,55678,0.8047287056683844
strawberry_anthracnose_google_0067.jpg,7527,370,333,57306,0.9553849082947261
strawberry_anthracnose_google_0070.jpg,5842,1661,90,57943,0.8696687755861555
strawberry_anthracnose_google_0092.jpg,8697,635,493,55711,0.939099449303531
strawberry_anthracnose_google_0143.jpg,861,165,50,64460,0.8890036138358286
strawberry_leaf_scorch_google_0017.jpg,17093,3804,645,43994,0.8848453474828524
strawberry_leaf_scorch_google_0037.jpg,24503,2661,6071,32301,0.8487651113651321
strawberry_leaf_scorch_google_0043.jpg,23651,8589,3054,30242,0.8024768852319959
strawberry_leaf_scorch_google_0062.jpg,2455,72,7594,55415,0.3904262086513995
strawberry_leaf_scorch_google_0117.jpg,19275,1374,4168,40719,0.8743082645377847
strawberry_leaf_scorch_google_0122.jpg,9260,1238,12411,42627,0.5757095340234387
strawberry_leaf_scorch_google_0133.jpg,1418,297,644,63177,0.7508604712734975
strawberry_leaf_scorch_google_0186.jpg,9693,11329,4823,39691,0.5455005909167652
tobacco_blue_mold_Bing_0016.jpg,2257,1486,867,60926,0.6573467307412262
tobacco_blue_mold_Bing_0024.jpg,18678,31923,4,14931,0.5391798853975722
tobacco_blue_mold_Bing_0028.jpg,2049,116,216,63155,0.9250564334085779
tobacco_blue_mold_Bing_0042.jpg,2,93,2331,63110,0.0016474464579901153
tobacco_blue_mold_Bing_0079.jpg,4408,2920,1079,57129,0.6879438158408115
tobacco_blue_mold_Bing_0083.jpg,3556,10315,1184,50481,0.38213959486325294
tobacco_blue_mold_Bing_0094.jpg,10811,5614,5545,43566,0.6595893962966353
tobacco_blue_mold_Bing_0096.jpg,10010,4420,2808,48298,0.7347328244274809
tobacco_blue_mold_Bing_0107.jpg,16370,9582,1059,38525,0.754708282427791
tobacco_blue_mold_Bing_0121.jpg,874,50,1010,63602,0.6225071225071225
tobacco_blue_mold_Bing_0127.jpg,1303,214,535,63484,0.7767511177347243
tobacco_blue_mold_Google_0008.jpg,9755,3229,1175,51377,0.8158400936689805
tobacco_brown_spot_Bing_0001.jpg,38497,1997,4496,20546,0.9222274126510714
tobacco_brown_spot_Bing_0003.jpg,3333,684,206,61313,0.882212811011117
tobacco_brown_spot_Bing_0004.jpg,9090,3505,473,52468,0.8204711616571893
tobacco_brown_spot_Bing_0020.jpg,4004,2768,487,58277,0.7110006215040398
tobacco_brown_spot_Bing_0041.jpg,20359,1741,0,43436,0.9589957370639911
tobacco_brown_spot_Bing_0044.jpg,3193,768,48,61527,0.8866981394057206
tobacco_brown_spot_Bing_0045.jpg,1720,1912,364,61540,0.6018194541637508
tobacco_brown_spot_Bing_0047.jpg,5135,23247,6509,30645,0.25658322090641084
tobacco_brown_spot_Bing_0055.jpg,943,3778,65,60750,0.3292023040670274
tobacco_brown_spot_Bing_0122.jpg,3458,1389,198,60491,0.813359990591556
tobacco_brown_spot_Bing_0144.jpg,8603,8601,135,48197,0.6632487857528332
tobacco_brown_spot_Bing_0159.jpg,25410,542,2803,36781,0.9382442536693437
tobacco_brown_spot_Google_0029.jpg,21736,1966,1191,40643,0.9322953526775183
tobacco_frogeye_leaf_spot_Bing_0000.jpg,3103,2742,0,59691,0.6935628073312472
tobacco_frogeye_leaf_spot_Bing_0002.jpg,965,12726,171,51674,0.13016793687192285
tobacco_frogeye_leaf_spot_Bing_0007.jpg,2447,802,288,61999,0.8178475935828877
tobacco_frogeye_leaf_spot_Bing_0039.jpg,2797,1126,147,61466,0.8146206494830348
tobacco_frogeye_leaf_spot_Google_0052.jpg,15619,8183,0,41734,0.792420283605185
tobacco_frogeye_leaf_spot_Google_0149.jpg,3038,1160,395,60943,0.796225920587079
tobacco_mosaic_virus_115.jpg,23081,212,24891,17352,0.6477513505928576
tobacco_mosaic_virus_117.jpg,21652,128,32164,11592,0.5728345415101328
tobacco_mosaic_virus_127.jpg,48968,345,5449,10774,0.9441434493396318
tobacco_mosaic_virus_161.jpg,28265,64,31431,5776,0.6422039193410963
tobacco_mosaic_virus_36.jpg,1275,2177,38634,23450,0.05880860681257351
tobacco_mosaic_virus_4.jpg,48608,6951,1221,8756,0.9224579648536835
tobacco_mosaic_virus_47.jpg,25740,0,37008,2788,0.5817737998372661
tobacco_mosaic_virus_51.jpg,28702,119,31486,5229,0.6449235470570391
tomato_bacterial_leaf_spot_120.jpg,186,10645,1720,52985,0.029206249509303603
tomato_bacterial_leaf_spot_14.jpg,4954,3656,1500,55426,0.6577270313329793
tomato_bacterial_leaf_spot_19.jpg,216,2932,4022,58366,0.05848903330625508
tomato_bacterial_leaf_spot_2.jpg,21263,3801,26,40446,0.9174379220330938
tomato_bacterial_leaf_spot_200.jpg,19547,415,6538,39036,0.8490021065433144
tomato_bacterial_leaf_spot_27.jpg,23461,3526,8666,29883,0.7937544405724533
tomato_bacterial_leaf_spot_31.jpg,1801,1331,595,61809,0.6515918958031838
tomato_bacterial_leaf_spot_63.jpg,908,1678,273,62677,0.4820812317494027
tomato_bacterial_leaf_spot_70.jpg,367,6357,1743,57069,0.08308806882499434
tomato_bacterial_leaf_spot_71.jpg,1555,1497,2761,59723,0.4220955483170467
tomato_bacterial_leaf_spot_78.jpg,2049,3053,896,59538,0.509258108611905
tomato_bacterial_leaf_spot_9.jpg,506,669,10047,54314,0.08628922237380628
tomato_bacterial_leaf_spot_google_0014.jpg,3171,2682,2640,57043,0.543724279835391
tomato_bacterial_leaf_spot_google_0020.jpg,11393,8346,5320,40477,0.6250960166794689
tomato_bacterial_leaf_spot_google_0043.jpg,1046,912,713,62865,0.5628194780737154
tomato_bacterial_leaf_spot_google_0087.jpg,10352,770,8253,46161,0.6964712214485148
tomato_bacterial_leaf_spot_google_0103.jpg,3643,116,37586,24191,0.16195429892415755
tomato_bacterial_leaf_spot_google_0163.jpg,4216,495,10372,50453,0.43691382973211046
tomato_bacterial_leaf_spot_google_0195.jpg,36498,1800,12642,14596,0.8348315377753379
tomato_bacterial_leaf_spot_google_0276.jpg,7050,450,26423,31613,0.3441290606008835
tomato_bacterial_leaf_spot_google_0319.jpg,38018,321,1548,25649,0.976009242025544
tomato_bacterial_leaf_spot_google_0405.jpg,466,14,1634,63422,0.3612403100775194
tomato_early_blight_10.jpg,1809,791,1816,61120,0.5812048192771084
tomato_early_blight_118.jpg,14510,1058,1957,48011,0.9058841891680974
tomato_early_blight_136.jpg,1491,450,1044,62551,0.6662198391420912
tomato_early_blight_14.jpg,575,7,1610,63344,0.41561257679797614
tomato_early_blight_155.jpg,6238,2687,2270,54341,0.7156542190099237
tomato_early_blight_159.jpg,3956,772,1698,59110,0.7620882296282027
tomato_early_blight_160.jpg,16644,915,3885,44092,0.8739760554505356
tomato_early_blight_172.jpg,5060,2421,1640,56415,0.7136309146040477
tomato_early_blight_173.jpg,4596,1410,348,59182,0.8394520547945206
tomato_early_blight_191.jpg,2724,670,399,61743,0.8359674696946447
tomato_early_blight_202.jpg,10641,1692,818,52385,0.894502353732347
tomato_early_blight_321.jpg,476,1233,255,63572,0.3901639344262295
tomato_early_blight_4.jpg,3936,815,49,60736,0.9010989010989011
tomato_early_blight_62.jpg,6915,2461,3017,53143,0.716283405842138
tomato_early_blight_671.jpg,6180,1859,471,57026,0.8413886997957795
tomato_early_blight_96.jpg,3503,1350,1635,59048,0.7012311079971975
tomato_early_blight_google_0000.jpg,1040,1073,3789,59634,0.299625468164794
tomato_early_blight_google_0041.jpg,8284,8557,4,48691,0.6593179195351984
tomato_early_blight_google_0056.jpg,1345,1648,1545,60998,0.4572497025327214
tomato_early_blight_google_0059.jpg,12369,3486,2058,47623,0.8169209431345353
tomato_early_blight_google_0152.jpg,6796,2633,1291,54816,0.7759762502854533
tomato_early_blight_google_0163.jpg,3261,1279,635,60361,0.7731152204836416
tomato_early_blight_google_0177.jpg,8278,21016,142,36100,0.4389881741528345
tomato_early_blight_google_0188.jpg,5577,5172,1414,53373,0.6287485907553552
tomato_early_blight_google_0198.jpg,8550,3525,3273,50188,0.7155410494602059
tomato_early_blight_google_0209.jpg,1619,115,345,63457,0.8756084369929692
tomato_early_blight_google_0247.jpg,5737,1418,1424,56957,0.8014808605755798
tomato_early_blight_google_0249.jpg,764,2427,2,62343,0.38615112458933537
tomato_early_blight_google_0267.jpg,7343,558,1028,56607,0.9025319567354966
tomato_early_blight_google_0273.jpg,5387,4511,3354,52284,0.578035302323086
tomato_early_blight_google_0291.jpg,5078,1671,3493,55294,0.6629242819843342
tomato_early_blight_google_0319.jpg,1628,410,288,63210,0.8234699038947901
tomato_early_blight_google_0326.jpg,11004,4032,2049,48451,0.7835095589020613
tomato_early_blight_google_0341.jpg,5098,4229,5224,50985,0.5189068145961626
tomato_early_blight_google_0355.jpg,7825,3162,2368,52181,0.73890462700661
tomato_early_blight_google_0411.jpg,2559,7457,141,55379,0.4024850581944008
tomato_early_blight_google_0427.jpg,45374,1944,6600,11618,0.9139507714619506
tomato_late_blight_10.jpg,1102,416,12,64006,0.837386018237082
tomato_late_blight_109.jpg,10013,1093,1748,52682,0.8757598285739275
tomato_late_blight_113.jpg,1907,1170,15,62444,0.7629525905181036
tomato_late_blight_142.jpg,1424,10822,143,53147,0.2061825816260045
tomato_late_blight_147.jpg,1353,8496,1270,54417,0.21696600384862091
tomato_late_blight_182.jpg,2897,2433,1091,59115,0.621807254775703
tomato_late_blight_185.jpg,4445,710,479,59902,0.8820319476138506
tomato_late_blight_19.jpg,1777,174,197,63388,0.9054777070063694
tomato_late_blight_199.jpg,4259,1540,74,59663,0.8407027240426372
tomato_late_blight_204.jpg,4677,193,121,60545,0.9675217211419115
tomato_late_blight_205.jpg,2200,827,2758,59751,0.5510331872260489
tomato_late_blight_207.jpg,5507,954,2150,56925,0.7801388298625868
tomato_late_blight_209.jpg,12521,961,943,51111,0.9293401618050917
tomato_late_blight_233.jpg,22514,477,2635,39910,0.9353552139592854
tomato_late_blight_61.jpg,26121,10218,523,28674,0.829461918295413
tomato_late_blight_65.jpg,8323,2240,205,54768,0.8719291812896129
tomato_late_blight_76.jpg,2462,917,61,62096,0.8342934598441206
tomato_late_blight_99.jpg,3614,3058,921,57943,0.6449540465780316
tomato_late_blight_google_0024.jpg,6455,164,3565,55352,0.7758879740369012
tomato_late_blight_google_0045.jpg,10444,706,899,53487,0.9286444671675632
tomato_late_blight_google_0059.jpg,4244,9261,510,51521,0.46486664110849446
tomato_late_blight_google_0067.jpg,5718,2996,4926,51896,0.5907635086269243
tomato_late_blight_google_0080.jpg,11296,101,1708,52431,0.9258636941108971
tomato_late_blight_google_0081.jpg,1759,390,3189,60198,0.49570240946878963
tomato_late_blight_google_0084.jpg,1349,39,6132,58016,0.3042056601646183
tomato_late_blight_google_0095.jpg,12220,855,3290,49171,0.8549938779079937
tomato_late_blight_google_0118.jpg,955,170,1256,63155,0.5725419664268585
tomato_late_blight_google_0137.jpg,10327,297,712,54200,0.9534228869500992
tomato_late_blight_google_0175.jpg,10464,9724,575,44773,0.670189259294841
tomato_late_blight_google_0217.jpg,4472,1669,602,58793,0.7975033437360678
tomato_late_blight_google_0221.jpg,3806,2925,135,58670,0.7132683658170914
tomato_late_blight_google_0224.jpg,669,1993,979,61895,0.31044083526682137
tomato_late_blight_google_0226.jpg,5201,3051,1719,55565,0.6856050619562352
tomato_leaf_mold_10.jpg,8882,6039,996,49619,0.7163192064196137
tomato_leaf_mold_148.jpg,10930,19308,1022,34276,0.5181322588291064
tomato_leaf_mold_150.jpg,5780,1751,440,57565,0.8406661333721184
tomato_leaf_mold_151.jpg,6152,1300,2008,56076,0.7881117089418396
tomato_leaf_mold_163.jpg,5220,4529,40,55747,0.6955826504097542
tomato_leaf_mold_182.jpg,27971,4561,1661,31343,0.89990991570684
tomato_leaf_mold_190.jpg,1586,101,816,63033,0.7757397896796283
tomato_leaf_mold_196.jpg,218,636,2487,62195,0.12250632200056195
tomato_leaf_mold_202.jpg,14987,1742,3376,45431,0.8541547931152399
tomato_leaf_mold_203.jpg,26860,4482,3215,30979,0.8746763925297556
tomato_leaf_mold_235.jpg,780,440,1532,62784,0.4416761041902605
tomato_leaf_mold_25.jpg,12162,4258,312,48804,0.8418356752266907
tomato_leaf_mold_259.jpg,5585,1231,1127,57593,0.8256948551153164
tomato_leaf_mold_264.jpg,1488,8352,171,55525,0.2588051134881294
tomato_leaf_mold_265.jpg,12956,4558,481,47541,0.837194274821492
tomato_leaf_mold_277.jpg,2818,2957,516,59245,0.618728729827643
tomato_leaf_mold_31.jpg,1960,613,2589,60374,0.5504071889918563
tomato_leaf_mold_32.jpg,3201,944,2139,59252,0.6749604638903531
tomato_leaf_mold_40.jpg,1643,0,426,63467,0.8852370689655172
tomato_leaf_mold_59.jpg,9985,3080,1781,50690,0.8042366396842656
tomato_leaf_mold_99.jpg,4224,3166,1966,56180,0.6220913107511046
tomato_leaf_mold_google_0002.jpg,7171,2420,3031,52914,0.7245996059212853
tomato_leaf_mold_google_0007.jpg,3186,231,1228,60891,0.813689184012259
tomato_leaf_mold_google_0024.jpg,12885,10812,4661,37178,0.6248333050457048
tomato_leaf_mold_google_0051.jpg,6111,709,1168,57548,0.8668699907794879
tomato_leaf_mold_google_0105.jpg,15789,12046,4959,32742,0.6499804458349628
tomato_leaf_mold_google_0116.jpg,10143,4140,665,50588,0.8084970706627874
tomato_leaf_mold_google_0131.jpg,11290,643,4911,48692,0.8025876164071941
tomato_leaf_mold_google_0135.jpg,3647,973,616,60300,0.8211189913317573
tomato_leaf_mold_google_0152.jpg,2182,2481,3233,57640,0.43302242508434213
tomato_leaf_mold_google_0174.jpg,8844,9508,1849,45335,0.608986056119814
tomato_mosaic_virus_143.jpg,4435,12552,234,48315,0.40958625785001845
tomato_mosaic_virus_15.jpg,33392,723,1884,29537,0.9624302863483737
tomato_mosaic_virus_16.jpg,11419,4745,1974,47398,0.7726765233278073
tomato_mosaic_virus_194.jpg,14044,26346,565,24581,0.5107001945489918
tomato_mosaic_virus_25.jpg,8261,13221,2527,41527,0.5119925627517818
tomato_mosaic_virus_33.jpg,9394,38206,4,17932,0.32962560089827714
tomato_mosaic_virus_55.jpg,15831,969,15818,32918,0.6535119403909265
tomato_mosaic_virus_google_0031.jpg,8359,12337,2648,42192,0.5273317982525313
tomato_mosaic_virus_google_0042.jpg,4633,6128,1113,53662,0.5613376143454292
tomato_mosaic_virus_google_0049.jpg,38209,658,1624,25045,0.9710038119440915
tomato_mosaic_virus_google_0113.jpg,15860,6733,25,42918,0.8243671708508759
tomato_mosaic_virus_google_0126.jpg,9231,1647,6654,48004,0.689832978365654
tomato_mosaic_virus_google_0140.jpg,8614,22381,79,34462,0.4340858697843177
tomato_septoria_leaf_spot_10.jpg,2218,1084,506,61728,0.7361433786923333
tomato_septoria_leaf_spot_18.jpg,1256,28629,4,35647,0.08065500080269707
tomato_septoria_leaf_spot_20.jpg,2179,1295,897,61165,0.6653435114503817
tomato_septoria_leaf_spot_243.jpg,2329,329,360,62518,0.8711426968393492
tomato_septoria_leaf_spot_61.jpg,5660,167,8104,51605,0.5778163442397019
tomato_septoria_leaf_spot_63.jpg,22797,11647,999,30093,0.782864010989011
tomato_septoria_leaf_spot_80.jpg,40212,1529,5519,18276,0.9194256447777575
tomato_septoria_leaf_spot_google_0021.jpg,3520,1307,3708,57001,0.5839900456242223
tomato_septoria_leaf_spot_google_0022.jpg,7271,1443,6838,49984,0.6371642641195285
tomato_septoria_leaf_spot_google_0023.jpg,5816,1009,2853,55858,0.750742222795921
tomato_septoria_leaf_spot_google_0026.jpg,19833,446,3906,41351,0.9011313553546276
tomato_septoria_leaf_spot_google_0027.jpg,23943,523,16011,25059,0.743340577460416
tomato_septoria_leaf_spot_google_0033.jpg,5544,370,20174,39448,0.3505311077389985
tomato_septoria_leaf_spot_google_0045.jpg,11969,514,12032,41021,0.6561232321017433
tomato_septoria_leaf_spot_google_0051.jpg,4559,6633,267,54077,0.5692346110625546
tomato_septoria_leaf_spot_google_0053.jpg,2411,10050,822,52253,0.30725117879444375
tomato_septoria_leaf_spot_google_0061.jpg,15847,1790,2396,45503,0.8833333333333333
tomato_septoria_leaf_spot_google_0070.jpg,13351,1084,8346,42755,0.7390125096867043
tomato_septoria_leaf_spot_google_0081.jpg,26095,3199,1731,34511,0.9136904761904762
tomato_septoria_leaf_spot_google_0128.jpg,8308,442,10042,46744,0.6131365313653137
tomato_septoria_leaf_spot_google_0131.jpg,11979,1477,2259,49821,0.8650971329529862
tomato_septoria_leaf_spot_google_0151.jpg,7691,218,8970,48657,0.626048026048026
tomato_septoria_leaf_spot_google_0189.jpg,3401,807,700,60628,0.8186304007702492
tomato_septoria_leaf_spot_google_0205.jpg,3206,5,10007,52318,0.39040428641013153
tomato_septoria_leaf_spot_google_0208.jpg,12866,11783,611,40276,0.6749200020983056
tomato_septoria_leaf_spot_google_0243.jpg,7693,668,8713,48462,0.6212298623167926
tomato_yellow_leaf_curl_virus_15.jpg,4723,1628,13449,45736,0.3851894140194919
tomato_yellow_leaf_curl_virus_17.jpg,8129,3740,2888,50779,0.710390631827318
tomato_yellow_leaf_curl_virus_18.jpg,12246,4057,3767,45466,0.7578908280727813
tomato_yellow_leaf_curl_virus_227.jpg,17826,2859,1898,42953,0.8822787002895395
tomato_yellow_leaf_curl_virus_4.jpg,6644,3873,9960,45059,0.4899524353821762
tomato_yellow_leaf_curl_virus_40.jpg,3402,13585,4046,44503,0.27845303867403315
tomato_yellow_leaf_curl_virus_44.jpg,9252,3683,3973,48628,0.7073394495412844
tomato_yellow_leaf_curl_virus_62.jpg,14179,2123,5024,44210,0.7987044078298832
tomato_yellow_leaf_curl_virus_99.jpg,1847,1875,8156,53658,0.269143897996357
tomato_yellow_leaf_curl_virus_google_0010.jpg,8908,653,2331,53644,0.8565384615384616
tomato_yellow_leaf_curl_virus_google_0021.jpg,5725,12963,3707,43141,0.40718349928876246
tomato_yellow_leaf_curl_virus_google_0032.jpg,5,2827,3080,59624,0.0016900456312320432
tomato_yellow_leaf_curl_virus_google_0037.jpg,19617,4687,4523,36709,0.8098835769135496
tomato_yellow_leaf_curl_virus_google_0061.jpg,5789,8139,1657,49951,0.5416861607560588
tomato_yellow_leaf_curl_virus_google_0072.jpg,5025,3862,5413,51236,0.5200517464424321
tomato_yellow_leaf_curl_virus_google_0078.jpg,16753,8842,4382,35559,0.7170126257222341
tomato_yellow_leaf_curl_virus_google_0114.jpg,4342,8493,5187,47514,0.38830262922554104
tomato_yellow_leaf_curl_virus_google_0146.jpg,125,1207,257,63947,0.14585764294049008
tomato_yellow_leaf_curl_virus_google_0162.jpg,16692,11650,2121,35073,0.7079631004135298
wheat_bacterial_leaf_streak_(black_chaff)_Baidu_0031.jpg,984,727,1691,62134,0.4487004103967168
wheat_bacterial_leaf_streak_(black_chaff)_Baidu_0039.jpg,2033,296,2671,60536,0.5781316650078203
wheat_bacterial_leaf_streak_(black_chaff)_Baidu_0040.jpg,3814,72,10634,51016,0.4160575979055307
wheat_bacterial_leaf_streak_(black_chaff)_Baidu_0202.jpg,2796,191,7447,55102,0.4226757369614512
wheat_bacterial_leaf_streak_(black_chaff)_Baidu_0217.jpg,1381,896,6545,56714,0.27070469469763797
wheat_bacterial_leaf_streak_(black_chaff)_Baidu_0235.jpg,8325,966,7227,49018,0.6702089119671537
wheat_bacterial_leaf_streak_(black_chaff)_Baidu_0241.jpg,1155,606,1355,62420,0.5408569421681105
wheat_bacterial_leaf_streak_(black_chaff)_Baidu_0253.jpg,216,129,4080,61111,0.09308338720103426
wheat_bacterial_leaf_streak_(black_chaff)_Baidu_0275.jpg,40961,194,2433,21948,0.9689292599557653
wheat_bacterial_leaf_streak_(black_chaff)_Bing_0004.jpg,18808,641,986,45101,0.9585403766276788
wheat_bacterial_leaf_streak_(black_chaff)_Bing_0009.jpg,30888,749,15308,18591,0.7936993306181183
wheat_bacterial_leaf_streak_(black_chaff)_Google_0141.jpg,6090,2399,387,56660,0.813844714686623
wheat_bacterial_leaf_streak_(black_chaff)_Google_0142.jpg,11275,115,12465,41681,0.6419015086820381
wheat_bacterial_leaf_streak_(black_chaff)_Google_0283.jpg,3451,726,3696,57663,0.6095019427764041
wheat_bacterial_leaf_streak_(black_chaff)_Google_0314.jpg,12755,3717,2821,46243,0.795993509735397
wheat_bacterial_leaf_streak_(black_chaff)_black_chaff (10).jpg,18172,2254,1072,44038,0.9161583060247038
wheat_bacterial_leaf_streak_(black_chaff)_black_chaff (2).jpg,9662,200,2511,53163,0.8769684592693442
wheat_bacterial_leaf_streak_(black_chaff)_black_chaff (23).jpg,996,0,4909,59631,0.28865381828720477
wheat_bacterial_leaf_streak_(black_chaff)_black_chaff (25).jpg,10300,3217,4508,47511,0.7272727272727273
wheat_bacterial_leaf_streak_(black_chaff)_black_chaff (3).jpg,23066,1474,1879,39117,0.9322420935637061
wheat_bacterial_leaf_streak_(black_chaff)_black_chaff (9).jpg,3279,8765,368,53124,0.4179465935886814
wheat_bacterial_leaf_streak_(black_chaff)_google_black_chaff (15).jpg,403,64,382,64687,0.6437699680511182
wheat_bacterial_leaf_streak_(black_chaff)_google_black_chaff (5).jpg,1068,394,71,64003,0.8212226066897347
wheat_head_scab_Baidu_0007.jpg,255,1174,544,63563,0.2289048473967684
wheat_head_scab_Baidu_0018.jpg,3701,1897,4069,55869,0.5537103530819868
wheat_head_scab_Baidu_0053.jpg,13960,3190,2233,46153,0.8373571664217377
wheat_head_scab_Baidu_0065.jpg,2123,1304,146,61963,0.745435393258427
wheat_head_scab_Baidu_0081.jpg,21067,8405,263,35801,0.8293767961891264
wheat_head_scab_Baidu_0093.jpg,1989,1697,1805,60045,0.5318181818181819
wheat_head_scab_Baidu_0101.jpg,4190,532,428,60386,0.8972162740899358
wheat_head_scab_Baidu_0111.jpg,2749,612,9057,53118,0.36249752752686754
wheat_head_scab_Baidu_0127.jpg,6331,13714,387,45104,0.4731158689235138
wheat_head_scab_Baidu_0137.jpg,553,371,57,64555,0.7209908735332464
wheat_head_scab_Baidu_0138.jpg,2280,148,4494,58614,0.4955444468593784
wheat_head_scab_Baidu_0144.jpg,3297,2325,2727,57187,0.5662029881504379
wheat_head_scab_Baidu_0162.jpg,3079,6819,1820,53818,0.41616543894032576
wheat_head_scab_Baidu_0175.jpg,10911,2327,1914,50384,0.837278901124199
wheat_head_scab_Baidu_0185.jpg,4321,392,564,60259,0.9003959158157949
wheat_head_scab_Baidu_0264.jpg,8527,2511,1842,52656,0.7966552996683328
wheat_head_scab_Baidu_0281.jpg,2279,1711,1113,60433,0.6174478461121647
wheat_head_scab_Baidu_0297.jpg,876,48,717,63895,0.6960667461263409
wheat_head_scab_Baidu_0310.jpg,20533,1538,1216,42249,0.9371519853947969
wheat_head_scab_Baidu_0332.jpg,13583,9850,4188,37915,0.6593049218522473
wheat_head_scab_Baidu_0368.jpg,6828,37,15493,43178,0.46789556636743646
wheat_head_scab_Baidu_0404.jpg,2503,1612,7893,53528,0.34497967059472123
wheat_head_scab_Baidu_0431.jpg,3462,186,2113,59775,0.7507318659872059
wheat_head_scab_Baidu_0434.jpg,10046,843,15705,38942,0.5483624454148471
wheat_head_scab_Baidu_0474.jpg,13814,773,783,50166,0.9466831140350878
wheat_head_scab_Baidu_0481.jpg,2368,30,1038,62100,0.8159889731219848
wheat_head_scab_Bing_0023.jpg,6236,347,714,58239,0.9215990541638956
wheat_head_scab_Bing_0040.jpg,1489,796,1871,61380,0.5275465013286094
wheat_head_scab_Bing_0043.jpg,6079,4632,38,54787,0.7224863323033041
wheat_head_scab_Bing_0071.jpg,645,298,7,64586,0.8087774294670846
wheat_head_scab_Bing_0087.jpg,6277,847,748,57664,0.8872711852427734
wheat_head_scab_Bing_0111.jpg,3402,744,147,61243,0.8842105263157894
wheat_head_scab_Bing_0125.jpg,10800,1279,267,53190,0.9332066015726259
wheat_head_scab_Bing_0138.jpg,1454,458,70,63554,0.8463329452852154
wheat_head_scab_Bing_0140.jpg,58,70,718,64690,0.12831858407079647
wheat_head_scab_Bing_0141.jpg,750,236,49,64501,0.8403361344537815
wheat_head_scab_Bing_0176.jpg,5593,382,3541,56020,0.7403534317294328
wheat_head_scab_Bing_0178.jpg,803,5103,1645,57985,0.19224323677280344
wheat_head_scab_Bing_0179.jpg,6365,7123,315,51733,0.6311979373264578
wheat_head_scab_Bing_0181.jpg,724,3869,0,60943,0.27233402294526987
wheat_head_scab_Bing_0186.jpg,4976,1805,3180,55575,0.6662649795809065
wheat_head_scab_Bing_0204.jpg,24424,1542,3673,35897,0.9035384643841444
wheat_head_scab_Bing_0206.jpg,7040,2268,270,55958,0.8472740401973763
wheat_head_scab_Bing_0219.jpg,4338,902,26,60270,0.9033735943356934
wheat_head_scab_Bing_0245.jpg,855,176,52,64453,0.8823529411764706
wheat_head_scab_Bing_0257.jpg,2990,609,74,61863,0.8974936214918205
wheat_head_scab_Bing_0272.jpg,832,1989,14,62701,0.45377692937005726
wheat_head_scab_Bing_0279.jpg,5280,2739,2608,54909,0.6638586785691833
wheat_head_scab_Bing_0287.jpg,0,2473,0,63063,0.0
wheat_head_scab_Bing_0288.jpg,408,1446,1014,62668,0.2490842490842491
wheat_head_scab_Bing_0298.jpg,941,384,50,64161,0.812607944732297
wheat_head_scab_Bing_0311.jpg,533,266,25,64712,0.7855563743551953
wheat_head_scab_Bing_0319.jpg,2265,177,229,62865,0.9177471636952999
wheat_head_scab_Google_0034.jpg,1146,161,253,63976,0.8470066518847007
wheat_head_scab_Google_0057.jpg,1532,286,204,63514,0.8621271806415307
wheat_head_scab_Google_0083.jpg,6454,555,498,58029,0.9245756034668003
wheat_head_scab_Google_0085.jpg,5412,1797,743,57584,0.8099371445674948
wheat_head_scab_Google_0098.jpg,6967,1582,1289,55698,0.8291579886938412
wheat_head_scab_Google_0189.jpg,2506,5793,830,56407,0.4307692307692308
wheat_head_scab_Google_0202.jpg,3875,4167,87,57407,0.6456181272909031
wheat_head_scab_Google_0205.jpg,968,11,4004,60553,0.32532347504621073
wheat_head_scab_Google_0264.jpg,0,0,111,65425,0.0
wheat_head_scab_Google_0309.jpg,13936,6704,2267,42629,0.7565073419645523
wheat_head_scab_Google_0394.jpg,728,2591,80,62137,0.352798643082142
wheat_leaf_rust_Baidu_0025.jpg,40279,228,3590,21439,0.9547501659239594
wheat_leaf_rust_Baidu_0072.jpg,4783,1983,4775,53995,0.5860083312913501
wheat_leaf_rust_Baidu_0088.jpg,6722,151,638,58025,0.944565446497576
wheat_leaf_rust_Baidu_0263.jpg,5596,169,853,58918,0.9163255280825282
wheat_leaf_rust_Baidu_0317.jpg,7014,193,2098,56231,0.8596114958024389
wheat_leaf_rust_Baidu_0365.jpg,5992,3431,460,55653,0.7548976377952756
wheat_leaf_rust_Bing_0008.jpg,27183,97,3599,34657,0.9363439082360235
wheat_leaf_rust_Bing_0020.jpg,9676,8,7162,48690,0.7296583968026544
wheat_leaf_rust_Bing_0031.jpg,59045,1964,187,4340,0.9821109272211641
wheat_leaf_rust_Bing_0032.jpg,19635,60,9040,36801,0.8118668596237337
wheat_leaf_rust_Bing_0034.jpg,9153,1480,1605,53298,0.8557804684212986
wheat_leaf_rust_Bing_0036.jpg,2769,590,1522,60655,0.7239215686274509
wheat_leaf_rust_Bing_0042.jpg,21300,2175,319,41742,0.9446933073136116
wheat_leaf_rust_Bing_0047.jpg,22654,31,723,42128,0.9836307585428335
wheat_leaf_rust_Bing_0055.jpg,9265,1124,1174,53973,0.889667754945266
wheat_leaf_rust_Google_0037.jpg,6276,10651,3521,45088,0.469690166142793
wheat_leaf_rust_Google_0040.jpg,23931,4136,1479,35990,0.8950015894683696
wheat_leaf_rust_Google_0058.jpg,25702,163,1904,37767,0.9613435320080044
wheat_leaf_rust_Google_0065.jpg,19517,3831,1593,40595,0.8779972108506905
wheat_leaf_rust_Google_0069.jpg,18521,139,290,46586,0.9885511462197433
wheat_leaf_rust_Google_0103.jpg,13794,1371,5485,44886,0.8009522703518756
wheat_leaf_rust_Google_0328.jpg,3830,383,639,60684,0.8822851877447593
wheat_leaf_rust_Google_0339.jpg,36609,412,2363,26152,0.963483478741463
wheat_leaf_rust_Google_0358.jpg,8735,230,4180,52391,0.7984460694698354
wheat_leaf_rust_Google_0374.jpg,291,53,520,64672,0.5038961038961038
wheat_leaf_rust_Google_0376.jpg,10629,5034,1541,48332,0.7637696259835447
wheat_loose_smut_Baidu_0009.jpg,2522,6922,291,55801,0.4115199477849392
wheat_loose_smut_Baidu_0016.jpg,2392,508,284,62352,0.8579626972740315
wheat_loose_smut_Baidu_0023.jpg,16841,854,1571,46270,0.9328385077685767
wheat_loose_smut_Baidu_0034.jpg,4846,244,1080,59366,0.8798111837327524
wheat_loose_smut_Baidu_0036.jpg,13248,3068,1609,47611,0.8499663170051006
wheat_loose_smut_Bing_0004.jpg,12741,1000,1168,50627,0.9215913200723327
wheat_loose_smut_Bing_0008.jpg,3195,204,785,61352,0.8659709987803226
wheat_loose_smut_Bing_0009.jpg,6027,407,462,58640,0.9327555521163816
wheat_loose_smut_Bing_0022.jpg,2341,605,1340,61250,0.7065036969971329
wheat_loose_smut_Bing_0027.jpg,3713,82,284,61457,0.9530287474332649
wheat_loose_smut_Bing_0095.jpg,600,255,4678,60003,0.19566280776129139
wheat_loose_smut_Bing_0097.jpg,1984,618,261,62673,0.8186507117804828
wheat_loose_smut_Bing_0107.jpg,7604,659,637,56636,0.9214735821619001
wheat_loose_smut_Bing_0109.jpg,4660,3959,793,56124,0.6623081296191018
wheat_loose_smut_Bing_0113.jpg,5600,573,557,58806,0.9083536090835361
wheat_loose_smut_Bing_0123.jpg,16019,1660,1041,46816,0.9222487693946285
wheat_loose_smut_Bing_0136.jpg,656,9066,21,55793,0.12616597749783634
wheat_loose_smut_Bing_0137.jpg,2085,602,140,62709,0.8489413680781759
wheat_loose_smut_Bing_0176.jpg,4334,95,377,60730,0.9483588621444201
wheat_loose_smut_Bing_0178.jpg,0,5679,974,58883,0.0
wheat_loose_smut_Bing_0199.jpg,205,362,2446,62523,0.127408328154133
wheat_loose_smut_Bing_0203.jpg,4259,170,258,60849,0.9521573887771071
wheat_loose_smut_Bing_0230.jpg,4468,543,181,60344,0.9250517598343685
wheat_loose_smut_Bing_0234.jpg,2411,319,1394,61412,0.7378729915837796
wheat_loose_smut_Bing_0239.jpg,8021,1290,1120,55105,0.8693908519401691
wheat_loose_smut_Bing_0245.jpg,345,1357,38,63796,0.33093525179856115
wheat_loose_smut_Bing_0263.jpg,1869,54,297,63316,0.9141599413059428
wheat_loose_smut_Bing_0264.jpg,1245,303,79,63909,0.866991643454039
wheat_loose_smut_Bing_0283.jpg,1367,21904,0,42265,0.11096679925318613
wheat_loose_smut_Bing_0290.jpg,955,225,38,64318,0.878969167050161
wheat_loose_smut_Bing_0299.jpg,399,234,5,64898,0.7695274831243973
wheat_loose_smut_Bing_0305.jpg,4639,1475,666,58756,0.8125054733339172
wheat_loose_smut_Bing_0335.jpg,813,35,315,64373,0.8228744939271255
wheat_loose_smut_Bing_0400.jpg,4785,220,1522,59009,0.8460042432814711
wheat_loose_smut_Google_0043.jpg,3190,198,382,61766,0.9166666666666666
wheat_loose_smut_Google_0065.jpg,7543,391,945,56657,0.9186457191572281
wheat_loose_smut_Google_0068.jpg,10717,148,2433,52238,0.8925255048927754
wheat_loose_smut_Google_0079.jpg,3151,168,701,61516,0.8788174592107098
wheat_loose_smut_Google_0081.jpg,4575,141,743,60077,0.9118995415587005
wheat_loose_smut_Google_0178.jpg,6026,34,2546,56930,0.8236741388737014
wheat_loose_smut_Google_0229.jpg,484,198,7,64847,0.8252344416027281
wheat_loose_smut_Google_0241.jpg,3035,859,205,61437,0.8508550602747407
wheat_loose_smut_Google_0253.jpg,1409,1443,782,61902,0.5587943684314892
wheat_powdery_mildew_Baidu_0001.jpg,13739,3580,2499,45718,0.8188455463837649
wheat_powdery_mildew_Baidu_0007.jpg,6323,1562,2667,54984,0.7493925925925926
wheat_powdery_mildew_Baidu_0012.jpg,11486,15155,1338,37557,0.5820853921195996
wheat_powdery_mildew_Baidu_0019.jpg,667,100,176,64593,0.8285714285714286
wheat_powdery_mildew_Baidu_0034.jpg,12888,3477,1125,48046,0.8485087892553822
wheat_powdery_mildew_Baidu_0040.jpg,4297,6853,4560,49826,0.42954965761983305
wheat_powdery_mildew_Baidu_0044.jpg,1590,1535,5046,57365,0.325786292388075
wheat_powdery_mildew_Baidu_0049.jpg,49147,19,16198,172,0.8583804176018024
wheat_powdery_mildew_Baidu_0070.jpg,1894,2007,5351,56284,0.3398528620132783
wheat_powdery_mildew_Baidu_0082.jpg,9668,12670,670,42528,0.591749296119476
wheat_powdery_mildew_Baidu_0083.jpg,2126,1442,766,61202,0.6582043343653251
wheat_powdery_mildew_Baidu_0089.jpg,2725,10215,1226,51370,0.3226570362915162
wheat_powdery_mildew_Baidu_0108.jpg,15701,594,6845,42396,0.8084755799284261
wheat_powdery_mildew_Baidu_0141.jpg,6930,70,15624,42912,0.4689720511605874
wheat_powdery_mildew_Baidu_0181.jpg,40683,313,19505,5035,0.8041389943074004
wheat_powdery_mildew_Baidu_0206.jpg,4292,4057,2677,54510,0.5603864734299517
wheat_powdery_mildew_Baidu_0252.jpg,722,150,14772,49892,0.08823169986557497
wheat_powdery_mildew_Baidu_0279.jpg,7661,2158,3689,52028,0.7237942274080023
wheat_powdery_mildew_Baidu_0286.jpg,39087,33,25870,546,0.7511169614804424
wheat_powdery_mildew_Baidu_0295.jpg,404,1159,542,63431,0.3220406536468713
wheat_powdery_mildew_Bing_0005.jpg,2512,1689,42492,18843,0.10210344477187278
wheat_powdery_mildew_Bing_0014.jpg,37224,220,1898,26194,0.9723375910978763
wheat_powdery_mildew_Bing_0016.jpg,19866,830,25,44815,0.9789341414738709
wheat_powdery_mildew_Bing_0023.jpg,29067,652,696,35121,0.9773376819878282
wheat_powdery_mildew_Bing_0037.jpg,44832,745,720,19239,0.9839238881146507
wheat_powdery_mildew_Bing_0042.jpg,9154,5556,3174,47652,0.6771210888379318
wheat_powdery_mildew_Bing_0043.jpg,18241,2728,13994,30573,0.6857003232839636
wheat_powdery_mildew_Bing_0045.jpg,4744,5164,8,55620,0.6472032742155526
wheat_powdery_mildew_Bing_0054.jpg,1741,12003,3142,48650,0.18693294679765932
wheat_powdery_mildew_Bing_0073.jpg,14333,857,4446,45900,0.8438870735081987
wheat_powdery_mildew_Bing_0080.jpg,358,5498,6515,53165,0.056249508995207795
wheat_powdery_mildew_Bing_0088.jpg,20468,2880,7806,34382,0.7929952345899035
wheat_powdery_mildew_Bing_0093.jpg,22677,3348,1012,38499,0.9122983465422215
wheat_powdery_mildew_Bing_0115.jpg,199,9454,42,55841,0.04022639983828583
wheat_powdery_mildew_Bing_0126.jpg,29766,168,772,34830,0.9844556158221986
wheat_powdery_mildew_Bing_0163.jpg,24775,154,31281,9326,0.6118416990800766
wheat_powdery_mildew_Bing_0170.jpg,9376,1122,2274,52764,0.8466678706880982
wheat_powdery_mildew_Bing_0177.jpg,62725,94,2183,534,0.9821729156717061
wheat_powdery_mildew_Bing_0188.jpg,25153,658,1466,38259,0.9594888422658783
wheat_powdery_mildew_Bing_0203.jpg,9462,446,1749,53879,0.8960651546001231
wheat_powdery_mildew_Bing_0214.jpg,9573,2246,12714,41003,0.5613675013194159
wheat_powdery_mildew_Bing_0219.jpg,15501,203,2660,47172,0.9154584379152517
wheat_powdery_mildew_Google_0014.jpg,5087,2624,5133,52692,0.5673972449947019
wheat_powdery_mildew_Google_0051.jpg,20233,117,659,44527,0.9811842296687843
wheat_powdery_mildew_Google_0056.jpg,13737,2511,916,48372,0.8890974402122909
wheat_powdery_mildew_Google_0079.jpg,3770,11860,1651,48255,0.35817775877630514
wheat_powdery_mildew_Google_0101.jpg,12495,351,136,52554,0.9808847195509676
wheat_powdery_mildew_Google_0115.jpg,42158,444,5407,17527,0.9351092971929863
wheat_powdery_mildew_Google_0122.jpg,8286,9588,131,47531,0.6303297706439466
wheat_powdery_mildew_Google_0203.jpg,7442,6228,4368,47498,0.5841444270015699
wheat_powdery_mildew_Google_0218.jpg,3607,8507,1539,51883,0.41796060254924683
wheat_powdery_mildew_Google_0263.jpg,9975,2186,11631,41744,0.5908135161548257
wheat_powdery_mildew_Google_0317.jpg,1103,0,823,63610,0.7282931660614064
wheat_powdery_mildew_Google_0329.jpg,13238,1742,430,50126,0.9241831890533371
wheat_septoria_blotch_Baidu_0007.jpg,2503,61,5038,57934,0.4953983176645225
wheat_septoria_blotch_Baidu_0033.jpg,1688,138,726,62984,0.7962264150943397
wheat_septoria_blotch_Baidu_0098.jpg,13345,205,2559,49427,0.9061587560263462
wheat_septoria_blotch_Baidu_0123.jpg,3552,1870,2545,57569,0.6167202014063721
wheat_septoria_blotch_Bing_0041.jpg,6742,31,1080,57683,0.923878040424803
wheat_septoria_blotch_Bing_0044.jpg,15781,3187,171,46397,0.9038373424971363
wheat_septoria_blotch_Bing_0045.jpg,9636,1140,2983,51777,0.8237657619149391
wheat_septoria_blotch_Bing_0051.jpg,5022,531,3149,56834,0.7318566015738852
wheat_septoria_blotch_Google_0016.jpg,15230,164,1155,48987,0.9584946033544164
wheat_septoria_blotch_Google_0021.jpg,14388,8051,23204,19893,0.4793523346271093
wheat_septoria_blotch_Google_0027.jpg,2729,1917,2825,58065,0.5350980392156863
wheat_septoria_blotch_Google_0049.jpg,22550,412,2414,40160,0.9410340942286024
wheat_septoria_blotch_Google_0058.jpg,14798,1880,1810,47048,0.8891425824671033
wheat_septoria_blotch_Google_0061.jpg,3879,176,1486,59995,0.8235668789808918
wheat_septoria_blotch_Google_0115.jpg,11590,478,8501,44967,0.7207935570135887
wheat_septoria_blotch_Google_0119.jpg,31937,139,5259,28201,0.9220752973784502
wheat_septoria_blotch_Google_0140.jpg,2313,19345,1964,41914,0.178368999421631
wheat_septoria_blotch_Google_0174.jpg,3880,1273,1963,58420,0.7057111676973445
wheat_septoria_blotch_Google_0206.jpg,3704,94,1353,60385,0.8365894974590626
wheat_septoria_blotch_Google_0309.jpg,10434,397,1523,53182,0.9157451290152712
wheat_septoria_blotch_blotch (10).jpg,10796,2225,9,52506,0.9062368840762193
wheat_septoria_blotch_blotch (101).jpg,3651,119,1120,60646,0.854935019318581
wheat_septoria_blotch_blotch (111).jpg,8965,2852,1489,52230,0.8050828431592654
wheat_septoria_blotch_blotch (113).jpg,11292,1729,167,52348,0.9225490196078432
wheat_septoria_blotch_blotch (12).jpg,7182,1942,423,55989,0.8586287285552036
wheat_septoria_blotch_blotch (129).jpg,6778,3371,2631,52756,0.6931179057163309
wheat_septoria_blotch_blotch (130).jpg,18988,575,36032,9941,0.5091776946489146
wheat_septoria_blotch_blotch (19).jpg,17034,1315,394,46793,0.9522318808172848
wheat_septoria_blotch_blotch (2).jpg,13749,882,1361,49544,0.9245822265559329
wheat_septoria_blotch_blotch (22).jpg,6783,1978,538,56237,0.8435517970401691
wheat_septoria_blotch_blotch (24).jpg,3947,11008,335,50246,0.4103550449654312
wheat_septoria_blotch_blotch (27).jpg,13670,7069,0,44797,0.7945595629050539
wheat_septoria_blotch_blotch (29).jpg,19118,3595,403,42420,0.9053369323294028
wheat_septoria_blotch_blotch (34).jpg,1958,386,21,63171,0.905852417302799
wheat_septoria_blotch_blotch (35).jpg,344,2235,0,62957,0.23537461512145055
wheat_septoria_blotch_blotch (39).jpg,2484,1530,34,61488,0.7605633802816901
wheat_septoria_blotch_blotch (50).jpg,15677,5062,30,44767,0.860286451188059
wheat_septoria_blotch_blotch (64).jpg,13422,260,5755,46099,0.8169451291883503
wheat_septoria_blotch_blotch (69).jpg,3225,4694,2680,54937,0.4665798611111111
wheat_septoria_blotch_blotch (79).jpg,260,610,5197,59469,0.08218745060850324
wheat_septoria_blotch_blotch (87).jpg,7768,1356,1332,55080,0.8525021949078139
wheat_septoria_blotch_google_septoria (16).jpg,1836,195,1706,61799,0.6588910820025121
wheat_septoria_blotch_google_septoria (18).jpg,12170,569,379,52418,0.9625118633343879
wheat_septoria_blotch_google_septoria (2).jpg,9401,3047,2054,51034,0.7865958247918672
wheat_septoria_blotch_google_septoria (23).jpg,3513,3171,3252,55600,0.5224180236448807
wheat_septoria_blotch_google_septoria (27).jpg,8147,1050,6508,49831,0.683129297333557
wheat_stem_rust_Baidu_0001.jpg,15816,5655,749,43316,0.8316331896098433
wheat_stem_rust_Baidu_0003.jpg,2829,1445,20,61242,0.7943282324863119
wheat_stem_rust_Baidu_0004.jpg,3928,1693,1795,58120,0.692524682651622
wheat_stem_rust_Baidu_0007.jpg,74,611,4651,60200,0.02735674676524954
wheat_stem_rust_Baidu_0127.jpg,6578,2396,751,55811,0.8069680426915292
wheat_stem_rust_Bing_0002.jpg,2319,733,128,62356,0.8434260774686306
wheat_stem_rust_Bing_0005.jpg,10933,8386,4110,42107,0.6363424713346139
wheat_stem_rust_Bing_0011.jpg,5438,4225,8130,47743,0.4681675347595885
wheat_stem_rust_Bing_0016.jpg,8502,3232,988,52814,0.8011684885035808
wheat_stem_rust_Bing_0018.jpg,17993,1799,5703,40041,0.8274926416482707
wheat_stem_rust_Bing_0040.jpg,871,765,43,63857,0.6831372549019608
wheat_stem_rust_Bing_0070.jpg,18354,1423,4179,41580,0.8675963129283857
wheat_stem_rust_Bing_0143.jpg,818,202,2987,61529,0.33906735751295336
wheat_stem_rust_Bing_0206.jpg,3343,763,120,61310,0.8833399392257894
wheat_stem_rust_Bing_0217.jpg,22058,295,15590,27593,0.7352544124264596
wheat_stem_rust_Bing_0233.jpg,2013,3469,355,59699,0.5128662420382165
wheat_stem_rust_Bing_0247.jpg,15578,590,606,48762,0.9630316518298714
wheat_stem_rust_Bing_0254.jpg,13444,4747,88,47257,0.8475869243135895
wheat_stem_rust_Bing_0261.jpg,2301,2771,273,60191,0.6018833376929114
wheat_stem_rust_Bing_0278.jpg,343,8416,1780,54997,0.0630398823745635
wheat_stem_rust_Bing_0279.jpg,999,5209,50,59278,0.27532038032244727
wheat_stem_rust_Bing_0286.jpg,1085,1246,6356,56849,0.22206303724928367
wheat_stem_rust_Google_0006.jpg,2888,1264,5878,55506,0.44712803839603654
wheat_stem_rust_Google_0066.jpg,1260,533,2168,61575,0.4826661559088297
wheat_stem_rust_Google_0071.jpg,4100,5127,64,56245,0.6123515794190127
wheat_stem_rust_Google_0101.jpg,7133,20913,592,36898,0.39881468228453215
wheat_stem_rust_Google_0140.jpg,11162,5466,66,48842,0.8014072372199885
wheat_stem_rust_Google_0274.jpg,460,4254,8,60814,0.17753763025858743
wheat_stem_rust_Google_0291.jpg,12890,1002,68,51576,0.9601489757914339
wheat_stem_rust_Google_0333.jpg,1089,4286,492,59669,0.31311098332374926
wheat_stripe_rust_Baidu_0011.jpg,3446,3925,4009,54156,0.4648590314312694
wheat_stripe_rust_Baidu_0029.jpg,1086,321,785,63344,0.6625991458206223
wheat_stripe_rust_Baidu_0030.jpg,3966,1928,104,59538,0.7960658370132477
wheat_stripe_rust_Baidu_0047.jpg,3126,6210,2713,53487,0.411993410214168
wheat_stripe_rust_Baidu_0060.jpg,789,1929,228,62590,0.42248995983935744
wheat_stripe_rust_Baidu_0068.jpg,838,191,1035,63472,0.5775327360441075
wheat_stripe_rust_Baidu_0106.jpg,4315,2329,880,58012,0.7289467015795253
wheat_stripe_rust_Baidu_0120.jpg,7480,2488,1770,53798,0.7784368820897075
wheat_stripe_rust_Baidu_0139.jpg,1895,834,785,62022,0.7006840451100018
wheat_stripe_rust_Baidu_0143.jpg,2116,130,664,62626,0.8420214882610426
wheat_stripe_rust_Baidu_0156.jpg,129,55,59,65293,0.6935483870967742
wheat_stripe_rust_Baidu_0158.jpg,746,1612,484,62694,0.4158305462653289
wheat_stripe_rust_Baidu_0205.jpg,937,835,406,63358,0.6016051364365971
wheat_stripe_rust_Baidu_0235.jpg,3838,9118,117,52463,0.4539057418248477
wheat_stripe_rust_Baidu_0243.jpg,758,5425,403,58950,0.20642701525054466
wheat_stripe_rust_Baidu_0259.jpg,187,166,213,64970,0.49667994687915007
wheat_stripe_rust_Baidu_0273.jpg,618,261,29,64628,0.8099606815203145
wheat_stripe_rust_Baidu_0286.jpg,6448,680,2770,55638,0.7889391900159061
wheat_stripe_rust_Baidu_0317.jpg,5555,912,150,58919,0.9127505750903714
wheat_stripe_rust_Baidu_0320.jpg,1958,92,203,63283,0.9299453811446212
wheat_stripe_rust_Baidu_0336.jpg,985,68,98,64385,0.9222846441947565
wheat_stripe_rust_Baidu_0349.jpg,9886,512,6727,48411,0.7319980748583911
wheat_stripe_rust_Baidu_0355.jpg,5633,538,4230,55135,0.7026319071972059
wheat_stripe_rust_Baidu_0401.jpg,1227,1194,58,63057,0.6621694549379384
wheat_stripe_rust_Baidu_0420.jpg,24375,2669,44,38448,0.9472825136505839
wheat_stripe_rust_Baidu_0448.jpg,6449,1635,325,57127,0.8680845335846009
wheat_stripe_rust_Baidu_0484.jpg,4159,1289,450,59638,0.8270856120115343
wheat_stripe_rust_Bing_0002.jpg,16651,547,712,47626,0.963571655912734
wheat_stripe_rust_Bing_0005.jpg,6908,2591,3954,52083,0.6785521339816315
wheat_stripe_rust_Bing_0007.jpg,11118,288,124,54006,0.981808548216178
wheat_stripe_rust_Bing_0011.jpg,12644,4349,27,48516,0.8524811218985976
wheat_stripe_rust_Bing_0022.jpg,12210,1513,2831,48982,0.8489778890279516
wheat_stripe_rust_Bing_0053.jpg,26150,2715,17,36654,0.950356156418084
wheat_stripe_rust_Bing_0066.jpg,7924,2752,16,54844,0.8513107004727116
wheat_stripe_rust_Bing_0072.jpg,5891,8673,14,50958,0.57560213005032
wheat_stripe_rust_Bing_0080.jpg,3779,478,307,60972,0.905909145391346
wheat_stripe_rust_Bing_0083.jpg,3239,210,1886,60201,0.755540004665267
wheat_stripe_rust_Bing_0084.jpg,19312,1235,2842,42147,0.904522142338587
wheat_stripe_rust_Bing_0093.jpg,16538,2852,34,46112,0.9197486235470774
wheat_stripe_rust_Bing_0097.jpg,5766,592,2076,57102,0.8121126760563381
wheat_stripe_rust_Bing_0105.jpg,324,129,81,65002,0.7552447552447552
wheat_stripe_rust_Bing_0108.jpg,1653,478,297,63108,0.810095564812546
wheat_stripe_rust_Bing_0111.jpg,10379,1423,345,53389,0.9215129184053982
wheat_stripe_rust_Bing_0113.jpg,17714,3259,1503,43060,0.8815128141328689
wheat_stripe_rust_Bing_0135.jpg,6477,5012,1046,53001,0.6813591415947823
wheat_stripe_rust_Bing_0137.jpg,2834,205,474,62023,0.8930203245627856
wheat_stripe_rust_Bing_0142.jpg,2756,1982,412,60386,0.6971920060713382
wheat_stripe_rust_Bing_0159.jpg,19901,6195,417,39023,0.8575429827207308
wheat_stripe_rust_Bing_0160.jpg,10668,941,911,53016,0.9201311022942902
wheat_stripe_rust_Bing_0173.jpg,5482,878,306,58870,0.9025353967731313
wheat_stripe_rust_Bing_0177.jpg,43970,423,819,20324,0.9860734228880267
wheat_stripe_rust_Bing_0178.jpg,1413,840,122,63161,0.7460401267159451
wheat_stripe_rust_Bing_0181.jpg,13920,811,1554,49251,0.9217017050157259
wheat_stripe_rust_Bing_0209.jpg,3984,1941,5925,53686,0.5032209170140205
wheat_stripe_rust_Bing_0224.jpg,6229,1847,777,56683,0.826017769526588
wheat_stripe_rust_Bing_0225.jpg,2075,604,94,62763,0.856023102310231
wheat_stripe_rust_Bing_0228.jpg,14991,1549,1080,47916,0.9193830302658612
wheat_stripe_rust_Bing_0233.jpg,8220,1880,6344,49092,0.6665585468699319
wheat_stripe_rust_Bing_0241.jpg,8733,830,14,55959,0.9539049699617695
wheat_stripe_rust_Bing_0252.jpg,17269,4732,179,43356,0.875510152348602
wheat_stripe_rust_Bing_0257.jpg,9390,2931,434,52781,0.8480469631971099
wheat_stripe_rust_Bing_0287.jpg,4035,170,1057,60274,0.8680219425621168
wheat_stripe_rust_Google_0029.jpg,12255,6760,90,46431,0.7815688775510204
wheat_stripe_rust_Google_0045.jpg,16670,528,617,47721,0.966797158184718
wheat_stripe_rust_Google_0064.jpg,15352,1336,626,48222,0.9399375497459131
wheat_stripe_rust_Google_0115.jpg,11571,831,51,53083,0.9632867132867133
wheat_stripe_rust_Google_0148.jpg,2245,460,127,62704,0.8843805396887926
wheat_stripe_rust_Google_0223.jpg,7641,643,50,57202,0.9566197183098591
wheat_stripe_rust_Google_0229.jpg,4853,872,187,59624,0.9016256386437529
wheat_stripe_rust_Google_0322.jpg,14667,13917,1836,35116,0.6506088229423115
wheat_stripe_rust_Google_0334.jpg,3771,1618,74,60073,0.8167641325536062
wheat_stripe_rust_Google_0341.jpg,14188,8526,909,41913,0.7504694401100209
zucchini_bacterial_wilt_Bing_0003.jpg,4400,561,15663,44912,0.3516624040920716
zucchini_bacterial_wilt_Bing_0010.jpg,7968,512,15161,41895,0.5041602075358284
zucchini_bacterial_wilt_Bing_0012.jpg,3079,498,27197,34762,0.18190411484949634
zucchini_bacterial_wilt_Bing_0015.jpg,2521,2098,5745,55172,0.39130772215754756
zucchini_bacterial_wilt_Bing_0019.jpg,26089,6301,2724,30422,0.8525399081744359
zucchini_bacterial_wilt_Bing_0026.jpg,6312,2389,9183,47652,0.5217391304347826
zucchini_bacterial_wilt_Bing_0105.jpg,1,217,13091,52227,0.00015026296018031557
zucchini_bacterial_wilt_Bing_0140.jpg,13544,3565,5198,43229,0.7555716716409584
zucchini_bacterial_wilt_Bing_0170.jpg,11695,2491,12337,39013,0.6120152807577581
zucchini_bacterial_wilt_Bing_0188.jpg,5772,0,7485,52279,0.6066530033107362
zucchini_bacterial_wilt_Bing_0260.jpg,10654,1781,6840,46261,0.7119516188312339
zucchini_bacterial_wilt_Google_0024.jpg,3306,1,29909,32320,0.18104156398882865
zucchini_bacterial_wilt_Google_0057.jpg,2199,3985,2495,56857,0.4043022614451186
zucchini_bacterial_wilt_Google_0060.jpg,1195,606,8463,55272,0.20856968321843092
zucchini_bacterial_wilt_Google_0277.jpg,15148,1195,5788,43405,0.8126827436358272
zucchini_downy_mildew_Bing_0025.jpg,30960,20729,322,13525,0.7462848465126369
zucchini_downy_mildew_Bing_0035.jpg,5099,10753,322,49362,0.4793870164057726
zucchini_downy_mildew_Bing_0047.jpg,4523,15681,86,45246,0.3645669608672873
zucchini_downy_mildew_Bing_0084.jpg,20278,14981,103,30174,0.7289000718907261
zucchini_downy_mildew_Bing_0159.jpg,14934,43068,101,7433,0.40894341224310965
zucchini_downy_mildew_Bing_0169.jpg,3154,5714,1264,55404,0.4747854884841186
zucchini_downy_mildew_Bing_0214.jpg,7423,25621,492,32000,0.36246002099660635
zucchini_downy_mildew_Bing_0234.jpg,2646,41256,0,21634,0.1136890951276102
zucchini_downy_mildew_Bing_0259.jpg,16795,1079,6077,41585,0.8243753988121534
zucchini_powdery_mildew_Bing_0002.jpg,24389,4801,539,35807,0.9013267304778447
zucchini_powdery_mildew_Bing_0003.jpg,40141,940,5385,19070,0.9269689517013636
zucchini_powdery_mildew_Bing_0004.jpg,43784,16485,114,5153,0.8406501099196483
zucchini_powdery_mildew_Bing_0009.jpg,12576,9420,35,43505,0.7267893778715289
zucchini_powdery_mildew_Bing_0010.jpg,3467,46971,0,15098,0.12863370744828864
zucchini_powdery_mildew_Bing_0020.jpg,14201,1861,3109,46365,0.8510727556034999
zucchini_powdery_mildew_Bing_0029.jpg,44897,1670,671,18298,0.9745916318445759
zucchini_powdery_mildew_Bing_0046.jpg,5003,30447,96,29990,0.24676317541739623
zucchini_powdery_mildew_Bing_0047.jpg,21966,8991,7610,26969,0.7257528951150612
zucchini_powdery_mildew_Bing_0052.jpg,57016,1336,2240,4944,0.9695939051765186
zucchini_powdery_mildew_Bing_0054.jpg,48375,3805,1002,12354,0.9526669751961953
zucchini_powdery_mildew_Bing_0068.jpg,4976,520,1335,58705,0.8428898111289913
zucchini_powdery_mildew_Bing_0100.jpg,21868,13514,68,30086,0.7630412784814543
zucchini_powdery_mildew_Bing_0109.jpg,2268,498,182,62588,0.8696319018404908
zucchini_powdery_mildew_Bing_0110.jpg,11542,9676,8,44310,0.7044677734375
zucchini_powdery_mildew_Bing_0124.jpg,26977,16106,198,22255,0.7679410173930371
zucchini_powdery_mildew_Bing_0155.jpg,14367,14156,3499,33514,0.6194140852357239
zucchini_powdery_mildew_Bing_0170.jpg,10840,4849,8474,41373,0.6193754821015341
zucchini_powdery_mildew_Bing_0194.jpg,6179,5948,440,52969,0.6592339699135815
zucchini_powdery_mildew_Bing_0195.jpg,3941,18069,25,43501,0.3034339390206344
zucchini_powdery_mildew_Bing_0218.jpg,10913,2006,775,51842,0.8869833787133743
zucchini_powdery_mildew_Bing_0224.jpg,18047,6503,2887,38099,0.7935537771524053
zucchini_powdery_mildew_Bing_0233.jpg,24660,1320,7258,32298,0.8518428961276728
zucchini_powdery_mildew_Bing_0239.jpg,16464,1955,12411,34706,0.6962405379117859
zucchini_powdery_mildew_Bing_0248.jpg,378,2874,20276,42008,0.03162386011879863
zucchini_powdery_mildew_Bing_0251.jpg,28503,9301,901,26831,0.848202594929175
zucchini_powdery_mildew_Bing_0267.jpg,11946,18352,0,35238,0.5655714420982861
zucchini_powdery_mildew_Bing_0289.jpg,30195,18911,189,16241,0.7597182035476161
zucchini_powdery_mildew_Bing_0308.jpg,25509,1932,1117,36978,0.9436070061220337
zucchini_powdery_mildew_Bing_0312.jpg,9534,8222,2011,45769,0.6507627726016177
zucchini_powdery_mildew_Bing_0336.jpg,59837,1405,357,3937,0.9854902994169769
zucchini_powdery_mildew_Bing_0337.jpg,35392,9992,161,19991,0.8745567540185576
zucchini_powdery_mildew_Bing_0347.jpg,25662,1779,1118,36977,0.946570516958374
zucchini_powdery_mildew_Google_0045.jpg,7881,530,5407,51718,0.7263929213327803
zucchini_powdery_mildew_Google_0118.jpg,12752,18092,163,34529,0.5828286752439498
zucchini_powdery_mildew_Google_0157.jpg,35140,6858,498,23040,0.9052501416868463
zucchini_powdery_mildew_Google_0186.jpg,27067,6694,177,31598,0.8873698877141218
zucchini_powdery_mildew_Google_0281.jpg,16623,8141,162,40610,0.800163662182002
zucchini_powdery_mildew_Google_0282.jpg,20799,1791,1519,41427,0.9262937561236305
zucchini_powdery_mildew_Google_0314.jpg,24335,6993,712,33496,0.8633259423503326
zucchini_powdery_mildew_Google_0327.jpg,14429,7902,604,42601,0.7723477143774756
zucchini_powdery_mildew_Google_0389.jpg,1474,22835,199,41028,0.11346316680779
zucchini_powdery_mildew_Google_0394.jpg,21988,1013,1731,40804,0.9412671232876713
zucchini_yellow_mosaic_virus_11.jpg,0,2734,0,62802,0.0
zucchini_yellow_mosaic_virus_164.jpg,25527,275,29143,10591,0.6344318520727706
zucchini_yellow_mosaic_virus_179.jpg,28743,1071,6346,29376,0.8857217694097346
zucchini_yellow_mosaic_virus_236.jpg,2559,21572,5492,35913,0.15903299981356037
zucchini_yellow_mosaic_virus_66.jpg,11986,135,33323,20092,0.4174125021765628
zucchini_yellow_mosaic_virus_67.jpg,147,1579,9230,54580,0.02647932991083491
zucchini_yellow_mosaic_virus_9.jpg,0,3342,0,62194,0.0
zucchini_yellow_mosaic_virus_google_0028.jpg,28151,98,2871,34416,0.9499080494676992
zucchini_yellow_mosaic_virus_google_0033.jpg,36711,283,7707,20835,0.9018572200658379
zucchini_yellow_mosaic_virus_google_0038.jpg,34686,2848,6602,21400,0.8801096140671386
zucchini_yellow_mosaic_virus_google_0042.jpg,30104,1261,8730,25441,0.8576760352711577
zucchini_yellow_mosaic_virus_google_0053.jpg,1297,2583,5044,56612,0.25379121416691125
zucchini_yellow_mosaic_virus_google_0067.jpg,11123,2681,4633,47099,0.7525710419485792
zucchini_yellow_mosaic_virus_google_0088.jpg,43014,219,457,21846,0.9922033585532386
zucchini_yellow_mosaic_virus_google_0123.jpg,11056,2510,3194,48776,0.7949381650848433
zucchini_yellow_mosaic_virus_google_0147.jpg,23418,3032,3701,35385,0.8743116354608076
zucchini_yellow_mosaic_virus_google_0200.jpg,21084,1107,7483,35862,0.8307655936010087
zucchini_yellow_mosaic_virus_google_0235.jpg,52539,216,3702,9079,0.9640537267422657
zucchini_yellow_mosaic_virus_google_0239.jpg,12424,1314,247,51551,0.9408913627929872
