image,tp,fp,fn,tn,dice
apple_black_rot_143.jpg,15333,2729,22,47452,0.917676631654547
apple_black_rot_144.jpg,13154,379,882,51121,0.9542602198121078
apple_black_rot_149.jpg,27833,1127,4530,32046,0.9077507623567014
apple_black_rot_167.jpg,6758,281,7541,50956,0.6334239385134501
apple_black_rot_175.jpg,5051,429,258,59798,0.9363240337380665
apple_black_rot_18.jpg,3022,363,4084,58067,0.5761128586407397
apple_black_rot_7.jpg,2182,9,545,62800,0.887352582350549
apple_black_rot_google_0001.jpg,4,8020,0,57512,0.000996512207274539
apple_black_rot_google_0008.jpg,3372,241,108,61815,0.9507965599887213
apple_black_rot_google_0037.jpg,4319,1444,996,58777,0.7797436360353854
apple_black_rot_google_0052.jpg,429,5646,151,59310,0.12892561983471074
apple_black_rot_google_0058.jpg,2804,337,148,62247,0.9204004595437387
apple_black_rot_google_0077.jpg,449,65,5878,59144,0.13126735857330799
apple_black_rot_google_0097.jpg,168,364,1522,63482,0.15121512151215122
apple_black_rot_google_0113.jpg,5085,1000,2897,56554,0.7229686500319897
apple_black_rot_google_0156.jpg,3186,6750,2542,53058,0.4067926455566905
apple_black_rot_google_0160.jpg,5426,0,49227,10883,0.1806288386957173
apple_mosaic_virus_100.jpg,16488,5623,611,42814,0.8410099464422341
apple_mosaic_virus_16.jpg,16558,4457,1114,43407,0.8559981389097113
apple_mosaic_virus_18.jpg,7442,2304,2343,53447,0.7620705545030977
apple_mosaic_virus_23.jpg,5292,3145,842,56257,0.7263743051266214
apple_mosaic_virus_31.jpg,16623,1228,2762,44923,0.8928456332581373
apple_mosaic_virus_34.jpg,6648,2759,832,55297,0.7873512169124178
apple_mosaic_virus_36.jpg,13759,6210,1005,44562,0.7922724786226355
apple_mosaic_virus_41.jpg,20800,553,5435,38748,0.8741699588131462
apple_mosaic_virus_43.jpg,12861,854,3089,48732,0.8670824203606944
apple_mosaic_virus_5.jpg,7376,3772,1421,52967,0.7396339934820757
apple_mosaic_virus_51.jpg,36382,3566,185,25403,0.9509769326275893
apple_mosaic_virus_57.jpg,47,16,211,65262,0.29283489096573206
apple_mosaic_virus_google_0006.jpg,27699,324,2951,34562,0.9441821621529494
apple_mosaic_virus_google_0014.jpg,5424,370,3959,55783,0.7147657639849773
apple_mosaic_virus_google_0029.jpg,21938,901,3519,39178,0.9084810336259732
apple_mosaic_virus_google_0074.jpg,12352,455,199,52530,0.9742093225017746
apple_mosaic_virus_google_0084.jpg,1483,816,3341,59896,0.41639758528709814
apple_mosaic_virus_google_0091.jpg,14462,47,6197,44830,0.822452229299363
apple_rust_147.jpg,693,139,92,64612,0.8571428571428571
apple_rust_152.jpg,2425,1,4559,58551,0.5154091392136025
apple_rust_177.jpg,2014,1352,61,62109,0.7403050909759236
apple_rust_2.jpg,5885,1028,12554,46069,0.4642631745029978
apple_rust_33.jpg,5296,968,565,58707,0.8735670103092783
apple_rust_4.jpg,29713,142,6071,29610,0.9053459071588538
apple_rust_45.jpg,3158,805,1569,60004,0.7268124280782509
apple_rust_48.jpg,429,79,109,64919,0.8202676864244742
apple_rust_49.jpg,2312,264,139,62821,0.9198329023274319
apple_rust_54.jpg,2247,1095,1431,60763,0.6401709401709401
apple_rust_6.jpg,32536,735,6639,25626,0.8982138420340667
apple_rust_71.jpg,471,2695,94,62276,0.2524792280889842
apple_rust_74.jpg,2075,54,403,63004,0.9008031256783156
apple_rust_95.jpg,4724,419,511,59882,0.9103873578724224
apple_rust_96.jpg,4183,78,2679,58596,0.752135215319608
apple_rust_google_0007.jpg,11862,1811,357,51506,0.9162675729955199
apple_rust_google_0011.jpg,152,807,17,64560,0.2695035460992908
apple_rust_google_0019.jpg,11232,3106,67,51131,0.8762335686702812
apple_rust_google_0035.jpg,27478,422,7534,30102,0.8735376398779248
apple_rust_google_0037.jpg,7051,1009,3917,53559,0.7411183519024596
apple_rust_google_0041.jpg,1875,132,422,63107,0.8712825278810409
apple_rust_google_0049.jpg,1990,6863,140,56543,0.3623782208868251
apple_rust_google_0058.jpg,1272,140,2131,61993,0.5283489096573208
apple_rust_google_0088.jpg,659,381,572,63924,0.5803610744165566
apple_rust_google_0147.jpg,5568,4872,350,54746,0.6807678200268982
apple_rust_google_0197.jpg,3006,1705,595,60230,0.7232916265640038
apple_rust_google_0201.jpg,12330,379,164,52663,0.978454945839781
apple_rust_google_0215.jpg,6364,1271,257,57644,0.8928170594837261
apple_scab_14.jpg,163,821,151,64401,0.25115562403698
apple_scab_18.jpg,448,829,579,63680,0.3888888888888889
apple_scab_2.jpg,3337,3750,8076,50373,0.3607567567567568
apple_scab_23.jpg,9586,3271,6841,45838,0.6546919819696763
apple_scab_25.jpg,15154,1329,1479,47574,0.9152071506220558
apple_scab_26.jpg,485,977,1683,62391,0.26721763085399447
apple_scab_32.jpg,1191,42,7425,56878,0.2418519646664636
apple_scab_43.jpg,67,460,14,64995,0.22039473684210525
apple_scab_50.jpg,1134,294,114,63994,0.8475336322869955
apple_scab_51.jpg,395,871,572,63698,0.3537841468875952
apple_scab_66.jpg,2114,336,175,62911,0.8921713441654358
apple_scab_67.jpg,409,310,113,64704,0.6591458501208702
apple_scab_77.jpg,3407,1427,413,60289,0.7873815576611971
apple_scab_8.jpg,1041,1321,328,62846,0.5580273385151434
apple_scab_85.jpg,192,98,56,65190,0.7137546468401487
apple_scab_google_0000.jpg,1493,240,461,63342,0.8098725250881476
apple_scab_google_0018.jpg,1716,2341,100,61379,0.5843691469436404
apple_scab_google_0020.jpg,3118,2099,266,60053,0.7250319730263923
apple_scab_google_0023.jpg,2945,493,871,61227,0.811965811965812
apple_scab_google_0031.jpg,5258,1487,1912,56879,0.7557312252964427
apple_scab_google_0036.jpg,8465,1870,338,54863,0.88462744278399
apple_scab_google_0037.jpg,12834,2450,308,49944,0.9029761485963554
apple_scab_google_0045.jpg,2472,1687,3988,57389,0.46558056314153873
apple_scab_google_0065.jpg,689,2495,2355,59997,0.2212588310854207
apple_scab_google_0093.jpg,2266,2026,58,61186,0.685006045949214
apple_scab_google_0106.jpg,2230,2476,161,60669,0.6284345498097788
apple_scab_google_0107.jpg,2805,1652,2893,58186,0.552437223042836
apple_scab_google_0119.jpg,1391,2562,23,61560,0.5183528973355692
apple_scab_google_0121.jpg,47,785,42,64662,0.10206297502714441
apple_scab_google_0124.jpg,216,831,113,64376,0.313953488372093
apple_scab_google_0130.jpg,1951,3385,1895,58305,0.42496188194293183
apple_scab_google_0132.jpg,182,1713,374,63267,0.14851081191350468
apple_scab_google_0153.jpg,343,1121,100,63972,0.3597273203985317
apple_scab_google_0200.jpg,3984,1911,1451,58190,0.7032656663724625
apple_scab_google_0203.jpg,8976,1041,375,55144,0.9268897149938042
apple_scab_google_0230.jpg,12880,1830,200,50626,0.9269521410579346
apple_scab_google_0238.jpg,8970,7110,104,49352,0.7132066470541465
apple_scab_google_0244.jpg,9139,3382,675,52340,0.8183568390418625
apple_scab_google_0245.jpg,20223,3010,6034,36269,0.8172560113154173
apple_scab_google_0247.jpg,1949,802,105,62680,0.8112382934443289
apple_scab_google_0256.jpg,5594,6084,378,53480,0.6338810198300283
apple_scab_google_0268.jpg,132,1741,59,63604,0.12790697674418605
apple_scab_google_0270.jpg,9144,655,179,55558,0.9563853153435833
apple_scab_google_0273.jpg,1332,469,187,63548,0.8024096385542169
apple_scab_google_0283.jpg,1908,1046,212,62370,0.7520693732755223
apple_scab_google_0284.jpg,69,6814,0,58653,0.019850402761795168
apple_scab_google_0288.jpg,1030,2031,2158,60317,0.32965274443911025
apple_scab_google_0297.jpg,900,1373,180,63083,0.5368326871458395
apple_scab_google_0300.jpg,2651,2769,1372,58744,0.5614741078047231
apple_scab_google_0305.jpg,2548,1495,233,61260,0.7467760844079718
apple_scab_google_0320.jpg,3190,3153,2676,56517,0.5225653206650831
apple_scab_google_0323.jpg,6429,2407,132,56568,0.8350977463142171
banana_anthracnose_Baidu_0008.jpg,25349,9207,1399,29581,0.8269933446430902
banana_anthracnose_Baidu_0059.jpg,23429,4043,3960,34104,0.8541222361969341
banana_anthracnose_Bing_0004.jpg,738,425,2836,61537,0.311589613679544
banana_anthracnose_Bing_0005.jpg,5677,657,9711,49491,0.5226958843568732
banana_anthracnose_Bing_0006.jpg,27287,1597,2516,34136,0.9299163358154277
banana_anthracnose_Bing_0007.jpg,2062,22,881,62571,0.820370001989258
banana_anthracnose_Bing_0022.jpg,1409,1244,490,62393,0.6190685413005272
banana_anthracnose_Bing_0025.jpg,6738,3567,885,54346,0.7516733601070951
banana_anthracnose_Bing_0032.jpg,9114,723,2161,53538,0.863395225464191
banana_anthracnose_Bing_0191.jpg,4983,2230,1052,57271,0.7522644927536232
banana_anthracnose_Bing_0213.jpg,2370,2362,2778,58026,0.4797570850202429
banana_anthracnose_Google_0035.jpg,11353,9624,1426,43133,0.6726507880080578
banana_anthracnose_Google_0206.jpg,23145,16869,1337,24185,0.7177189283056313
banana_anthracnose_Google_0227.jpg,4812,5073,10038,45613,0.3890842935112189
banana_black_leaf_streak_Baidu_0006.jpg,27522,8159,203,29652,0.8681197363025581
banana_black_leaf_streak_Baidu_0026.jpg,42763,388,3866,18519,0.9526175094675874
banana_black_leaf_streak_Baidu_0037.jpg,45307,5074,308,14847,0.9439351639651652
banana_black_leaf_streak_Baidu_0038.jpg,28715,6161,4378,26282,0.8449440185967132
banana_black_leaf_streak_Baidu_0056.jpg,28054,8810,352,28320,0.8596292324191819
banana_black_leaf_streak_Baidu_0075.jpg,3906,428,4242,56960,0.6258612401858676
banana_black_leaf_streak_Bing_0010.jpg,55184,80,5457,4815,0.9522281178551399
banana_black_leaf_streak_Bing_0013.jpg,7497,1796,1829,54414,0.8053064074332671
banana_black_leaf_streak_Bing_0015.jpg,13567,1511,2314,48144,0.8764494977227947
banana_black_leaf_streak_Bing_0017.jpg,23078,1367,1963,39128,0.9327082407145455
banana_black_leaf_streak_Bing_0031.jpg,9137,1248,7271,47880,0.6820438174149964
banana_black_leaf_streak_Bing_0094.jpg,45958,593,298,18687,0.9903994310773971
banana_black_leaf_streak_Bing_0124.jpg,11048,1839,17985,34664,0.5270992366412214
banana_black_leaf_streak_Bing_0251.jpg,25535,523,3515,35963,0.9267257022573855
banana_black_leaf_streak_Bing_0358.jpg,57532,839,53,7112,0.9923074269550519
banana_black_leaf_streak_banana black sigatoka (100).jpg,19862,1397,17056,27221,0.6828127954346219
banana_black_leaf_streak_banana black sigatoka (103).jpg,46114,377,9720,9325,0.9013242120693867
banana_black_leaf_streak_banana black sigatoka (12).jpg,11635,2097,1979,49825,0.8509471220653844
banana_black_leaf_streak_banana black sigatoka (2).jpg,29292,1982,3182,31080,0.9189935370521428
banana_black_leaf_streak_banana black sigatoka (21).jpg,7361,531,3137,54507,0.8005437737901033
banana_black_leaf_streak_banana black sigatoka (22).jpg,40833,163,14718,9822,0.8458678156752669
banana_black_leaf_streak_banana black sigatoka (26).jpg,14952,1033,6214,43337,0.8049312266157035
banana_black_leaf_streak_banana black sigatoka (28).jpg,13526,1552,2322,48136,0.8747332341718942
banana_black_leaf_streak_banana black sigatoka (36).jpg,9134,530,6770,49102,0.7144868585732165
banana_black_leaf_streak_banana black sigatoka (42).jpg,50840,1355,667,12674,0.9805018225299416
banana_black_leaf_streak_banana black sigatoka (48).jpg,21491,2339,1344,40362,0.9210757527054537
banana_black_leaf_streak_banana black sigatoka (5).jpg,39234,350,4076,21876,0.9466065095181798
banana_black_leaf_streak_banana black sigatoka (56).jpg,33748,1294,877,29617,0.9688374696771785
banana_black_leaf_streak_banana black sigatoka (58).jpg,3056,347,2375,59758,0.6918723115236586
banana_black_leaf_streak_banana black sigatoka (77).jpg,59963,271,704,4598,0.9919355505744369
banana_black_leaf_streak_banana black sigatoka (81).jpg,22041,15118,983,27394,0.7324659787647675
banana_black_leaf_streak_banana black sigatoka (82).jpg,36400,197,3132,25807,0.9562715916405049
banana_black_leaf_streak_banana black sigatoka (91).jpg,41157,1055,269,23055,0.9841698749372295
banana_bunchy_top_Baidu_0000.jpg,1176,1833,1667,60860,0.4019138755980861
banana_bunchy_top_Baidu_0014.jpg,569,119,6638,58210,0.1441418619379354
banana_bunchy_top_Baidu_0017.jpg,2021,9380,7007,47128,0.19785598903519508
banana_bunchy_top_Baidu_0019.jpg,2162,8477,977,53920,0.3138336478443896
banana_bunchy_top_Baidu_0034.jpg,1511,4373,1359,58293,0.34521361663239664
banana_bunchy_top_Baidu_0047.jpg,975,204,608,63749,0.7060101375814627
banana_bunchy_top_Baidu_0056.jpg,2450,1604,3389,58093,0.49529970686343877
banana_bunchy_top_Baidu_0064.jpg,1282,11511,1252,51491,0.16728648789717493
banana_bunchy_top_Baidu_0084.jpg,904,581,1298,62753,0.49037157580688906
banana_bunchy_top_Baidu_0140.jpg,499,3703,1016,60318,0.17456708063669757
banana_bunchy_top_Bing_0020.jpg,15,132,716,64673,0.03416856492027335
banana_bunchy_top_Bing_0035.jpg,0,1,674,64861,0.0
banana_bunchy_top_Bing_0098.jpg,327,187,1927,63095,0.23627167630057805
banana_bunchy_top_Bing_0100.jpg,55,36,621,64824,0.14341590612777053
banana_bunchy_top_Bing_0105.jpg,126,112,1389,63909,0.1437535653166001
banana_bunchy_top_Bing_0136.jpg,103,235,4715,60483,0.03995345228859581
banana_bunchy_top_Bing_0140.jpg,3577,1466,811,59682,0.7585621885271976
banana_bunchy_top_Bing_0152.jpg,3206,5102,2560,54668,0.455591871536166
banana_bunchy_top_Bing_0165.jpg,70,77,1687,63702,0.07352941176470588
banana_bunchy_top_Bing_0173.jpg,488,2192,4135,58721,0.1336437080651787
banana_bunchy_top_Bing_0256.jpg,1614,97,8484,55341,0.27335083410957745
banana_bunchy_top_Bing_0260.jpg,130,533,4554,60319,0.04862539741911352
banana_bunchy_top_Bing_0262.jpg,398,188,2387,62563,0.23613171165826163
banana_bunchy_top_Bing_0291.jpg,13,90,2036,63397,0.012081784386617101
banana_bunchy_top_Bing_0306.jpg,152,1920,12030,51434,0.021327346709695525
banana_bunchy_top_Bing_0333.jpg,1194,43,9178,55121,0.20570247221982943
banana_bunchy_top_Bing_0334.jpg,9049,1693,3313,51481,0.7833275623268698
banana_bunchy_top_Google_0037.jpg,2940,373,1705,60518,0.738879115355617
banana_bunchy_top_Google_0050.jpg,6614,152,21451,37319,0.37977663575550513
banana_bunchy_top_Google_0096.jpg,3980,38,10994,50524,0.41912384161752314
banana_bunchy_top_Google_0104.jpg,1191,469,8470,55406,0.21040544121544033
banana_cigar_end_rot_Bing_0002.jpg,11657,1123,685,52071,0.9280312077063928
banana_cigar_end_rot_Bing_0007.jpg,8151,330,218,56837,0.9674777448071217
banana_cigar_end_rot_Bing_0014.jpg,4486,111,4141,56798,0.6784633998790078
banana_cigar_end_rot_Bing_0022.jpg,2354,143,45,62994,0.9616013071895425
banana_cigar_end_rot_Bing_0024.jpg,6268,745,35,58488,0.9414238510063082
banana_cigar_end_rot_Bing_0025.jpg,1830,349,761,62596,0.7672955974842768
banana_cigar_end_rot_Bing_0072.jpg,7416,4254,2929,50937,0.6737224619577561
banana_cigar_end_rot_Bing_0260.jpg,222,399,965,63950,0.24557522123893805
banana_cigar_end_rot_Google_0101.jpg,293,528,4935,59780,0.09687551661431641
banana_cigar_end_rot_Google_0131.jpg,10399,1707,1104,52326,0.880935236562328
banana_cigar_end_rot_Google_0201.jpg,13,1830,2612,61081,0.005819158460161146
banana_cigar_end_rot_Google_0306.jpg,1499,5762,544,57731,0.3222269991401548
banana_cordana_leaf_spot_Baidu_0064.jpg,6137,1003,417,57979,0.8963049510734629
banana_cordana_leaf_spot_Baidu_0114.jpg,15453,392,1217,48474,0.9505151468552976
banana_cordana_leaf_spot_Bing_0007.jpg,10960,2218,166,52192,0.901909150757077
banana_cordana_leaf_spot_Bing_0011.jpg,10068,207,332,54929,0.9739298669891173
banana_cordana_leaf_spot_Bing_0012.jpg,5535,600,279,59122,0.9264373587747928
banana_cordana_leaf_spot_Bing_0021.jpg,4663,179,3400,57294,0.7226656334753971
banana_cordana_leaf_spot_Bing_0024.jpg,8070,397,618,56451,0.9408335762168464
banana_cordana_leaf_spot_Bing_0026.jpg,11492,609,437,52998,0.9564710778193924
banana_cordana_leaf_spot_Bing_0037.jpg,22772,2017,2265,38482,0.9140609320435115
banana_cordana_leaf_spot_Bing_0093.jpg,6877,164,28034,30461,0.32785087719298245
banana_cordana_leaf_spot_Bing_0147.jpg,1968,171,269,63128,0.8994515539305301
banana_panama_disease_116.jpg,4043,401,5022,56070,0.5985639203493966
banana_panama_disease_121.jpg,14740,960,7078,42758,0.785756170371555
banana_panama_disease_126.jpg,1007,5047,2494,56988,0.2107796964939822
banana_panama_disease_14.jpg,4782,1605,1198,57951,0.7733484272661114
banana_panama_disease_15.jpg,3509,446,2159,59422,0.7292943988361218
banana_panama_disease_42.jpg,1305,219,1438,62574,0.6116709632059996
banana_panama_disease_6.jpg,1789,980,1923,60844,0.5520752970220645
banana_panama_disease_google_0003.jpg,2644,585,4185,58122,0.52575064625174
banana_panama_disease_google_0011.jpg,31906,1646,850,31134,0.9623574832599384
banana_panama_disease_google_0014.jpg,43696,1186,8047,12607,0.904445019404916
banana_panama_disease_google_0064.jpg,20120,226,4861,40329,0.8877710856663799
banana_panama_disease_google_0083.jpg,1704,841,788,62203,0.6765932102441929
banana_panama_disease_google_0116.jpg,32207,883,1666,30780,0.9619342024700207
basil_downy_mildew_google_0003.jpg,4884,702,4048,55902,0.6728199476511916
basil_downy_mildew_google_0031.jpg,18448,5402,58,41628,0.8710926433090943
basil_downy_mildew_google_0046.jpg,18723,1009,73,45731,0.9719165282392026
basil_downy_mildew_google_0049.jpg,6227,1783,3058,54468,0.7200925122867881
basil_downy_mildew_google_0050.jpg,3988,875,4761,55912,0.5859535703790772
basil_downy_mildew_google_0067.jpg,11927,970,872,51767,0.9283156911581569
basil_downy_mildew_google_0068.jpg,2682,3076,2353,57425,0.4969887890299268
basil_downy_mildew_google_0073.jpg,10324,6802,38,48372,0.7511641443538999
basil_downy_mildew_google_0079.jpg,10296,487,4245,50508,0.813141683778234
basil_downy_mildew_google_0083.jpg,742,2931,33,61830,0.33363309352517984
basil_downy_mildew_google_0084.jpg,9308,2190,300,53738,0.8820240689851228
basil_downy_mildew_google_0091.jpg,8036,3369,1082,53049,0.7831213760171515
basil_downy_mildew_google_0167.jpg,6435,8546,12,50543,0.6006160164271047
bean_halo_blight_11.jpg,4045,406,5620,55465,0.5731085293284216
bean_halo_blight_2.jpg,14223,1171,3247,46895,0.8655671859785784
bean_halo_blight_7.jpg,11020,559,4565,49392,0.8113679870416728
bean_halo_blight_google_0075.jpg,4966,418,1308,58844,0.8519471607479843
bean_halo_blight_google_0093.jpg,238,3256,616,61426,0.10947562097516099
bean_halo_blight_google_0113.jpg,2452,122,6059,56903,0.4423996391520072
bean_halo_blight_google_0118.jpg,8690,1289,3910,51647,0.7697417954736703
bean_halo_blight_google_0120.jpg,8488,15833,985,40230,0.5023376930816121
bean_halo_blight_google_0136.jpg,2380,2185,2527,58444,0.5025337837837838
bean_halo_blight_google_0189.jpg,963,1278,1242,62053,0.4331983805668016
bean_halo_blight_google_0212.jpg,1704,169,1927,61736,0.6191860465116279
bean_mosaic_virus_188.jpg,6779,1,10618,48138,0.5607809074740456
bean_mosaic_virus_24.jpg,5754,1049,1368,57365,0.826427289048474
bean_mosaic_virus_30.jpg,22979,78,740,41739,0.9825123995211219
bean_mosaic_virus_32.jpg,14333,76,22957,28170,0.5544788100350103
bean_mosaic_virus_5.jpg,2028,4700,1962,56846,0.37842881134540024
bean_mosaic_virus_google_0016.jpg,27642,1651,1613,34630,0.9442508710801394
bean_mosaic_virus_google_0023.jpg,8620,166,682,56068,0.9531180893409995
bean_mosaic_virus_google_0025.jpg,5872,1799,5138,52727,0.6286601359670253
bean_mosaic_virus_google_0069.jpg,7729,426,24173,33208,0.3859000923683751
bean_mosaic_virus_google_0098.jpg,23816,3073,684,37963,0.9268909688843916
bean_mosaic_virus_google_0113.jpg,21756,144,375,43261,0.9882128500374736
bean_mosaic_virus_google_0139.jpg,10524,2742,225,52045,0.8764522173641474
bean_rust_16.jpg,41229,1263,736,22308,0.9763311507631102
bean_rust_178.jpg,58961,155,116,6304,0.9977071400167523
bean_rust_189.jpg,15170,307,2152,47907,0.9250282020793317
bean_rust_19.jpg,15965,3449,10283,35839,0.6992685383907845
bean_rust_3.jpg,42016,268,1733,21519,0.9767414829193449
bean_rust_40.jpg,19548,830,2185,42973,0.9284035050224407
bean_rust_42.jpg,41040,3175,536,20785,0.9567437143756338
bean_rust_8.jpg,14295,332,11525,39384,0.7068509407372611
bean_rust_google_0009.jpg,33457,560,870,30649,0.9790764368488821
bean_rust_google_0018.jpg,37473,1442,83,26538,0.9800577996887709
bean_rust_google_0026.jpg,44666,0,14610,6260,0.8594408420080429
bean_rust_google_0031.jpg,15500,6988,500,42548,0.8054458532529619
bean_rust_google_0042.jpg,36675,66,17026,11769,0.8110170053736097
bean_rust_google_0045.jpg,24815,5699,185,34837,0.894008718521454
bean_rust_google_0051.jpg,34682,474,3008,27372,0.9522005326304808
bean_rust_google_0052.jpg,13051,14900,25,37560,0.6362151753723158
bean_rust_google_0063.jpg,47576,4353,197,13410,0.9543640047341077
bean_rust_google_0068.jpg,47988,77,10237,7234,0.9029635901778154
bean_rust_google_0072.jpg,22205,32,4243,39056,0.9121906131251926
bean_rust_google_0096.jpg,2567,3186,4259,55524,0.40814055171317276
bean_rust_google_0102.jpg,14674,55,43833,6974,0.40073188049593095
bean_rust_google_0103.jpg,14091,3170,6329,41946,0.7479100873119079
bean_rust_google_0130.jpg,19277,4927,709,40623,0.8724598325412989
bell_pepper_bacterial_spot_Bing_0002.jpg,2500,968,455,61613,0.7784524365561264
bell_pepper_bacterial_spot_Bing_0003.jpg,6592,827,1356,56761,0.8579423439838615
bell_pepper_bacterial_spot_Bing_0005.jpg,1010,728,450,63348,0.6316447779862414
bell_pepper_bacterial_spot_Bing_0008.jpg,4347,14229,11,46949,0.3790878172146159
bell_pepper_bacterial_spot_Bing_0019.jpg,1965,606,2072,60893,0.5947336561743342
bell_pepper_bacterial_spot_Bing_0022.jpg,3550,3638,103,58245,0.6549211327368324
bell_pepper_bacterial_spot_Bing_0028.jpg,2723,5110,574,57129,0.48930817610062893
bell_pepper_bacterial_spot_Bing_0036.jpg,1467,19164,0,44905,0.13277219657887593
bell_pepper_bacterial_spot_Bing_0054.jpg,490,502,164,64380,0.5953827460510328
bell_pepper_bacterial_spot_Bing_0055.jpg,482,440,98,64516,0.6418109187749668
bell_pepper_bacterial_spot_Bing_0079.jpg,4355,4212,291,56678,0.6591992734428215
bell_pepper_bacterial_spot_Bing_0105.jpg,5152,11211,274,48899,0.47289916930561293
bell_pepper_bacterial_spot_Bing_0111.jpg,129,125,8,65274,0.659846547314578
bell_pepper_bacterial_spot_Bing_0119.jpg,225,2170,1555,61586,0.10778443113772455
bell_pepper_bacterial_spot_Bing_0164.jpg,985,614,341,63596,0.6735042735042736
bell_pepper_blossom_end_rot_Bing_0002.jpg,3525,609,127,61275,0.9054713588492166
bell_pepper_blossom_end_rot_Bing_0004.jpg,17481,571,923,46561,0.9590190915075708
bell_pepper_blossom_end_rot_Bing_0008.jpg,3060,213,68,62195,0.9561006092798
bell_pepper_blossom_end_rot_Bing_0019.jpg,2563,125,32,62816,0.9702820367215598
bell_pepper_blossom_end_rot_Bing_0023.jpg,1870,125,775,62766,0.8060344827586207
bell_pepper_blossom_end_rot_Bing_0039.jpg,5450,192,1035,58859,0.898820813061763
bell_pepper_blossom_end_rot_Bing_0046.jpg,16325,957,104,48150,0.9685265936934532
bell_pepper_blossom_end_rot_Bing_0051.jpg,1699,4517,56,59264,0.4262953205369464
bell_pepper_blossom_end_rot_Bing_0053.jpg,7190,661,53,57632,0.9526964356698026
bell_pepper_blossom_end_rot_Bing_0064.jpg,11259,143,197,53937,0.9851255577915828
bell_pepper_blossom_end_rot_Bing_0074.jpg,17999,118,1202,46217,0.9646283294924701
bell_pepper_blossom_end_rot_Bing_0077.jpg,2373,1457,9413,52293,0.30391905737704916
bell_pepper_blossom_end_rot_Bing_0083.jpg,2367,423,320,62426,0.8643417929523461
bell_pepper_blossom_end_rot_Bing_0112.jpg,2589,127,39,62781,0.968937125748503
bell_pepper_blossom_end_rot_Bing_0195.jpg,536,232,1365,63403,0.4016485575121768
bell_pepper_blossom_end_rot_Bing_0198.jpg,5114,413,104,59905,0.9518845974872033
bell_pepper_blossom_end_rot_Bing_0229.jpg,2999,356,2410,59771,0.6843906891830215
bell_pepper_blossom_end_rot_Google_0044.jpg,2843,1065,80,61548,0.832381788903528
bell_pepper_blossom_end_rot_Google_0058.jpg,10935,992,1909,51700,0.8828872471842073
bell_pepper_blossom_end_rot_Google_0089.jpg,493,689,796,63558,0.3990287333063537
bell_pepper_blossom_end_rot_Google_0247.jpg,1338,167,1112,62919,0.6766118836915297
bell_pepper_blossom_end_rot_Google_0352.jpg,17273,233,2145,45885,0.9355974433972484
bell_pepper_frogeye_leaf_spot_Bing_0002.jpg,237,41,737,64521,0.37859424920127793
bell_pepper_frogeye_leaf_spot_Bing_0008.jpg,4316,42974,11,18235,0.1672317259817502
bell_pepper_frogeye_leaf_spot_Bing_0085.jpg,486,90,213,64747,0.7623529411764706
bell_pepper_frogeye_leaf_spot_Bing_0112.jpg,555,4026,63,60892,0.21350259665320254
bell_pepper_frogeye_leaf_spot_Google_0019.jpg,3050,1120,1103,60263,0.7329088069205815
bell_pepper_frogeye_leaf_spot_Google_0049.jpg,1299,322,183,63732,0.8372542700612311
bell_pepper_powdery_mildew_Bing_0001.jpg,7244,121,309,57862,0.971175760825848
bell_pepper_powdery_mildew_Bing_0010.jpg,411,3,1016,64106,0.4464964693101575
bell_pepper_powdery_mildew_Bing_0035.jpg,6783,12030,146,46577,0.5269986792013053
bell_pepper_powdery_mildew_Bing_0079.jpg,22300,6697,229,36310,0.8655824244070954
bell_pepper_powdery_mildew_Google_0012.jpg,3020,58,25831,36627,0.18916972031695323
bell_pepper_powdery_mildew_Google_0118.jpg,15025,25137,20,25354,0.5443150325139928
blueberry_anthracnose_Bing_0004.jpg,4286,10263,61,50926,0.45364098221845894
blueberry_anthracnose_Bing_0005.jpg,21087,13334,419,30696,0.7540901532354677
blueberry_anthracnose_Bing_0006.jpg,4605,6011,869,54051,0.5724052206339342
blueberry_anthracnose_Bing_0011.jpg,10420,5727,466,48923,0.7709096289719972
blueberry_anthracnose_Bing_0067.jpg,31145,272,827,33292,0.9826626070769376
blueberry_anthracnose_Bing_0128.jpg,1260,4800,78,59398,0.340632603406326
blueberry_anthracnose_Bing_0141.jpg,23220,76,455,41785,0.9886951523280322
blueberry_anthracnose_Bing_0145.jpg,27163,2571,8980,26822,0.8246580748971568
blueberry_botrytis_blight_Bing_0015.jpg,1984,571,156,62825,0.8451544195953141
blueberry_botrytis_blight_Bing_0021.jpg,1852,889,198,62597,0.773116259653517
blueberry_botrytis_blight_Bing_0033.jpg,3069,5566,97,56804,0.5201254131005847
blueberry_botrytis_blight_Bing_0058.jpg,871,5649,104,58912,0.2324216144096064
blueberry_botrytis_blight_Bing_0158.jpg,447,1290,67,63732,0.39715681919147044
blueberry_botrytis_blight_Google_0224.jpg,1594,1171,202,62569,0.6989695242271432
blueberry_botrytis_blight_Google_0237.jpg,503,81,483,64469,0.640764331210191
blueberry_mummy_berry_Bing_0006.jpg,3442,210,21621,40263,0.23973532996691624
blueberry_mummy_berry_Bing_0024.jpg,4852,4246,188,56250,0.6863771396237092
blueberry_mummy_berry_Bing_0041.jpg,4357,3464,223,57492,0.7026852673171519
blueberry_mummy_berry_Bing_0174.jpg,14527,250,237,50522,0.9835144375613554
blueberry_mummy_berry_Bing_0210.jpg,1490,5322,1,58723,0.35890641936649403
blueberry_mummy_berry_Bing_0253.jpg,8318,385,1311,55522,0.9074841806676849
blueberry_mummy_berry_Google_0038.jpg,30476,163,807,34090,0.9843351312942088
blueberry_mummy_berry_Google_0051.jpg,4943,7027,123,53443,0.5803005400328716
blueberry_mummy_berry_Google_0068.jpg,38251,12111,4168,11006,0.824543818238648
blueberry_rust_6.jpg,986,1267,750,62533,0.4943594885936325
blueberry_rust_google_0004.jpg,9946,9426,3242,42922,0.610933660933661
blueberry_rust_google_0016.jpg,7403,8483,220,49430,0.6298013526734442
blueberry_rust_google_0024.jpg,6855,1094,1383,56204,0.8469759683696794
blueberry_rust_google_0029.jpg,8281,5221,6428,45606,0.5870759632767361
blueberry_rust_google_0031.jpg,1635,853,3830,59218,0.4111655978875896
blueberry_rust_google_0044.jpg,6607,1095,1250,56584,0.8492833729674144
blueberry_rust_google_0053.jpg,2807,35,5811,56883,0.4898778359511344
blueberry_rust_google_0075.jpg,2992,601,1477,60466,0.7422475812453485
blueberry_scorch_Bing_0011.jpg,12208,1088,117,52123,0.9529682682174778
blueberry_scorch_Bing_0031.jpg,5191,1572,2234,56539,0.7317451367352692
blueberry_scorch_Bing_0039.jpg,87,38,2026,63385,0.0777479892761394
blueberry_scorch_Bing_0040.jpg,4955,2074,248,58259,0.8101700457815566
blueberry_scorch_Bing_0050.jpg,6687,597,1330,56922,0.874060518920332
blueberry_scorch_Bing_0062.jpg,6698,1469,3167,54202,0.7429015084294588
blueberry_scorch_Bing_0213.jpg,5083,935,1591,57927,0.8009769933816577
blueberry_scorch_Bing_0221.jpg,258,621,2158,62499,0.15660091047040972
blueberry_scorch_Google_0108.jpg,1819,703,2679,60335,0.5182336182336182
broccoli_alternaria_leaf_spot_Bing_0000.jpg,3252,5822,316,56146,0.5144755576649265
broccoli_alternaria_leaf_spot_Bing_0019.jpg,385,2,11540,53609,0.06254061078622482
broccoli_alternaria_leaf_spot_Bing_0021.jpg,0,11701,0,53835,0.0
broccoli_alternaria_leaf_spot_Bing_0023.jpg,0,7480,0,58056,0.0
broccoli_alternaria_leaf_spot_Bing_0045.jpg,0,11479,0,54057,0.0
broccoli_alternaria_leaf_spot_Bing_0048.jpg,7530,1020,37,56949,0.9344170751380529
broccoli_alternaria_leaf_spot_Bing_0054.jpg,0,39711,0,25825,0.0
broccoli_alternaria_leaf_spot_Bing_0059.jpg,1200,615,102,63619,0.7699711260827719
broccoli_alternaria_leaf_spot_Bing_0060.jpg,9299,3364,175,52698,0.8401319058589691
broccoli_alternaria_leaf_spot_Bing_0119.jpg,558,713,0,64265,0.6101694915254238
broccoli_alternaria_leaf_spot_Google_0005.jpg,7803,24751,37,32945,0.38634450660989256
broccoli_alternaria_leaf_spot_Google_0052.jpg,1974,4277,141,59144,0.47191011235955055
broccoli_alternaria_leaf_spot_Google_0057.jpg,11057,32338,98,22043,0.4053895508707608
broccoli_downy_mildew_30.jpg,40335,12063,901,12237,0.8615460196082619
broccoli_downy_mildew_40.jpg,26236,2452,1443,35405,0.9308992850426668
broccoli_downy_mildew_9.jpg,989,8784,1974,53789,0.1553077889447236
broccoli_downy_mildew_google_0048.jpg,3649,12037,319,49531,0.3713239035310878
broccoli_downy_mildew_google_0222.jpg,22837,1501,4075,37123,0.8912
broccoli_downy_mildew_google_0256.jpg,17925,3152,4041,40418,0.8328880421903677
broccoli_ring_spot_Bing_0002.jpg,4205,4869,201,56261,0.6238872403560831
broccoli_ring_spot_Bing_0018.jpg,8809,3176,64,53487,0.8446639179211813
broccoli_ring_spot_Bing_0047.jpg,7210,1340,4,56982,0.9147424511545293
cabbage_alternaria_leaf_spot_16.jpg,13893,99,36519,15025,0.43143283025899015
cabbage_alternaria_leaf_spot_29.jpg,13418,2523,7466,42129,0.728744059742023
cabbage_alternaria_leaf_spot_3.jpg,6972,69,20822,37673,0.40028706760442084
cabbage_alternaria_leaf_spot_48.jpg,8477,4923,239,51897,0.7665943208536806
cabbage_alternaria_leaf_spot_6.jpg,19140,99,19326,26971,0.6633740577073044
cabbage_alternaria_leaf_spot_google_0020.jpg,9283,306,3294,52653,0.8375891004240729
cabbage_alternaria_leaf_spot_google_0021.jpg,24209,3357,4716,33254,0.8570922801862244
cabbage_alternaria_leaf_spot_google_0026.jpg,14268,2463,3709,45096,0.8221735622911145
cabbage_alternaria_leaf_spot_google_0057.jpg,7480,746,826,56484,0.9049116864263247
cabbage_alternaria_leaf_spot_google_0128.jpg,24220,750,19778,20788,0.7023547152302517
cabbage_alternaria_leaf_spot_google_0148.jpg,7277,1417,664,56178,0.874902314397355
cabbage_alternaria_leaf_spot_google_0206.jpg,765,338,945,63488,0.5439033060789193
cabbage_alternaria_leaf_spot_google_0341.jpg,6694,985,298,57559,0.9125485651966464
cabbage_black_rot_Bing_0002.jpg,4166,3760,666,56944,0.6530804201285468
cabbage_black_rot_Bing_0006.jpg,3092,3889,1432,57123,0.5375054324206867
cabbage_black_rot_Bing_0007.jpg,1427,284,661,63164,0.7512503290339563
cabbage_black_rot_Bing_0015.jpg,11449,365,1283,52439,0.932860751242565
cabbage_black_rot_Bing_0018.jpg,1456,1613,4894,57573,0.3091623314576919
cabbage_black_rot_Bing_0019.jpg,1788,735,687,62326,0.7154861944777912
cabbage_black_rot_Bing_0039.jpg,20729,6568,5752,32487,0.7709100375618283
cabbage_black_rot_Bing_0052.jpg,1018,378,433,63707,0.7151387425360028
cabbage_black_rot_Bing_0058.jpg,2515,2445,1454,59122,0.5633329600179191
cabbage_black_rot_Bing_0070.jpg,8304,9581,956,46695,0.6118253822066679
cabbage_black_rot_Bing_0080.jpg,5632,2038,70,57796,0.8423571642237512
cabbage_black_rot_Bing_0097.jpg,7935,269,3027,54305,0.828028801001774
cabbage_black_rot_Bing_0106.jpg,2624,483,773,61656,0.8068880688806888
cabbage_black_rot_Bing_0114.jpg,4423,2036,414,58663,0.7831090651558074
cabbage_black_rot_Bing_0145.jpg,375,3092,475,61594,0.17373175816539263
cabbage_black_rot_Bing_0195.jpg,619,236,126,64555,0.77375
cabbage_black_rot_Bing_0210.jpg,688,266,510,64072,0.6394052044609665
cabbage_black_rot_Bing_0217.jpg,1693,102,625,63116,0.8232433746656942
cabbage_black_rot_Bing_0218 - Copy.jpg,7969,982,4795,51790,0.7339626985954409
cabbage_black_rot_Google_0101.jpg,9950,688,829,54069,0.9291684176121773
cabbage_black_rot_Google_0110.jpg,9320,1696,717,53803,0.885384505771149
cabbage_black_rot_Google_0151.jpg,2170,1947,291,61128,0.6597750076010945
cabbage_black_rot_Google_0208.jpg,2964,390,476,61706,0.8725345893435384
cabbage_black_rot_Google_0262.jpg,4208,594,789,59945,0.8588631493009491
cabbage_black_rot_Google_0328.jpg,35029,316,5967,24224,0.9176982224492737
cabbage_black_rot_Google_0343.jpg,117,2289,528,62602,0.07669616519174041
cabbage_downy_mildew_Bing_0008.jpg,6938,12319,14,46265,0.5294364531267886
cabbage_downy_mildew_Bing_0012.jpg,5399,10278,172,49687,0.5081890060240963
cabbage_downy_mildew_Bing_0026.jpg,3870,394,3199,58073,0.6829612635665755
cabbage_downy_mildew_Bing_0035.jpg,4458,14597,26,46455,0.37877564892306387
cabbage_downy_mildew_Bing_0039.jpg,1964,1390,479,61703,0.6775918578575125
cabbage_downy_mildew_Bing_0043.jpg,2180,4937,1401,57018,0.40755281361002055
cabbage_downy_mildew_Bing_0046.jpg,14737,10429,2932,37438,0.6880821757908253
cabbage_downy_mildew_Bing_0053.jpg,2503,871,2350,59812,0.608484259146712
cabbage_downy_mildew_Bing_0055.jpg,9223,21206,22,35085,0.4649392549276604
cabbage_downy_mildew_Bing_0065.jpg,2469,1793,263,61011,0.7060337432084643
cabbage_downy_mildew_Bing_0081.jpg,3027,1420,357,60732,0.7730813433788788
cabbage_downy_mildew_Bing_0124.jpg,5077,1415,74,58970,0.8721119986257837
cabbage_downy_mildew_Bing_0133.jpg,3531,397,292,61316,0.9111082440975358
cabbage_downy_mildew_Bing_0159.jpg,20309,960,225,44042,0.9716527521948185
cabbage_downy_mildew_Bing_0163.jpg,59164,94,455,5823,0.9953817811687711
cabbage_downy_mildew_Bing_0190.jpg,4795,570,52,60119,0.9390912651782217
cabbage_downy_mildew_Google_0295.jpg,10612,2073,9271,43580,0.6516826332596414
carrot_alternaria_leaf_blight_Bing_0014.jpg,4950,885,9199,50502,0.4953963170536429
carrot_alternaria_leaf_blight_Bing_0019.jpg,3616,675,7900,53345,0.45751882077560574
carrot_alternaria_leaf_blight_Bing_0046.jpg,8995,10245,2112,44184,0.5928098329324151
carrot_alternaria_leaf_blight_Bing_0063.jpg,2141,1705,21848,39842,0.15383509969462905
carrot_alternaria_leaf_blight_Bing_0071.jpg,1252,1192,4528,58564,0.3044747081712062
carrot_alternaria_leaf_blight_Bing_0073.jpg,15571,270,6318,43377,0.8253909355950172
carrot_alternaria_leaf_blight_Bing_0075.jpg,6604,232,4851,53849,0.7221037668798863
carrot_alternaria_leaf_blight_Bing_0091.jpg,5882,28122,9838,21694,0.23658595446866704
carrot_alternaria_leaf_blight_Bing_0110.jpg,19612,15485,1168,29271,0.7019703992698247
carrot_alternaria_leaf_blight_Bing_0161.jpg,8659,602,7971,48304,0.6688810783670002
carrot_alternaria_leaf_blight_Bing_0184.jpg,3787,792,4449,56508,0.5910261412407335
carrot_alternaria_leaf_blight_Google_0060.jpg,1722,17995,386,45433,0.15780068728522337
carrot_cavity_spot_1.jpg,10043,913,2008,52572,0.8730386404137871
carrot_cavity_spot_google_0000.jpg,5878,3417,1003,55238,0.72675568743818
carrot_cavity_spot_google_0003.jpg,1721,2192,464,61159,0.5644473597900951
carrot_cavity_spot_google_0008.jpg,29857,2009,3299,30371,0.918366091476731
carrot_cavity_spot_google_0022.jpg,4325,1234,2025,57952,0.7263414224536066
carrot_cavity_spot_google_0033.jpg,4629,468,4223,56216,0.6637034912896982
carrot_cavity_spot_google_0108.jpg,276,37,363,64860,0.5798319327731093
carrot_cavity_spot_google_0137.jpg,4643,3214,3243,54436,0.58984945690148
carrot_cavity_spot_google_0140.jpg,223,462,3851,61000,0.09371716747215801
carrot_cavity_spot_google_0152.jpg,631,5905,254,58746,0.17005794367335939
carrot_cavity_spot_google_0161.jpg,5476,20,20148,39892,0.3519280205655527
carrot_cavity_spot_google_0177.jpg,961,902,166,63507,0.642809364548495
carrot_cavity_spot_google_0180.jpg,1397,619,718,62802,0.6763495521665456
carrot_cavity_spot_google_0193.jpg,955,888,1815,61878,0.4140472577498374
carrot_cercospora_leaf_blight_Bing_0001.jpg,205,881,991,63459,0.1796669588080631
carrot_cercospora_leaf_blight_Bing_0009.jpg,6036,4177,3287,52036,0.6179361179361179
carrot_cercospora_leaf_blight_Bing_0055.jpg,4145,3146,2437,55808,0.5975636127730123
carrot_cercospora_leaf_blight_Bing_0212.jpg,383,113,445,64595,0.5785498489425982
cauliflower_alternaria_leaf_spot_148.jpg,1847,368,95,63226,0.8886216021169112
cauliflower_alternaria_leaf_spot_154.jpg,7984,887,2196,54469,0.8381712246076322
cauliflower_alternaria_leaf_spot_google_0002.jpg,3171,5338,70,56957,0.5397446808510639
cauliflower_alternaria_leaf_spot_google_0003.jpg,29065,7071,254,29146,0.8880910549232297
cauliflower_alternaria_leaf_spot_google_0024.jpg,6781,34193,846,23716,0.27904775621900785
cauliflower_alternaria_leaf_spot_google_0028.jpg,24600,6651,480,33805,0.8734089577674815
cauliflower_alternaria_leaf_spot_google_0037.jpg,17003,5785,848,41900,0.8367824011417604
cauliflower_alternaria_leaf_spot_google_0042.jpg,5887,695,634,58320,0.8985728459131497
cauliflower_alternaria_leaf_spot_google_0045.jpg,4773,41697,0,19066,0.1862888589661027
cauliflower_alternaria_leaf_spot_google_0061.jpg,15201,1228,14240,34867,0.6627861347285807
cauliflower_alternaria_leaf_spot_google_0203.jpg,6643,1974,2363,54556,0.7539011519037622
cauliflower_bacterial_soft_rot_Bing_0009.jpg,7889,23,34482,23142,0.3137839826581548
cauliflower_bacterial_soft_rot_Bing_0021.jpg,18461,63,4440,42572,0.8912975256487629
cauliflower_bacterial_soft_rot_Bing_0034.jpg,10644,10812,298,43782,0.6570775973825544
cauliflower_bacterial_soft_rot_Bing_0094.jpg,11569,1612,428,51927,0.9189768845817777
cauliflower_bacterial_soft_rot_Bing_0124.jpg,2379,3360,1190,58607,0.5111731843575419
cauliflower_bacterial_soft_rot_Bing_0132.jpg,9024,8919,411,47182,0.6592154284461976
cauliflower_bacterial_soft_rot_Bing_0205.jpg,1680,2994,60,60802,0.5238540692235735
celery_anthracnose_google_0003.jpg,181,3348,125,61882,0.09439374185136896
celery_anthracnose_google_0005.jpg,0,30,46,65460,0.0
celery_anthracnose_google_0007.jpg,1003,3416,2393,58724,0.2566858605246321
celery_anthracnose_google_0035.jpg,885,4670,0,59981,0.2748447204968944
celery_anthracnose_google_0087.jpg,3714,84,2989,58749,0.7073612036948862
celery_anthracnose_google_0090.jpg,107,205,1616,63608,0.10515970515970516
celery_early_blight_2.jpg,6692,772,213,57859,0.9314496485489596
celery_early_blight_52.jpg,358,13231,388,51559,0.04994768050226718
celery_early_blight_58.jpg,8140,1279,1069,55048,0.8739531887481211
celery_early_blight_9.jpg,3754,5105,195,56482,0.5861961274203623
celery_early_blight_google_0001.jpg,4092,2933,3604,54907,0.5559404931730182
celery_early_blight_google_0009.jpg,1142,337,407,63650,0.7542932628797886
celery_early_blight_google_0163.jpg,5722,8309,586,50919,0.5626628644476129
cherry_leaf_spot_12.jpg,1516,6723,259,57038,0.3027761134411823
cherry_leaf_spot_15.jpg,15406,10208,119,39803,0.748972993995965
cherry_leaf_spot_32.jpg,1701,4209,144,59482,0.43868471953578336
cherry_leaf_spot_34.jpg,4027,8843,14,52652,0.4762580568860505
cherry_leaf_spot_35.jpg,304,131,177,64924,0.6637554585152838
cherry_leaf_spot_63.jpg,2712,2014,645,60165,0.671037980947668
cherry_leaf_spot_70.jpg,13519,5534,217,46266,0.8246058129250663
cherry_leaf_spot_google_0024.jpg,443,620,117,64356,0.5459026494146642
cherry_leaf_spot_google_0042.jpg,180,1270,53,64033,0.21390374331550802
cherry_leaf_spot_google_0053.jpg,13433,3880,1260,46963,0.8394051115415859
cherry_leaf_spot_google_0054.jpg,2561,859,69,62047,0.8466115702479339
cherry_leaf_spot_google_0064.jpg,62,1371,89,64014,0.07828282828282829
cherry_leaf_spot_google_0065.jpg,4363,3637,1102,56434,0.6480505012996658
cherry_leaf_spot_google_0079.jpg,1652,856,1050,61978,0.6341650671785029
cherry_leaf_spot_google_0088.jpg,34394,3408,244,27490,0.9495858641634456
cherry_leaf_spot_google_0154.jpg,2269,2350,43,60874,0.6547395758187852
cherry_leaf_spot_google_0180.jpg,1578,3162,1905,58891,0.3838015322874863
cherry_leaf_spot_google_0216.jpg,1250,5246,4,59036,0.3225806451612903
cherry_leaf_spot_google_0227.jpg,26467,1400,171,37498,0.9711769562425465
cherry_leaf_spot_google_0260.jpg,1552,7697,69,56218,0.2855565777368905
cherry_leaf_spot_google_0345.jpg,4775,7386,2241,51134,0.49799238671325025
cherry_powdery_mildew_107.jpg,2162,4179,5052,54143,0.31899668019181115
cherry_powdery_mildew_2.jpg,9913,2346,191,53086,0.8865536824218575
cherry_powdery_mildew_60.jpg,4121,8579,2873,49963,0.418503097390068
cherry_powdery_mildew_65.jpg,4931,2658,12129,45818,0.40009736703314536
cherry_powdery_mildew_67.jpg,15669,345,2088,47434,0.9279559385271386
cherry_powdery_mildew_76.jpg,5570,4803,4218,50945,0.5525519567481771
cherry_powdery_mildew_google_0062.jpg,25283,315,1929,38009,0.9575080477182352
citrus_canker_101.jpg,6150,2188,1540,55658,0.7674070376840529
citrus_canker_103.jpg,255,19,142,65120,0.7600596125186289
citrus_canker_105.jpg,10085,1491,4270,49690,0.777833481161544
citrus_canker_107.jpg,1841,135,1414,62146,0.7038807111450965
citrus_canker_11.jpg,2541,769,3,62223,0.8681243594123677
citrus_canker_125.jpg,6370,63,1506,57597,0.8903487315675449
citrus_canker_13.jpg,3129,139,174,62094,0.9523664586820879
citrus_canker_130.jpg,901,3327,349,60959,0.3289521723256663
citrus_canker_147.jpg,3221,96,1513,60706,0.8001490498074774
citrus_canker_149.jpg,11501,3828,2001,48206,0.7978217890465125
citrus_canker_156.jpg,6219,3581,291,55445,0.7625996321275291
citrus_canker_159.jpg,6541,217,2476,56302,0.8292868462757528
citrus_canker_162.jpg,2442,882,685,61527,0.7570919237327546
citrus_canker_163.jpg,2502,569,3247,59218,0.5673469387755102
citrus_canker_174.jpg,2079,1134,1630,60693,0.6006934412019648
citrus_canker_184.jpg,864,22,1602,63048,0.5155131264916468
citrus_canker_196.jpg,317,228,152,64839,0.6252465483234714
citrus_canker_197.jpg,281,140,190,64925,0.6300448430493274
citrus_canker_21.jpg,2992,2,1095,61447,0.8450783787600621
citrus_canker_22.jpg,3184,142,8094,54116,0.4360449192002191
citrus_canker_224.jpg,4683,1165,677,59011,0.8356531049250535
citrus_canker_23.jpg,4140,180,1313,59903,0.8472321702650158
citrus_canker_247.jpg,512,91,764,64169,0.5449707291112293
citrus_canker_251.jpg,2366,980,1490,60700,0.6570397111913358
citrus_canker_255.jpg,8608,1570,1367,53991,0.8542648737160721
citrus_canker_256.jpg,4360,1053,447,59676,0.8532289628180039
citrus_canker_26.jpg,3515,2327,1074,58620,0.6739526411657559
citrus_canker_264.jpg,17806,886,1795,45049,0.9299872039276108
citrus_canker_27.jpg,1566,1254,119,62597,0.695227524972253
citrus_canker_273.jpg,25263,272,2974,37027,0.9396340102655657
citrus_canker_276.jpg,9418,3651,1847,50620,0.7740609846305581
citrus_canker_281.jpg,5319,1567,604,58046,0.8305097977984229
citrus_canker_282.jpg,2541,28,5394,57573,0.4838156892612338
citrus_canker_285.jpg,584,378,789,63785,0.5002141327623126
citrus_canker_298.jpg,6818,1831,2246,54641,0.7698300683114097
citrus_canker_314.jpg,547,306,751,63932,0.5086006508600651
citrus_canker_321.jpg,4152,113,1543,59728,0.8337349397590361
citrus_canker_340.jpg,9366,1566,2199,52405,0.8326443525803441
citrus_canker_352.jpg,7670,157,3939,53770,0.7892570487754682
citrus_canker_354.jpg,6349,4046,2728,52413,0.6521158586688578
citrus_canker_36.jpg,4726,3639,698,56473,0.6854739284937269
citrus_canker_363.jpg,1662,2057,39,61778,0.6132841328413284
citrus_canker_370.jpg,8101,1263,7893,48279,0.6389305150248442
citrus_canker_388.jpg,885,57,437,64157,0.7818021201413428
citrus_canker_394.jpg,1365,120,514,63537,0.8115338882282996
citrus_canker_4.jpg,9246,656,19213,36421,0.4820520841479628
citrus_canker_40.jpg,8822,0,4848,51866,0.7844566957140316
citrus_canker_48.jpg,18952,7550,220,38814,0.8298813329246398
citrus_canker_5.jpg,905,7910,589,56132,0.175574740517994
citrus_canker_50.jpg,1754,309,708,62765,0.7752486187845304
citrus_canker_60.jpg,2012,1054,99,62371,0.7772841413946301
citrus_canker_62.jpg,5771,2285,281,57199,0.8181173802098101
citrus_canker_64.jpg,1144,448,1152,62792,0.588477366255144
citrus_canker_66.jpg,3942,4148,976,56470,0.6060885608856088
citrus_canker_76.jpg,16820,179,1878,46659,0.9423761100372581
citrus_canker_89.jpg,1641,1892,306,61697,0.5989051094890511
citrus_canker_90.jpg,751,158,111,64516,0.8481084133258047
citrus_canker_96.jpg,0,1927,0,63609,0.0
citrus_canker_google_0009.jpg,1750,174,1075,62537,0.7369972625815961
citrus_canker_google_0020.jpg,3800,965,543,60228,0.8344312692138779
citrus_canker_google_0027.jpg,2167,321,2155,60893,0.6364170337738619
citrus_canker_google_0028.jpg,2036,5000,319,58181,0.43360664465978066
citrus_canker_google_0029.jpg,3262,483,2149,59642,0.7125382262996942
citrus_canker_google_0045.jpg,1008,232,69,64227,0.8700906344410876
citrus_canker_google_0051.jpg,956,417,5135,59028,0.25616291532690244
citrus_canker_google_0058.jpg,3317,6732,18,55469,0.4956664674237896
citrus_canker_google_0071.jpg,3592,2094,432,59418,0.7398558187435633
citrus_canker_google_0078.jpg,3230,4986,462,56858,0.5424924420557609
citrus_canker_google_0085.jpg,1839,358,259,63080,0.8563445867287544
citrus_canker_google_0093.jpg,5615,2024,122,57775,0.8395633971291866
citrus_canker_google_0108.jpg,819,662,77,63978,0.6891039124947412
citrus_canker_google_0117.jpg,2603,1974,9,60950,0.7241619140353318
citrus_canker_google_0139.jpg,72,2192,1896,61376,0.034026465028355386
citrus_canker_google_0175.jpg,544,581,169,64242,0.5919477693144722
citrus_canker_google_0199.jpg,2680,872,1336,60648,0.7082452431289641
citrus_canker_google_0206.jpg,896,27,139,64474,0.9152196118488254
citrus_canker_google_0265.jpg,3840,1229,1179,59288,0.7613005551149881
citrus_canker_google_0277.jpg,2637,3388,1013,58498,0.5451162790697675
citrus_greening_disease_24.jpg,84,0,6191,59261,0.026419248309482623
citrus_greening_disease_29.jpg,8529,632,2876,53499,0.8294272099581834
citrus_greening_disease_48.jpg,5435,6361,523,53217,0.6122563929255379
citrus_greening_disease_60.jpg,2996,87,6245,56208,0.48620577734501785
citrus_greening_disease_85.jpg,0,50,579,64907,0.0
citrus_greening_disease_93.jpg,69,527,3154,61786,0.03613511390416339
citrus_greening_disease_google_0002.jpg,3377,1158,1875,59126,0.6900991110656994
citrus_greening_disease_google_0009.jpg,7219,3968,4269,50080,0.6367364939360529
citrus_greening_disease_google_0022.jpg,4127,3954,4385,53070,0.49743867896100763
citrus_greening_disease_google_0064.jpg,598,3294,12195,49449,0.07168115073419239
citrus_greening_disease_google_0066.jpg,805,371,848,63512,0.5691056910569106
citrus_greening_disease_google_0071.jpg,14297,4912,3009,43318,0.7830754484458442
citrus_greening_disease_google_0078.jpg,308,1872,2225,61131,0.13070231275196265
citrus_greening_disease_google_0079.jpg,2526,6765,1106,55139,0.3909308983982048
citrus_greening_disease_google_0081.jpg,2926,934,7790,53886,0.40148188803512624
citrus_greening_disease_google_0086.jpg,0,11,796,64729,0.0
citrus_greening_disease_google_0110.jpg,0,92,2757,62687,0.0
citrus_greening_disease_google_0120.jpg,1027,3036,249,61224,0.38471623899606666
citrus_greening_disease_google_0126.jpg,326,1909,3865,59436,0.10146280734516029
citrus_greening_disease_google_0156.jpg,9808,1363,1372,52993,0.877634110330634
citrus_greening_disease_google_0172.jpg,4661,2970,3094,54811,0.6058754712075913
citrus_greening_disease_google_0182.jpg,3353,7261,2786,52136,0.40028651584790786
citrus_greening_disease_google_0183.jpg,2152,368,4012,59004,0.4956241363426992
citrus_greening_disease_google_0186.jpg,395,13667,79,51395,0.05434782608695652
citrus_greening_disease_google_0221.jpg,2189,944,1747,60656,0.6193238081765455
citrus_greening_disease_google_0251.jpg,10111,3054,567,51804,0.8481315270729355
citrus_greening_disease_google_0253.jpg,17147,1811,6650,39928,0.802105016957081
coffee_berry_blotch_Bing_0001.jpg,2901,0,12106,50529,0.3239892785347331
coffee_berry_blotch_Bing_0002.jpg,1728,501,253,63054,0.8209026128266034
coffee_berry_blotch_Bing_0006.jpg,3596,738,704,60498,0.8329858698170025
coffee_berry_blotch_Bing_0010.jpg,434,108,2565,62429,0.24512849477548715
coffee_berry_blotch_Bing_0017.jpg,1287,174,437,63638,0.8081632653061225
coffee_berry_blotch_Bing_0018.jpg,423,417,1017,63679,0.37105263157894736
coffee_berry_blotch_Bing_0027.jpg,7715,295,318,57208,0.9617901888674188
coffee_berry_blotch_Bing_0037.jpg,2035,417,626,62458,0.7960101701545081
coffee_berry_blotch_Bing_0044.jpg,272,530,1833,62901,0.1871345029239766
coffee_berry_blotch_Bing_0049.jpg,2260,752,2134,60390,0.6103159600324062
coffee_berry_blotch_Bing_0058.jpg,2575,1489,1160,60312,0.6603410693678676
coffee_berry_blotch_Bing_0065.jpg,0,0,522,65014,0.0
coffee_berry_blotch_Bing_0073.jpg,0,122,1134,64280,0.0
coffee_berry_blotch_Bing_0078.jpg,231,5957,188,59160,0.06992583623429696
coffee_berry_blotch_Bing_0099.jpg,222,104,223,64987,0.5758754863813229
coffee_berry_blotch_Bing_0105.jpg,436,1457,54,63589,0.365925304238355
coffee_berry_blotch_Bing_0106.jpg,299,9611,98,55528,0.058018822159697295
coffee_berry_blotch_Bing_0114.jpg,1328,179,345,63684,0.8352201257861636
coffee_berry_blotch_Bing_0117.jpg,827,156,155,64398,0.8417302798982188
coffee_berry_blotch_Bing_0120.jpg,858,1043,2806,60829,0.30835579514824796
coffee_berry_blotch_Bing_0122.jpg,3488,132,1866,60050,0.7773568085580566
coffee_berry_blotch_Bing_0140.jpg,2113,349,603,62471,0.8161452298184627
coffee_berry_blotch_Bing_0170.jpg,359,410,321,64446,0.49551414768806074
coffee_berry_blotch_Google_0099.jpg,64,3565,95,61812,0.0337909186906019
coffee_black_rot_Bing_0001.jpg,5826,1887,541,57282,0.8275568181818181
coffee_brown_eye_spot_Bing_0006.jpg,14480,4767,2515,43774,0.799072898846642
coffee_brown_eye_spot_Bing_0036.jpg,3558,776,704,60498,0.8278268962308051
coffee_brown_eye_spot_Bing_0061.jpg,1472,4979,161,58924,0.3641761504205839
coffee_brown_eye_spot_Google_0003.jpg,498,61,560,64417,0.6159554730983302
coffee_leaf_rust_15.jpg,15361,6119,775,43281,0.8167269247128881
coffee_leaf_rust_171.jpg,5265,880,915,58476,0.8543610547667343
coffee_leaf_rust_33.jpg,1715,1544,1250,61027,0.5510925449871465
coffee_leaf_rust_4.jpg,4355,8049,866,52266,0.49418439716312057
coffee_leaf_rust_46.jpg,10489,2405,506,52136,0.8781447528151032
coffee_leaf_rust_google_0008.jpg,30576,660,709,33591,0.9781033572719566
coffee_leaf_rust_google_0016.jpg,2367,226,619,62324,0.8485391647248611
coffee_leaf_rust_google_0018.jpg,4403,3287,568,57278,0.6955216807519153
coffee_leaf_rust_google_0019.jpg,18828,5387,859,40462,0.8577285772857729
coffee_leaf_rust_google_0022.jpg,4477,1209,686,59164,0.8253295234583833
coffee_leaf_rust_google_0033.jpg,1898,1224,1343,61071,0.5965739431085966
coffee_leaf_rust_google_0042.jpg,10130,5847,128,49431,0.7722508099866591
coffee_leaf_rust_google_0043.jpg,22523,4139,869,38005,0.8999480560994126
coffee_leaf_rust_google_0045.jpg,6264,2729,2971,53572,0.6872942725477288
coffee_leaf_rust_google_0048.jpg,34473,3845,1574,25644,0.9271296981106704
coffee_leaf_rust_google_0077.jpg,19893,69,1010,44564,0.973595986785758
coffee_leaf_rust_google_0086.jpg,5310,7953,166,52107,0.5667324830567266
coffee_leaf_rust_google_0090.jpg,20126,302,10051,35057,0.7954154727793696
coffee_leaf_rust_google_0096.jpg,8924,292,616,55704,0.9515888249093624
coffee_leaf_rust_google_0107.jpg,394,0,1175,63967,0.40142638818135506
coffee_leaf_rust_google_0108.jpg,14214,1096,9925,40301,0.720626631853786
coffee_leaf_rust_google_0109.jpg,828,15943,242,48523,0.09281990919791491
coffee_leaf_rust_google_0122.jpg,2907,32,3370,59227,0.630859375
coffee_leaf_rust_google_0125.jpg,62511,1313,213,1499,0.9879413345133862
coffee_leaf_rust_google_0130.jpg,6730,3054,730,55022,0.7805613546740895
coffee_leaf_rust_google_0132.jpg,3965,1115,1769,58687,0.7333086739411874
coffee_leaf_rust_google_0135.jpg,629,10,2078,62819,0.3759713090257023
coffee_leaf_rust_google_0156.jpg,5978,396,6744,52418,0.626099706744868
coffee_leaf_rust_google_0184.jpg,2168,2,7752,55614,0.3586435070306038
coffee_leaf_rust_google_0237.jpg,181,117,10,65228,0.7402862985685071
coffee_leaf_rust_google_0246.jpg,3505,248,800,60983,0.8699429138744105
coffee_leaf_rust_google_0281.jpg,41967,893,1279,21397,0.9747752769841823
corn_gray_leaf_spot_31.jpg,4529,14796,417,45794,0.37320258745004325
corn_gray_leaf_spot_35.jpg,6983,500,2603,55450,0.8182084480637413
corn_gray_leaf_spot_42.jpg,23710,33,12255,29538,0.7941984323708716
corn_gray_leaf_spot_google_0014.jpg,1381,370,1177,62608,0.6409839870039452
corn_gray_leaf_spot_google_0015.jpg,2104,1418,566,61448,0.6795865633074936
corn_gray_leaf_spot_google_0020.jpg,12178,553,13214,39591,0.6388794166251345
corn_gray_leaf_spot_google_0024.jpg,18850,2176,1136,43374,0.9192431483468253
corn_gray_leaf_spot_google_0035.jpg,13407,10730,615,40784,0.7026913703189287
corn_gray_leaf_spot_google_0047.jpg,3206,894,1913,59523,0.6955201214882308
corn_gray_leaf_spot_google_0050.jpg,15509,214,1231,48582,0.9554877860949389
corn_gray_leaf_spot_google_0053.jpg,6258,259,221,58798,0.9630655586334257
corn_gray_leaf_spot_google_0061.jpg,10636,9827,269,44804,0.6781433307829635
corn_gray_leaf_spot_google_0066.jpg,2268,655,843,61770,0.7517401392111369
corn_gray_leaf_spot_google_0074.jpg,825,15,3924,60772,0.2952227589908749
corn_gray_leaf_spot_google_0081.jpg,17369,0,34235,13932,0.5036463543705508
corn_gray_leaf_spot_google_0089.jpg,5512,463,22451,37110,0.3248276268489599
corn_gray_leaf_spot_google_0145.jpg,7079,2817,1559,54081,0.7638933851300312
corn_gray_leaf_spot_google_0168.jpg,57466,206,6792,1072,0.9426064135159518
corn_gray_leaf_spot_google_0172.jpg,49416,145,1096,14879,0.9875990526915351
corn_gray_leaf_spot_google_0270.jpg,9576,10867,365,44728,0.6303317535545023
corn_gray_leaf_spot_google_0293.jpg,43887,318,3827,17504,0.9549059498036314
corn_northern_leaf_blight_101.jpg,7377,1583,452,56124,0.8787896837214844
corn_northern_leaf_blight_14.jpg,1519,1452,213,62352,0.6459706570274293
corn_northern_leaf_blight_2.jpg,520,3263,7692,54061,0.08670279283034597
corn_northern_leaf_blight_28.jpg,5162,2455,632,57287,0.7698158228320036
corn_northern_leaf_blight_30.jpg,7761,1369,8710,47696,0.6063044412327644
corn_northern_leaf_blight_33.jpg,5005,2996,4723,52812,0.564611653223532
corn_northern_leaf_blight_37.jpg,13740,319,6934,44543,0.7911784182189848
corn_northern_leaf_blight_49.jpg,14926,1853,5714,43043,0.7977765306395147
corn_northern_leaf_blight_53.jpg,4785,846,205,59700,0.901045099331513
corn_northern_leaf_blight_62.jpg,6074,1980,141,57341,0.851356086621347
corn_northern_leaf_blight_69.jpg,2055,4302,5001,54178,0.30641914560501005
corn_northern_leaf_blight_81.jpg,1266,2261,3194,58815,0.3170151496181295
corn_northern_leaf_blight_google_0000.jpg,4752,1711,331,58742,0.8231422137536809
corn_northern_leaf_blight_google_0012.jpg,7409,1038,10949,46140,0.5528073120686439
corn_northern_leaf_blight_google_0018.jpg,2174,385,252,62725,0.8722166499498496
corn_northern_leaf_blight_google_0023.jpg,1872,1372,17334,44958,0.1667706013363029
corn_northern_leaf_blight_google_0040.jpg,1024,1969,15,62528,0.5079365079365079
corn_northern_leaf_blight_google_0041.jpg,211,51,640,64634,0.37915543575920935
corn_northern_leaf_blight_google_0042.jpg,6580,2334,1463,55159,0.7760806746476382
corn_northern_leaf_blight_google_0059.jpg,717,1221,1225,62373,0.3695876288659794
corn_northern_leaf_blight_google_0064.jpg,2708,753,45,62030,0.8715803025426456
corn_northern_leaf_blight_google_0069.jpg,7598,1639,98,56201,0.897419240536231
corn_northern_leaf_blight_google_0088.jpg,2996,29174,11,33355,0.17033857349972994
corn_northern_leaf_blight_google_0099.jpg,97,813,402,64224,0.1376863023420866
corn_northern_leaf_blight_google_0101.jpg,3676,1547,916,59397,0.7490575649516047
corn_northern_leaf_blight_google_0133.jpg,20225,5562,5744,34005,0.7815518973645568
corn_rust_1.jpg,37799,245,176,27316,0.99446191083808
corn_rust_10.jpg,18205,1422,2910,42999,0.893672377399244
corn_rust_15.jpg,18111,9429,144,37852,0.7909597117589257
corn_rust_2.jpg,14947,1599,5649,43341,0.8048570351623499
corn_rust_27.jpg,8750,3921,24,52841,0.8160410352063419
corn_rust_32.jpg,296,1350,8744,55146,0.055399588246303574
corn_rust_42.jpg,20200,1714,52,43570,0.9581179149077456
corn_rust_60.jpg,2059,84,1606,61787,0.7090220385674931
corn_rust_69.jpg,6063,1893,615,56965,0.8286182861828618
corn_rust_74.jpg,6903,2360,855,55418,0.8111156806298102
corn_rust_80.jpg,52819,1694,295,10728,0.9815195071868583
corn_rust_82.jpg,35529,7255,217,22535,0.904851649051318
corn_rust_google_0000.jpg,36420,653,14541,13922,0.8274075925210714
corn_rust_google_0013.jpg,56300,1660,1051,6525,0.97648966707426
corn_rust_google_0029.jpg,17938,5419,702,41477,0.8542514941543443
corn_rust_google_0035.jpg,27239,479,67,37751,0.9900770572840942
corn_rust_google_0037.jpg,32065,195,3383,29893,0.9471554321498198
corn_rust_google_0053.jpg,4407,1501,2064,57564,0.7120122788593586
corn_rust_google_0056.jpg,15144,13555,124,36713,0.688880296586076
corn_rust_google_0059.jpg,24062,17570,69,23835,0.7317792679774341
corn_rust_google_0068.jpg,28589,3942,11696,21309,0.7852395078004835
corn_rust_google_0071.jpg,46052,620,5994,12870,0.933001073765676
corn_rust_google_0078.jpg,6105,945,5561,52925,0.6523829878179098
corn_rust_google_0080.jpg,30367,18401,54,16714,0.7669499551705413
corn_rust_google_0094.jpg,26998,6158,446,31934,0.8910231023102311
corn_rust_google_0097.jpg,10076,1141,402,53917,0.9288776215717908
corn_rust_google_0117.jpg,14205,3854,1281,46196,0.8469220450141601
corn_rust_google_0131.jpg,56325,296,2034,6881,0.9797356061923813
corn_rust_google_0132.jpg,18007,543,709,46277,0.9664036923737455
corn_rust_google_0152.jpg,12197,82,1053,52204,0.9555407575698226
corn_rust_google_0156.jpg,15861,3062,2575,44038,0.8491126636151931
corn_rust_google_0174.jpg,10694,1491,2460,50891,0.8440743517897312
corn_rust_google_0177.jpg,37154,5150,73,23159,0.9343274949390804
corn_rust_google_0196.jpg,27720,4421,4923,28472,0.8557668560138306
corn_rust_google_0211.jpg,43258,3408,1302,17568,0.9483699822419047
corn_smut_13.jpg,17131,2311,408,45686,0.9264757578215841
corn_smut_16.jpg,2534,2693,291,60018,0.6294088425235966
corn_smut_17.jpg,1934,191,132,63279,0.922930088284419
corn_smut_224.jpg,12739,1618,560,50619,0.9212467457332948
corn_smut_85.jpg,9746,572,794,54424,0.9345095407038067
corn_smut_google_0001.jpg,18690,62,805,45979,0.977331555416111
corn_smut_google_0002.jpg,10886,1331,1154,52165,0.8975553448489096
corn_smut_google_0011.jpg,8762,366,246,56162,0.9662549625055139
corn_smut_google_0012.jpg,3731,124,1305,60376,0.8392756720278933
corn_smut_google_0013.jpg,16453,5941,898,42244,0.827928041263052
corn_smut_google_0023.jpg,23637,3236,256,38407,0.9312138045148327
corn_smut_google_0024.jpg,5070,2738,58,57670,0.7838589981447124
corn_smut_google_0025.jpg,24072,2484,1425,37555,0.9249034637773039
corn_smut_google_0034.jpg,16438,3682,3617,41799,0.8183198506533914
corn_smut_google_0046.jpg,12121,7531,31,45853,0.7622311658910829
corn_smut_google_0049.jpg,6239,648,348,58301,0.9260798575033398
corn_smut_google_0053.jpg,3820,917,1077,59722,0.7930247041727216
corn_smut_google_0059.jpg,4392,2039,88,59017,0.8050591146549354
corn_smut_google_0063.jpg,13646,2832,2951,46107,0.8251549508692366
corn_smut_google_0079.jpg,13863,476,545,50652,0.9644832504261315
corn_smut_google_0081.jpg,14675,119,340,50402,0.9846019658492402
corn_smut_google_0084.jpg,20698,1004,687,43147,0.9607538236591083
corn_smut_google_0090.jpg,4688,1014,641,59193,0.8499682712356087
corn_smut_google_0099.jpg,13390,2721,801,48624,0.8837700481816382
corn_smut_google_0101.jpg,4085,713,3039,57699,0.6852877034054689
corn_smut_google_0115.jpg,5288,2168,437,57643,0.8023670434716638
corn_smut_google_0118.jpg,20081,5960,580,38915,0.8599631707421523
corn_smut_google_0120.jpg,21711,313,10091,33421,0.8067105116486456
corn_smut_google_0124.jpg,10505,301,313,54417,0.9716056233814281
corn_smut_google_0132.jpg,2768,1142,2469,59157,0.6052257570788236
corn_smut_google_0134.jpg,4914,1853,19327,39442,0.3169504643962848
corn_smut_google_0162.jpg,3288,459,35,61754,0.9301272984441301
corn_smut_google_0169.jpg,11306,1096,990,52144,0.9155397198153696
corn_smut_google_0194.jpg,15532,1097,639,48268,0.9470731707317073
corn_smut_google_0200.jpg,3184,12790,1958,47604,0.30157226747490057
corn_smut_google_0225.jpg,14010,10912,197,40417,0.7160929234071916
corn_smut_google_0235.jpg,7575,9150,2660,46151,0.5619436201780416
corn_smut_google_0248.jpg,9947,5011,612,49966,0.7796371046753146
corn_smut_google_0298.jpg,23865,164,13287,28220,0.7801441624033605
corn_smut_google_0332.jpg,11733,457,6106,47240,0.7814446035499018
cucumber_angular_leaf_spot_1.jpg,30583,16329,734,17890,0.7818839560776694
cucumber_angular_leaf_spot_130.jpg,15471,1347,15894,32824,0.6421767013261939
cucumber_angular_leaf_spot_14.jpg,5976,9857,741,48962,0.5300221729490022
cucumber_angular_leaf_spot_141.jpg,26897,3162,1340,34137,0.9227734321394264
cucumber_angular_leaf_spot_154.jpg,54692,3654,278,6912,0.9653005753821172
cucumber_angular_leaf_spot_156.jpg,21091,17628,0,26817,0.7052666778130747
cucumber_angular_leaf_spot_172.jpg,14202,4027,222,47085,0.8698741310139957
cucumber_angular_leaf_spot_175.jpg,7502,2712,2779,52543,0.7320809953647232
cucumber_angular_leaf_spot_20.jpg,6182,35744,183,23427,0.25603114451968273
cucumber_angular_leaf_spot_214.jpg,17075,15936,2293,30232,0.6519788464842781
cucumber_angular_leaf_spot_217.jpg,33864,3790,992,26890,0.9340504757964418
cucumber_angular_leaf_spot_243.jpg,38646,6993,39,19858,0.9166073715668137
cucumber_angular_leaf_spot_261.jpg,21580,3710,3522,36724,0.8564851563740277
cucumber_angular_leaf_spot_286.jpg,12155,2147,6322,44912,0.7416333628237591
cucumber_angular_leaf_spot_292.jpg,6774,6797,461,51504,0.6511583197154667
cucumber_angular_leaf_spot_311.jpg,18541,4171,5253,37571,0.7973594804971401
cucumber_angular_leaf_spot_328.jpg,5167,4990,27329,28050,0.24228073054650318
cucumber_angular_leaf_spot_33.jpg,9623,4445,619,50849,0.7916906622788976
cucumber_angular_leaf_spot_4.jpg,12906,400,31569,20661,0.4467212405462003
cucumber_angular_leaf_spot_41.jpg,46359,3281,557,15339,0.9602510460251046
cucumber_angular_leaf_spot_42.jpg,14119,1282,13382,36753,0.6581977530185072
cucumber_angular_leaf_spot_48.jpg,2826,3846,403,58461,0.5708514291485709
cucumber_angular_leaf_spot_6.jpg,58120,101,1541,5774,0.9860708165792912
cucumber_angular_leaf_spot_7.jpg,7713,15444,1299,41080,0.47952998228107807
cucumber_angular_leaf_spot_75.jpg,8899,18180,1630,36827,0.473250372261221
cucumber_angular_leaf_spot_79.jpg,33737,4804,1487,25508,0.9147156510540229
cucumber_angular_leaf_spot_9.jpg,44769,3735,485,16547,0.9549905074766953
cucumber_angular_leaf_spot_google_0018.jpg,12892,2313,12119,38212,0.6411378555798687
cucumber_angular_leaf_spot_google_0020.jpg,9422,4891,772,50451,0.7689231648100543
cucumber_angular_leaf_spot_google_0021.jpg,26028,996,5063,33449,0.8957412027875764
cucumber_angular_leaf_spot_google_0028.jpg,26202,713,24222,14399,0.6775882801691255
cucumber_angular_leaf_spot_google_0043.jpg,22012,4054,3267,36203,0.8574155224461973
cucumber_angular_leaf_spot_google_0083.jpg,5558,501,6115,53362,0.6268892397924656
cucumber_angular_leaf_spot_google_0085.jpg,2354,25541,674,36967,0.1522491349480969
cucumber_angular_leaf_spot_google_0097.jpg,8408,1050,1023,55055,0.8902535867436074
cucumber_angular_leaf_spot_google_0116.jpg,3099,383,7024,55030,0.4555678059536935
cucumber_bacterial_wilt_109.jpg,15062,1580,7256,41638,0.7732032854209445
cucumber_bacterial_wilt_12.jpg,16055,794,8660,40027,0.7725435473005485
cucumber_bacterial_wilt_139.jpg,792,407,17007,47330,0.08337719759974734
cucumber_bacterial_wilt_14.jpg,4368,533,12795,47840,0.39593908629441626
cucumber_bacterial_wilt_184.jpg,9035,0,30147,26354,0.3747640873550822
cucumber_bacterial_wilt_313.jpg,1410,6944,165,57017,0.2840165172726357
cucumber_bacterial_wilt_38.jpg,1129,4632,125,59650,0.3218816821097648
cucumber_bacterial_wilt_50.jpg,2985,11860,650,50041,0.32305194805194803
cucumber_bacterial_wilt_58.jpg,3843,289,15949,45455,0.32126734659755896
cucumber_bacterial_wilt_69.jpg,4254,6964,9590,44728,0.33947809432607134
cucumber_bacterial_wilt_google_0017.jpg,1022,6047,4628,53839,0.16070445789763346
cucumber_bacterial_wilt_google_0020.jpg,27018,368,24192,13958,0.6875159041172578
cucumber_bacterial_wilt_google_0024.jpg,13565,726,5344,45901,0.8171686746987952
cucumber_bacterial_wilt_google_0027.jpg,0,0,3861,61675,0.0
cucumber_bacterial_wilt_google_0030.jpg,9664,18632,2645,34595,0.47600049255017857
cucumber_bacterial_wilt_google_0043.jpg,6584,1530,10845,46577,0.5155228438319697
cucumber_bacterial_wilt_google_0066.jpg,891,271,4559,59815,0.2695099818511797
cucumber_bacterial_wilt_google_0076.jpg,3673,8132,7761,45970,0.31610654503205815
cucumber_bacterial_wilt_google_0099.jpg,672,4690,3372,56802,0.14288751860514565
cucumber_bacterial_wilt_google_0133.jpg,10761,3553,5561,45661,0.7025068546807677
cucumber_bacterial_wilt_google_0143.jpg,1466,4251,2375,57444,0.30675873613726723
cucumber_bacterial_wilt_google_0249.jpg,726,9444,603,54763,0.12627184972606315
cucumber_powdery_mildew_10.jpg,35745,34,6863,22894,0.9120134716215699
cucumber_powdery_mildew_125.jpg,31706,5793,1598,26439,0.8956117678629436
cucumber_powdery_mildew_13.jpg,539,8241,404,56352,0.11087113030957524
cucumber_powdery_mildew_178.jpg,29163,5344,2586,28443,0.8803127263945907
cucumber_powdery_mildew_18.jpg,21548,8408,11854,23726,0.6801982385807633
cucumber_powdery_mildew_183.jpg,232,638,195,64471,0.35774865073245954
cucumber_powdery_mildew_197.jpg,303,457,431,64345,0.40562248995983935
cucumber_powdery_mildew_198.jpg,5,962,13471,51098,0.0006923769300006924
cucumber_powdery_mildew_22.jpg,302,270,72,64892,0.638477801268499
cucumber_powdery_mildew_227.jpg,9659,27954,298,27625,0.4060962791675426
cucumber_powdery_mildew_24.jpg,271,7139,68,58058,0.06994450896889921
cucumber_powdery_mildew_26.jpg,15872,2692,1526,45446,0.8827095267226517
cucumber_powdery_mildew_28.jpg,0,2659,315,62562,0.0
cucumber_powdery_mildew_32.jpg,20725,10141,4861,29809,0.7342521079855452
cucumber_powdery_mildew_35.jpg,19034,11090,808,34604,0.7618780770924228
cucumber_powdery_mildew_38.jpg,2361,2900,680,59595,0.5687786075644423
cucumber_powdery_mildew_58.jpg,21131,1900,1862,40643,0.9182600382409177
cucumber_powdery_mildew_59.jpg,20476,2246,29,42785,0.9473708561778518
cucumber_powdery_mildew_64.jpg,22843,435,1505,40753,0.959265947171713
cucumber_powdery_mildew_69.jpg,9820,31593,48,24075,0.38298785125095064
cucumber_powdery_mildew_70.jpg,3472,42661,0,19403,0.1399858885193025
cucumber_powdery_mildew_73.jpg,367,12975,260,51934,0.05254492089627031
cucumber_powdery_mildew_77.jpg,14836,8636,1171,40893,0.7515894526203805
cucumber_powdery_mildew_google_0000.jpg,31199,1955,3906,28476,0.9141358648676365
cucumber_powdery_mildew_google_0001.jpg,16602,5946,4486,38502,0.7609313410945091
cucumber_powdery_mildew_google_0026.jpg,27375,9057,18,29086,0.8578143360752056
cucumber_powdery_mildew_google_0034.jpg,7271,10584,1506,46175,0.5460348452988886
cucumber_powdery_mildew_google_0042.jpg,21245,3211,1495,39585,0.9002881600135605
cucumber_powdery_mildew_google_0065.jpg,9135,22355,4088,29958,0.4086059982555409
cucumber_powdery_mildew_google_0080.jpg,56215,5205,93,4023,0.954997961402555
cucumber_powdery_mildew_google_0090.jpg,27159,1636,7749,28992,0.852675698161782
cucumber_powdery_mildew_google_0104.jpg,29330,674,156,35376,0.9860480753067743
cucumber_powdery_mildew_google_0119.jpg,3921,1559,17272,42784,0.2940051737712293
cucumber_powdery_mildew_google_0151.jpg,24195,12998,801,27542,0.7781118847384586
cucumber_powdery_mildew_google_0159.jpg,18409,4137,889,42101,0.8798872000764745
cucumber_powdery_mildew_google_0162.jpg,54061,3494,688,7293,0.9627617894286935
cucumber_powdery_mildew_google_0167.jpg,33941,3060,126,28409,0.9551696966285811
cucumber_powdery_mildew_google_0188.jpg,29465,2910,1658,31503,0.9280607263220889
eggplant_cercospora_leaf_spot_12.jpg,2214,1652,1544,60126,0.580797481636936
eggplant_cercospora_leaf_spot_33.jpg,1308,25623,117,38488,0.09225560727888278
eggplant_cercospora_leaf_spot_40.jpg,1145,245,11,64135,0.8994501178318932
eggplant_cercospora_leaf_spot_96.jpg,1157,23141,0,41238,0.09090551954429385
eggplant_cercospora_leaf_spot_google_0007.jpg,4063,5161,416,55896,0.5930088301831715
eggplant_cercospora_leaf_spot_google_0018.jpg,2933,15426,21,47156,0.27523107962276544
eggplant_cercospora_leaf_spot_google_0030.jpg,7778,1404,1634,54720,0.8366139614929547
eggplant_cercospora_leaf_spot_google_0031.jpg,20657,8483,231,36165,0.8258175421763813
eggplant_cercospora_leaf_spot_google_0038.jpg,14256,7432,811,43037,0.7757311930349612
eggplant_cercospora_leaf_spot_google_0042.jpg,11918,1252,227,52139,0.9415761406280861
eggplant_cercospora_leaf_spot_google_0045.jpg,6193,26774,23,32546,0.3161064747467014
eggplant_cercospora_leaf_spot_google_0121.jpg,9707,3372,1377,51080,0.8034598352853536
eggplant_phomopsis_fruit_rot_Bing_0016.jpg,5128,865,1088,58455,0.8400360389876321
eggplant_phomopsis_fruit_rot_Bing_0022.jpg,8985,622,135,55794,0.9595770812196294
eggplant_phomopsis_fruit_rot_Bing_0037.jpg,3960,3393,2454,55729,0.5752887339289605
eggplant_phomopsis_fruit_rot_Bing_0038.jpg,19437,1239,1967,42893,0.9238117870722433
eggplant_phomopsis_fruit_rot_Bing_0048.jpg,12461,61,753,52261,0.9683711532483681
eggplant_phomopsis_fruit_rot_Bing_0094.jpg,19397,4368,163,41608,0.8954183496826312
eggplant_phomopsis_fruit_rot_Bing_0261.jpg,10040,4018,23,51455,0.8324696322706355
eggplant_phomopsis_fruit_rot_Bing_0266.jpg,13222,946,196,51172,0.9586021895164214
eggplant_phomopsis_fruit_rot_Google_0017.jpg,657,0,14247,50632,0.08444187391555813
eggplant_phytophthora_blight_Bing_0000.jpg,1752,1061,2202,60521,0.5178070045810551
eggplant_phytophthora_blight_Bing_0002.jpg,4063,5647,1691,54135,0.5254785307811691
eggplant_phytophthora_blight_Bing_0017.jpg,17775,1695,858,45208,0.9329974017793875
eggplant_phytophthora_blight_Bing_0022.jpg,10580,3836,2821,48299,0.7606859114929719
eggplant_phytophthora_blight_Bing_0043.jpg,41437,1048,2942,20109,0.9540661263584453
eggplant_phytophthora_blight_Bing_0110.jpg,11399,238,1180,52719,0.9414436736042286
eggplant_phytophthora_blight_Google_0028.jpg,11264,4229,718,49325,0.8199454049135578
garlic_leaf_blight_140.jpg,10311,2057,672,52496,0.8831313434114171
garlic_leaf_blight_163.jpg,643,69,3444,61380,0.2679724942696395
garlic_leaf_blight_19.jpg,2,63,794,64677,0.004645760743321719
garlic_leaf_blight_3.jpg,261,749,947,63579,0.23534715960324618
garlic_leaf_blight_35.jpg,12220,603,10800,41913,0.681862567307424
garlic_leaf_blight_38.jpg,10408,163,1774,53191,0.9148683690062849
garlic_leaf_blight_46.jpg,326,24,2164,63022,0.2295774647887324
garlic_leaf_blight_55.jpg,1411,339,1770,62016,0.572297708375583
garlic_leaf_blight_58.jpg,1580,433,3376,60147,0.45343664801262734
garlic_leaf_blight_google_0004.jpg,1452,1055,1719,61310,0.5114476928495949
garlic_leaf_blight_google_0005.jpg,4317,3058,2001,56160,0.6305411524136421
garlic_leaf_blight_google_0081.jpg,2566,347,299,62324,0.8881966078227761
garlic_leaf_blight_google_0103.jpg,2640,1038,1446,60412,0.6800618238021638
garlic_leaf_blight_google_0159.jpg,4016,950,1328,59242,0.7790494665373424
garlic_leaf_blight_google_0210.jpg,4005,1410,550,59571,0.8034102306920762
garlic_leaf_blight_google_0226.jpg,245,1136,812,63343,0.20098441345365053
garlic_leaf_blight_google_0295.jpg,473,24,3852,61187,0.19618415595188718
garlic_leaf_blight_google_0302.jpg,11323,3725,194,50294,0.8524750611707134
garlic_rust_159.jpg,15141,14053,190,36152,0.6801122964626615
garlic_rust_18.jpg,9769,21656,16,34095,0.47410822615869935
garlic_rust_184.jpg,7299,4815,632,52790,0.7282614118233973
garlic_rust_185.jpg,9201,3751,358,52226,0.8174670161254498
garlic_rust_194.jpg,4597,188,2613,58138,0.7664860358482701
garlic_rust_20.jpg,24057,4675,3498,33306,0.854797733046707
garlic_rust_261.jpg,3020,1861,101,60554,0.754811297175706
garlic_rust_29.jpg,7908,9552,50,48026,0.6222362105594461
garlic_rust_30.jpg,1025,1252,123,63136,0.5985401459854015
garlic_rust_310.jpg,2779,212,2167,60378,0.7002645835958171
garlic_rust_43.jpg,4850,411,2712,57563,0.7564532480698745
garlic_rust_53.jpg,1532,1604,264,62136,0.6212489862124899
garlic_rust_56.jpg,2800,502,870,61364,0.8032128514056225
garlic_rust_69.jpg,2293,1974,254,61015,0.6730261226885823
garlic_rust_80.jpg,67,36,36,65397,0.6504854368932039
garlic_rust_83.jpg,7285,775,702,56774,0.9079578737458716
garlic_rust_89.jpg,1669,600,2691,60576,0.5035450294162015
garlic_rust_98.jpg,977,500,3005,61054,0.3579410148378824
garlic_rust_google_0015.jpg,17837,755,179,46765,0.974486451048951
garlic_rust_google_0049.jpg,15937,4743,111,44745,0.8678392507079068
garlic_rust_google_0318.jpg,17680,2080,1569,44207,0.9064574841703197
ginger_leaf_spot_105.jpg,34,433,228,64841,0.09327846364883402
ginger_leaf_spot_11.jpg,0,122,1751,63663,0.0
ginger_leaf_spot_161.jpg,1074,238,571,63653,0.7264119039567128
ginger_leaf_spot_google_0000.jpg,2711,9386,1517,51922,0.33212863705972434
ginger_leaf_spot_google_0001.jpg,7677,18407,477,38975,0.4484490916525498
ginger_sheath_blight_10.jpg,75,89,1818,63554,0.07292173067574137
ginger_sheath_blight_11.jpg,410,330,441,64355,0.5153991200502829
ginger_sheath_blight_13.jpg,32,101,11842,53561,0.005330224035979012
ginger_sheath_blight_14.jpg,86,351,2604,62495,0.05500479692996482
ginger_sheath_blight_161.jpg,3280,4924,3484,53848,0.43826830571886694
ginger_sheath_blight_2.jpg,442,1311,1584,62199,0.23392431860280496
ginger_sheath_blight_21.jpg,7733,10804,166,46833,0.5850355575730065
ginger_sheath_blight_30.jpg,4,2828,5562,57142,0.0009526077637532746
ginger_sheath_blight_33.jpg,0,12,202,65322,0.0
ginger_sheath_blight_41.jpg,111,908,1687,62830,0.07880724174653887
ginger_sheath_blight_53.jpg,0,5114,157,60265,0.0
ginger_sheath_blight_64.jpg,7,2101,279,63149,0.005847953216374269
ginger_sheath_blight_89.jpg,1107,8016,3015,53398,0.16715741789354474
ginger_sheath_blight_google_0007.jpg,2021,2199,3534,57782,0.41350383631713555
grape_black_rot_12.jpg,2211,661,5724,56940,0.4091792356805774
grape_black_rot_216.jpg,0,0,603,64933,0.0
grape_black_rot_23.jpg,7502,7255,3590,47189,0.580447986382452
grape_black_rot_3.jpg,11490,6086,1254,46706,0.7579155672823219
grape_black_rot_33.jpg,5012,412,2613,57499,0.7681814698444325
grape_black_rot_google_0003.jpg,13099,1293,3758,47386,0.8383628276104835
grape_black_rot_google_0011.jpg,2927,60,13212,49337,0.306075499320297
grape_black_rot_google_0013.jpg,2693,1559,1258,60026,0.6565890527855662
grape_black_rot_google_0018.jpg,14126,5918,6754,38738,0.690352849183853
grape_black_rot_google_0036.jpg,1124,68,523,63821,0.7918281084889045
grape_black_rot_google_0040.jpg,9224,6732,1057,48523,0.7031291687311811
grape_black_rot_google_0050.jpg,32136,707,1783,30910,0.9627033342320481
grape_black_rot_google_0052.jpg,3240,3303,1248,57745,0.5874354093010606
grape_black_rot_google_0066.jpg,1590,3735,480,59731,0.4300202839756592
grape_black_rot_google_0081.jpg,5239,3614,1419,55264,0.675520598285088
grape_black_rot_google_0088.jpg,17747,2761,6590,38438,0.7914817705429814
grape_black_rot_google_0096.jpg,1204,75,541,63716,0.7962962962962963
grape_black_rot_google_0097.jpg,4920,1438,684,58494,0.8226049155659588
grape_black_rot_google_0108.jpg,2936,1273,524,60803,0.7656800104316078
grape_black_rot_google_0166.jpg,1501,1358,2403,60274,0.443885849475085
grape_black_rot_google_0188.jpg,2210,255,1836,61235,0.6788511749347258
grape_black_rot_google_0233.jpg,1331,411,346,63448,0.778590231061714
grape_black_rot_google_0239.jpg,17107,1376,5050,42003,0.8418799212598426
grape_black_rot_google_0320.jpg,8637,524,9491,46884,0.6330023086225219
grape_downy_mildew_115.jpg,3806,1014,2156,58560,0.7059914672602485
grape_downy_mildew_131.jpg,1126,482,7389,56539,0.22246369653264841
grape_downy_mildew_144.jpg,21083,270,5789,38394,0.8743597719025402
grape_downy_mildew_146.jpg,1444,650,4741,58701,0.3488344002898901
grape_downy_mildew_152.jpg,8702,144,14012,42678,0.5514575411913815
grape_downy_mildew_164.jpg,14810,305,299,50122,0.9800158814187401
grape_downy_mildew_190.jpg,3143,45,2141,60207,0.7419735599622285
grape_downy_mildew_202.jpg,14790,302,1232,49212,0.9506974352381564
grape_downy_mildew_203.jpg,6583,21616,1182,36155,0.366088310532755
grape_downy_mildew_223.jpg,22104,5985,1036,36411,0.8629487204513069
grape_downy_mildew_238.jpg,30737,1278,961,32560,0.9648580352518324
grape_downy_mildew_241.jpg,5388,1216,675,58257,0.8507144548827662
grape_downy_mildew_251.jpg,16643,4417,1653,42823,0.8457668462242097
grape_downy_mildew_255.jpg,4160,3111,2071,56194,0.6162050066656791
grape_downy_mildew_272.jpg,21395,7031,1842,35268,0.8282523275845383
grape_downy_mildew_275.jpg,8128,512,2169,54727,0.8584253049585467
grape_downy_mildew_29.jpg,934,448,18344,45810,0.0904162633107454
grape_downy_mildew_42.jpg,27524,1844,5091,31077,0.8881144830034041
grape_downy_mildew_49.jpg,1440,23826,2740,37530,0.09780615363716634
grape_downy_mildew_64.jpg,8754,283,1205,55294,0.9216677195198989
grape_downy_mildew_71.jpg,1023,14,26982,37517,0.07044969354727636
grape_downy_mildew_82.jpg,3326,4040,161,58009,0.6129180871648392
grape_downy_mildew_90.jpg,715,5856,4630,54335,0.12000671366230278
grape_downy_mildew_google_0001.jpg,4747,225,1320,59244,0.8600416704411632
grape_downy_mildew_google_0006.jpg,2756,24,16065,46691,0.2551733716031665
grape_downy_mildew_google_0013.jpg,9681,1164,1915,52776,0.8627957755893231
grape_downy_mildew_google_0026.jpg,2229,5755,1977,55575,0.3657095980311731
grape_downy_mildew_google_0032.jpg,12016,839,984,51697,0.9294913943144459
grape_downy_mildew_google_0033.jpg,824,579,97,64036,0.7091222030981067
grape_downy_mildew_google_0052.jpg,17468,448,4323,43297,0.8798448636260608
grape_downy_mildew_google_0067.jpg,9584,1053,3814,51085,0.7975036405242355
grape_downy_mildew_google_0080.jpg,0,2168,3155,60213,0.0
grape_downy_mildew_google_0081.jpg,2156,119,103,63158,0.9510366122629025
grape_downy_mildew_google_0090.jpg,3791,1525,2034,58186,0.6805493223229513
grape_downy_mildew_google_0094.jpg,606,1,313,64616,0.7942332896461337
grape_downy_mildew_google_0095.jpg,2014,514,615,62393,0.7810742679852628
grape_downy_mildew_google_0096.jpg,8059,115,3110,54252,0.8332730186630822
grape_downy_mildew_google_0097.jpg,6512,3286,2837,52901,0.6802109991121325
grape_downy_mildew_google_0110.jpg,2842,5620,15,57059,0.5021645021645021
grape_downy_mildew_google_0130.jpg,749,456,4574,59757,0.22947303921568626
grape_downy_mildew_google_0133.jpg,7710,187,14096,43543,0.5191394808605191
grape_downy_mildew_google_0135.jpg,3605,244,6344,55343,0.5225394984780403
grape_downy_mildew_google_0143.jpg,4362,333,1044,59797,0.8636768636768637
grape_downy_mildew_google_0173.jpg,3191,714,7160,54471,0.4476711560044893
grape_downy_mildew_google_0193.jpg,3280,1118,1241,59897,0.7355084650745599
grape_downy_mildew_google_0194.jpg,8631,2080,1815,53010,0.8159001748830175
grape_downy_mildew_google_0203.jpg,1253,296,3344,60643,0.40774487471526194
grape_downy_mildew_google_0206.jpg,11799,18321,218,35198,0.5600303771032584
grape_downy_mildew_google_0256.jpg,17977,428,930,46201,0.9636042024013722
grape_downy_mildew_google_0274.jpg,7897,957,1207,55475,0.87949660318521
grape_downy_mildew_google_0280.jpg,21267,2686,2063,39520,0.899562210519637
grape_downy_mildew_google_0290.jpg,17768,1523,12300,33945,0.7199497558702567
grape_downy_mildew_google_0294.jpg,9032,186,5163,51155,0.7715371801990347
grape_downy_mildew_google_0415.jpg,18257,528,1056,45695,0.9584230143314609
grape_downy_mildew_google_0426.jpg,11150,621,1053,52712,0.9301743555518478
grape_downy_mildew_google_0457.jpg,21870,4738,10530,28398,0.7412554229934925
grape_leaf_spot_101.jpg,18300,355,7436,39445,0.8244914509697912
grape_leaf_spot_11.jpg,22545,737,7341,34913,0.8480665061691243
grape_leaf_spot_140.jpg,28130,424,9880,27102,0.8452016104801394
grape_leaf_spot_142.jpg,25890,4520,968,34158,0.9041698679891038
grape_leaf_spot_145.jpg,7423,2486,6895,48732,0.6127873859743261
grape_leaf_spot_157.jpg,7580,27721,85,30150,0.35283712703067543
grape_leaf_spot_168.jpg,40717,5110,136,19573,0.9394785417628058
grape_leaf_spot_170.jpg,2456,881,2166,60033,0.6171629601708757
grape_leaf_spot_22.jpg,208,315,5405,59608,0.06779661016949153
grape_leaf_spot_47.jpg,20094,1022,5079,39341,0.8681976279461643
grape_leaf_spot_53.jpg,13318,2299,9568,40351,0.691790250110381
grape_leaf_spot_9.jpg,33314,6159,12,26051,0.9152323520927486
grape_leaf_spot_google_0004.jpg,2300,141,1255,61840,0.7671781187458305
grape_leaf_spot_google_0028.jpg,5095,15902,884,43655,0.3777431791221827
grape_leaf_spot_google_0046.jpg,1578,4632,340,58986,0.3882874015748031
grape_leaf_spot_google_0098.jpg,9426,633,3520,51957,0.819474027385351
grape_leaf_spot_google_0124.jpg,151,0,1313,64072,0.1869969040247678
grape_leaf_spot_google_0173.jpg,28557,22340,1578,13061,0.7048326587027347
grapevine_leafroll_disease_20.jpg,28133,3381,14347,19675,0.7604130064599832
grapevine_leafroll_disease_google_0001.jpg,13277,10,51113,1136,0.3418515133179706
grapevine_leafroll_disease_google_0015.jpg,12884,4018,7548,41086,0.6902019606792735
grapevine_leafroll_disease_google_0018.jpg,37860,262,490,26924,0.9901663353907313
grapevine_leafroll_disease_google_0023.jpg,38691,4010,19561,3274,0.7665151109922439
grapevine_leafroll_disease_google_0030.jpg,7298,578,11638,46022,0.5443831120393854
grapevine_leafroll_disease_google_0036.jpg,19748,143,4058,41587,0.9038606769343434
grapevine_leafroll_disease_google_0045.jpg,39189,768,5219,20360,0.9290345522432288
grapevine_leafroll_disease_google_0050.jpg,22129,6788,21780,14839,0.607722516683602
grapevine_leafroll_disease_google_0057.jpg,6255,195,17192,41894,0.41843663243803725
grapevine_leafroll_disease_google_0093.jpg,43156,2647,8040,11693,0.8898236064289322
grapevine_leafroll_disease_google_0116.jpg,29013,101,23179,13243,0.7136742675817282
grapevine_leafroll_disease_google_0154.jpg,29961,9170,1183,25222,0.8526787620064035
grapevine_leafroll_disease_google_0181.jpg,2136,46,31683,31671,0.11866337046193161
lettuce_downy_mildew_13.jpg,1926,333,4148,59129,0.4622584903396136
lettuce_downy_mildew_18.jpg,14435,1156,1830,48115,0.9062656956303365
lettuce_downy_mildew_23.jpg,4217,15526,2240,43553,0.32190839694656487
lettuce_downy_mildew_40.jpg,22044,8885,3738,30869,0.7774153162525789
lettuce_downy_mildew_47.jpg,20439,13541,2464,29092,0.7186329834924319
lettuce_downy_mildew_5.jpg,12365,1500,2863,48808,0.8500326539030008
lettuce_downy_mildew_52.jpg,10638,11119,702,43077,0.6428377194307641
lettuce_downy_mildew_53.jpg,10797,7402,1987,45350,0.6969628505954878
lettuce_downy_mildew_63.jpg,18910,20,21354,25252,0.6389161063621313
lettuce_downy_mildew_64.jpg,39843,3133,2062,20498,0.9387966682767639
lettuce_downy_mildew_76.jpg,21365,37,10516,33618,0.8019443349661243
lettuce_downy_mildew_google_0015.jpg,52675,21,8412,4428,0.9258852376892858
lettuce_downy_mildew_google_0018.jpg,3181,62,1169,61124,0.8378769919662847
lettuce_downy_mildew_google_0022.jpg,5198,316,1402,58620,0.858180617467393
lettuce_downy_mildew_google_0027.jpg,13136,44,2539,49817,0.9104834517414659
lettuce_downy_mildew_google_0057.jpg,18736,9888,798,36114,0.7781054030482993
lettuce_downy_mildew_google_0147.jpg,10304,408,26558,28266,0.4331777861857317
lettuce_mosaic_virus_16.jpg,2032,17417,536,45551,0.1845846391424808
lettuce_mosaic_virus_24.jpg,171,5368,274,59723,0.0571524064171123
lettuce_mosaic_virus_31.jpg,5660,1122,3635,55119,0.704111463581514
lettuce_mosaic_virus_8.jpg,20845,6078,372,38241,0.8660157872870794
lettuce_mosaic_virus_google_0049.jpg,3876,30,17491,44139,0.306730502908242
lettuce_mosaic_virus_google_0050.jpg,4890,32141,153,28352,0.23244759233731047
lettuce_mosaic_virus_google_0070.jpg,974,23401,109,41052,0.07651818681750334
lettuce_mosaic_virus_google_0076.jpg,3483,28488,656,32909,0.1929105510938798
maple_tar_spot_google_0005.jpg,7492,1324,7864,48856,0.6198907827238127
maple_tar_spot_google_0015.jpg,6822,1061,5765,51888,0.6665363947239863
maple_tar_spot_google_0020.jpg,210,71,5855,59400,0.06618342262842736
maple_tar_spot_google_0022.jpg,6215,382,1040,57899,0.8973433439214554
maple_tar_spot_google_0033.jpg,2434,316,864,61922,0.8048941798941799
maple_tar_spot_google_0040.jpg,1155,27,449,63905,0.8291457286432161
maple_tar_spot_google_0041.jpg,992,10,274,64260,0.8747795414462081
maple_tar_spot_google_0042.jpg,800,1969,773,61994,0.36849378166743435
maple_tar_spot_google_0043.jpg,13851,470,5998,45217,0.8107111501316945
maple_tar_spot_google_0045.jpg,4065,3399,786,57286,0.6601705237515225
maple_tar_spot_google_0057.jpg,2773,3515,758,58490,0.5648233017618902
maple_tar_spot_google_0066.jpg,1595,398,5124,58419,0.3661616161616162
maple_tar_spot_google_0074.jpg,2280,6710,84,56462,0.4016205742469614
maple_tar_spot_google_0085.jpg,2685,20032,233,42586,0.20947922761849033
maple_tar_spot_google_0088.jpg,1383,17,1452,62684,0.6531286894923258
maple_tar_spot_google_0089.jpg,4285,11839,871,48541,0.40272556390977443
maple_tar_spot_google_0101.jpg,949,382,513,63692,0.6795560329394916
maple_tar_spot_google_0110.jpg,2632,155,6777,55972,0.4316169235815021
maple_tar_spot_google_0181.jpg,19878,279,1499,43880,0.9571916983676024
maple_tar_spot_google_0190.jpg,8026,428,5482,51600,0.7308988252436026
maple_tar_spot_google_0191.jpg,1489,16,6860,57171,0.30221229957377715
maple_tar_spot_google_0200.jpg,12468,49,7544,45475,0.7665775154477543
maple_tar_spot_google_0205.jpg,6987,194,4240,54115,0.7591264667535854
peach_anthracnose_Bing_0002.jpg,6353,2197,565,56421,0.8214378070855961
peach_anthracnose_Bing_0013.jpg,10951,39,1436,53110,0.936903794327758
peach_anthracnose_Google_0197.jpg,11745,1146,7791,44854,0.7243963363863447
peach_brown_rot_Bing_0000.jpg,20220,347,257,44712,0.9852840853717961
peach_brown_rot_Bing_0009.jpg,5541,250,446,59299,0.9409067753438615
peach_brown_rot_Bing_0011.jpg,15746,143,868,48779,0.9688951789065625
peach_brown_rot_Bing_0021.jpg,13864,216,3019,48437,0.8955204599037561
peach_brown_rot_Bing_0040.jpg,24191,816,307,40222,0.9773154226845773
peach_brown_rot_Bing_0047.jpg,21897,2826,900,39913,0.9215909090909091
peach_brown_rot_Bing_0067.jpg,44358,0,8329,12849,0.914173836879798
peach_brown_rot_Bing_0085.jpg,10933,973,342,53288,0.943272507657133
peach_brown_rot_Bing_0092.jpg,10418,1410,285,53423,0.9247703164528871
peach_brown_rot_Bing_0098.jpg,18141,835,1092,45468,0.9495668559763406
peach_brown_rot_Bing_0111.jpg,33342,521,2279,29394,0.9597029531978585
peach_brown_rot_Bing_0114.jpg,15014,85,421,50016,0.9834283094255584
peach_brown_rot_Bing_0120.jpg,12093,405,402,52636,0.9677109590685392
peach_brown_rot_Bing_0124.jpg,4706,1286,284,59260,0.8570387907484975
peach_brown_rot_Bing_0141.jpg,19007,1127,201,45201,0.9662447257383966
peach_brown_rot_Bing_0148.jpg,17416,406,238,47476,0.9818468823993686
peach_brown_rot_Bing_0155.jpg,10665,1224,655,52992,0.9190400275755095
peach_brown_rot_Bing_0164.jpg,16296,1027,637,47576,0.9514245679588977
peach_brown_rot_Bing_0185.jpg,21198,978,700,42660,0.9619276671053228
peach_brown_rot_Bing_0191.jpg,9940,506,360,54730,0.9582570134001736
peach_brown_rot_Bing_0199.jpg,13196,53,5686,46601,0.8213874451464318
peach_brown_rot_Bing_0201.jpg,10874,305,7792,46565,0.7286982744178254
peach_brown_rot_Bing_0206.jpg,8986,241,1720,54589,0.9016204284352581
peach_brown_rot_Bing_0216.jpg,1435,4067,516,59518,0.385079833624044
peach_brown_rot_Bing_0221.jpg,6548,135,1060,57793,0.9163809390525506
peach_brown_rot_Bing_0235.jpg,1534,1569,65,62368,0.6524883028498512
peach_brown_rot_Bing_0262.jpg,6072,0,1636,57828,0.881277213352685
peach_brown_rot_Bing_0269.jpg,7508,1255,286,56487,0.9069275834994263
peach_brown_rot_Bing_0284.jpg,3866,25,316,61329,0.9577604360213056
peach_brown_rot_Bing_0293.jpg,2842,6253,1940,54501,0.4095986164156518
peach_brown_rot_Bing_0298.jpg,1775,1560,290,61911,0.6574074074074074
peach_brown_rot_Bing_0306.jpg,19606,154,1534,44242,0.9587286063569682
peach_brown_rot_Bing_0317.jpg,42150,1239,1151,20996,0.972430499480909
peach_brown_rot_Google_0249.jpg,8215,57,516,56748,0.9663000646944657
peach_brown_rot_Google_0268.jpg,2019,2888,1797,58832,0.46291413504528256
peach_leaf_curl_2.jpg,2133,4255,2388,56760,0.39105325877715646
peach_leaf_curl_34.jpg,0,1614,2664,61258,0.0
peach_leaf_curl_35.jpg,12096,151,3154,50135,0.8798050696439612
peach_leaf_curl_48.jpg,3310,905,1119,60202,0.7658491439148543
peach_leaf_curl_49.jpg,4230,1416,2754,57136,0.669833729216152
peach_leaf_curl_6.jpg,747,726,3559,60504,0.25852223568091365
peach_leaf_curl_google_0004.jpg,7226,2682,2430,53198,0.7387037415661419
peach_leaf_curl_google_0011.jpg,2724,598,931,61283,0.7808513687831447
peach_leaf_curl_google_0017.jpg,7374,695,1856,55611,0.8525348286028094
peach_leaf_curl_google_0020.jpg,5505,1915,1090,57026,0.7855868712094185
peach_leaf_curl_google_0035.jpg,5804,1751,5301,52680,0.6220793140407288
peach_leaf_curl_google_0057.jpg,5052,5099,7758,47627,0.4400505204477157
peach_leaf_curl_google_0063.jpg,12103,101,3826,49506,0.8604130380691715
peach_leaf_curl_google_0064.jpg,11873,8309,278,45076,0.7344199424736337
peach_leaf_curl_google_0069.jpg,1886,102,1038,62510,0.7679153094462541
peach_leaf_curl_google_0071.jpg,4209,7143,1189,52995,0.5025671641791045
peach_leaf_curl_google_0074.jpg,1978,379,2662,60517,0.5653851650707447
peach_leaf_curl_google_0085.jpg,2087,68,1844,61537,0.6858363457114689
peach_leaf_curl_google_0093.jpg,1697,10,6154,57675,0.35509520820255286
peach_leaf_curl_google_0099.jpg,7028,557,158,57793,0.9515943402613228
peach_leaf_curl_google_0112.jpg,6676,1496,245,57119,0.8846485125554893
peach_leaf_curl_google_0128.jpg,1482,1156,3002,59896,0.4161752316764954
peach_leaf_curl_google_0149.jpg,12972,126,903,51535,0.9618507396285174
peach_leaf_curl_google_0164.jpg,546,1100,2108,61782,0.25395348837209303
peach_leaf_curl_google_0173.jpg,11032,232,6547,47725,0.7649689699407135
peach_leaf_curl_google_0181.jpg,2888,2570,2115,57963,0.55214606634165
peach_leaf_curl_google_0183.jpg,4249,160,1220,59907,0.8602956063980562
peach_leaf_curl_google_0198.jpg,10291,320,742,54183,0.9509332840510072
peach_leaf_curl_google_0199.jpg,759,1461,75,63241,0.49705304518664045
peach_leaf_curl_google_0200.jpg,7471,115,776,57174,0.9437251310553907
peach_leaf_curl_google_0207.jpg,8636,2322,20177,34401,0.4342862890045511
peach_leaf_curl_google_0224.jpg,7699,169,144,57524,0.980077652600089
peach_leaf_curl_google_0233.jpg,679,322,2484,62051,0.3261287223823247
peach_leaf_curl_google_0252.jpg,17290,2711,801,44734,0.9078021631838706
peach_leaf_curl_google_0269.jpg,5288,265,923,59060,0.8990139408364501
peach_leaf_curl_google_0305.jpg,660,353,2554,61969,0.31227821149751595
peach_rust_Bing_0001.jpg,28208,1096,1215,35017,0.9606484240638888
peach_rust_Bing_0021.jpg,16404,169,3631,45332,0.8961975524475524
peach_scab_Bing_0007.jpg,4936,15163,1664,43773,0.36975167609273757
peach_scab_Bing_0038.jpg,3274,544,77,61641,0.9133770400334775
peach_scab_Bing_0046.jpg,25001,5376,386,34773,0.896671687827272
peach_scab_Bing_0054.jpg,6920,64,1816,56736,0.8804071246819338
peach_scab_Bing_0070.jpg,7630,79,8102,49725,0.6509961179130583
peach_scab_Bing_0083.jpg,14750,628,1495,48663,0.9328653195459001
peach_scab_Bing_0086.jpg,2169,506,383,62478,0.8299215611249282
peach_scab_Bing_0110.jpg,16741,2043,509,46243,0.9291779985569185
peach_scab_Bing_0130.jpg,759,1360,87,63330,0.5119730185497471
peach_scab_Bing_0136.jpg,1696,337,171,63332,0.8697435897435898
peach_scab_Bing_0176.jpg,3156,233,431,61716,0.9048165137614679
peach_scab_Bing_0181.jpg,8493,1691,1192,54160,0.8548995923297599
peach_scab_Bing_0192.jpg,4950,3861,419,56306,0.6981664315937941
peach_scab_Bing_0223.jpg,5446,904,154,59032,0.9114644351464435
peach_scab_Bing_0234.jpg,3745,979,1032,59780,0.7883380696768761
peach_scab_Google_0131.jpg,1511,209,1715,62101,0.6109987868985038
plum_bacterial_spot_Bing_0013.jpg,3752,703,4779,56302,0.5778530725396581
plum_bacterial_spot_Bing_0082.jpg,2902,86,4492,58056,0.5590445000963206
plum_bacterial_spot_Google_0057.jpg,9046,172,5017,51301,0.777114385120914
plum_brown_rot_Bing_0000.jpg,4363,4713,106,56354,0.6442229605020303
plum_brown_rot_Bing_0001.jpg,12759,809,413,51555,0.9543006731488407
plum_brown_rot_Bing_0005.jpg,10783,654,408,53691,0.9530669966413293
plum_brown_rot_Bing_0018.jpg,9865,785,548,54338,0.9367136685182548
plum_brown_rot_Bing_0025.jpg,8868,1214,9313,46141,0.6275342320348158
plum_brown_rot_Bing_0046.jpg,4436,2434,402,58264,0.7577724632729758
plum_brown_rot_Bing_0050.jpg,16578,36,1748,47174,0.9489410417859188
plum_brown_rot_Bing_0062.jpg,6300,274,624,58338,0.933471625425989
plum_brown_rot_Bing_0075.jpg,39785,7714,572,17465,0.9056865780367874
plum_brown_rot_Bing_0077.jpg,16821,5692,869,42154,0.8368032236400269
plum_brown_rot_Bing_0079.jpg,5779,2235,542,56980,0.8062783397279386
plum_brown_rot_Bing_0084.jpg,12027,761,441,52307,0.9524073487488122
plum_brown_rot_Bing_0097.jpg,6137,195,1774,57430,0.861756652390648
plum_brown_rot_Bing_0154.jpg,2317,1457,7,61755,0.7599212856674319
plum_brown_rot_Bing_0170.jpg,2303,183,322,62728,0.9011935042066131
plum_brown_rot_Google_0177.jpg,9531,864,1573,53568,0.8866458905065352
plum_pocket_disease_23.jpg,0,368,187,64981,0.0
plum_pocket_disease_google_0007.jpg,4212,1846,120,59358,0.8107795957651588
plum_pocket_disease_google_0020.jpg,7179,334,309,57714,0.9571361909206053
plum_pocket_disease_google_0028.jpg,0,598,1236,63702,0.0
plum_pocket_disease_google_0029.jpg,0,2429,2730,60377,0.0
plum_pocket_disease_google_0032.jpg,11869,158,701,52808,0.9650770419156808
plum_pocket_disease_google_0038.jpg,7789,2177,1313,54257,0.8169708411999161
plum_pocket_disease_google_0047.jpg,2679,177,175,62505,0.938353765323993
plum_pocket_disease_google_0062.jpg,9638,619,206,55073,0.9589572658076713
plum_pocket_disease_google_0074.jpg,3393,66,4478,57599,0.5989408649602824
plum_pocket_disease_google_0117.jpg,0,2573,7215,55748,0.0
plum_pox_virus_Bing_0011.jpg,17438,4474,218,43406,0.8814193287505054
plum_pox_virus_Bing_0052.jpg,12281,3253,1263,48739,0.8446935827773574
plum_pox_virus_Bing_0054.jpg,9386,2679,6129,47342,0.680638143582306
plum_pox_virus_Bing_0064.jpg,889,4711,2282,57654,0.20271348762968874
plum_pox_virus_Bing_0076.jpg,21563,89,2489,41395,0.943593558550674
plum_pox_virus_Bing_0152.jpg,14480,10022,233,40801,0.7384929236261635
plum_pox_virus_Google_0040.jpg,447,147,6486,58456,0.118772419290554
plum_rust_Bing_0007.jpg,22531,775,7076,35154,0.851624364522896
plum_rust_Bing_0017.jpg,53617,240,2638,9041,0.9738629758791049
plum_rust_Bing_0022.jpg,4284,0,49203,12049,0.14830970556161396
plum_rust_Bing_0024.jpg,64046,640,38,812,0.9947347984779064
plum_rust_Bing_0036.jpg,37826,97,5070,22543,0.9360670139447407
plum_rust_Bing_0048.jpg,2261,3484,2895,56896,0.4148243280432988
plum_rust_Google_0036.jpg,4516,7,25243,35770,0.2634618750364623
potato_early_blight_33.jpg,0,726,371,64439,0.0
potato_early_blight_59.jpg,1720,325,2249,61242,0.5719986697705354
potato_early_blight_6.jpg,16453,4416,851,43816,0.8620228957640217
potato_early_blight_google_0004.jpg,2283,932,223,62098,0.7981122181436812
potato_early_blight_google_0014.jpg,989,496,332,63719,0.7049180327868853
potato_early_blight_google_0018.jpg,21103,1465,529,42439,0.9548868778280543
potato_early_blight_google_0021.jpg,1218,1175,1018,62125,0.5262475696694751
potato_early_blight_google_0024.jpg,1350,1738,1972,60476,0.42121684867394693
potato_early_blight_google_0063.jpg,7505,3563,1173,53295,0.7601539552314392
potato_early_blight_google_0076.jpg,4826,5700,6813,48197,0.4354613128806677
potato_early_blight_google_0077.jpg,287,2515,1546,61188,0.1238403451995685
potato_early_blight_google_0095.jpg,4107,2869,2213,56347,0.6177797833935018
potato_early_blight_google_0097.jpg,392,4222,812,60110,0.1347542110690959
potato_early_blight_google_0105.jpg,7844,1811,425,55456,0.875251060031243
potato_early_blight_google_0118.jpg,4154,151,58,61173,0.9754608430198427
potato_early_blight_google_0147.jpg,2372,170,187,62807,0.930013722799451
potato_early_blight_google_0153.jpg,4088,14300,111,47037,0.36197812901226367
potato_early_blight_google_0182.jpg,957,285,507,63787,0.7073170731707317
potato_early_blight_google_0192.jpg,15063,229,4569,45675,0.8626159660978124
potato_early_blight_google_0194.jpg,30978,2090,4748,27720,0.9006017966683141
potato_early_blight_google_0198.jpg,533,51,122,64830,0.8603712671509282
potato_early_blight_google_0224.jpg,1101,401,54,63980,0.8287542340986075
potato_early_blight_google_0252.jpg,2084,324,1405,61723,0.7068000678311006
potato_early_blight_google_0265.jpg,10439,23,25839,29235,0.44668378262729996
potato_early_blight_google_0277.jpg,11426,424,6092,47594,0.7781258512666849
potato_late_blight_11.jpg,3249,175,1103,61009,0.8356481481481481
potato_late_blight_36.jpg,32857,1807,1205,29667,0.956173791578151
potato_late_blight_43.jpg,5801,725,208,58802,0.9255684084563223
potato_late_blight_6.jpg,2342,399,50,62745,0.9125267874537307
potato_late_blight_86.jpg,8242,130,722,56442,0.9508537148131057
potato_late_blight_95.jpg,3662,175,162,61537,0.956010964626028
potato_late_blight_96.jpg,866,1175,863,62632,0.45941644562334216
potato_late_blight_google_0032.jpg,782,56,52,64646,0.9354066985645934
potato_late_blight_google_0048.jpg,6025,1579,4731,53201,0.656318082788671
potato_late_blight_google_0053.jpg,4056,770,369,60341,0.8768781753323965
potato_late_blight_google_0082.jpg,1338,564,114,63520,0.7978533094812165
potato_late_blight_google_0084.jpg,5805,1625,34,58072,0.8749717386389328
potato_late_blight_google_0100.jpg,1994,676,922,61944,0.7139276763336914
potato_late_blight_google_0102.jpg,2019,113,70,63334,0.9566453447050463
potato_late_blight_google_0107.jpg,4822,386,114,60214,0.9507097791798107
potato_late_blight_google_0135.jpg,3317,588,3988,57643,0.591793041926851
potato_late_blight_google_0169.jpg,11011,1760,667,52098,0.9007321362836925
potato_late_blight_google_0179.jpg,11451,2495,2732,48858,0.8141775391944257
potato_late_blight_google_0183.jpg,4763,125,84,60564,0.9785310734463277
potato_late_blight_google_0205.jpg,2750,752,955,61079,0.7631469404745387
potato_late_blight_google_0219.jpg,3762,411,62,61301,0.9408528198074277
potato_late_blight_google_0225.jpg,1576,5993,278,57689,0.3345006898015494
potato_late_blight_google_0234.jpg,2015,964,429,62128,0.7431311082426701
raspberry_fire_blight_Bing_0005.jpg,3058,252,2290,59936,0.7063987063987064
raspberry_fire_blight_Bing_0013.jpg,4053,178,1271,60034,0.8483516483516483
raspberry_fire_blight_Bing_0018.jpg,918,3853,560,60205,0.2938070091214594
raspberry_fire_blight_Bing_0041.jpg,1229,92,1448,62767,0.6148074037018509
raspberry_fire_blight_Bing_0190.jpg,1622,13618,3049,47247,0.16292501632263573
raspberry_fire_blight_Google_0005.jpg,27459,3407,680,33990,0.9307346835013982
raspberry_fire_blight_Google_0221.jpg,566,2112,4233,58625,0.1513976193660559
raspberry_gray_mold_Bing_0000.jpg,4703,5321,51,55461,0.6364866693733929
raspberry_gray_mold_Bing_0001.jpg,4975,1679,3162,55720,0.672706375498614
raspberry_gray_mold_Bing_0020.jpg,1010,20,356,64150,0.8430717863105175
raspberry_gray_mold_Bing_0039.jpg,348,730,1644,62814,0.22671009771986972
raspberry_gray_mold_Bing_0075.jpg,9028,4767,6843,44898,0.6086428908514798
raspberry_gray_mold_Bing_0089.jpg,22609,1229,11971,29727,0.7740422472525591
raspberry_gray_mold_Google_0005.jpg,363,15047,0,50126,0.046028022570214926
raspberry_gray_mold_Google_0078.jpg,6071,2517,1000,55948,0.7754007280158376
raspberry_leaf_spot_Bing_0073.jpg,31186,1032,5242,28076,0.908603560294846
raspberry_leaf_spot_Bing_0112.jpg,706,102,3636,61092,0.2741747572815534
raspberry_leaf_spot_Google_0115.jpg,4117,11999,1933,47487,0.37146981864116213
raspberry_yellow_rust_Bing_0006.jpg,48713,3730,83,13010,0.9623366489198827
raspberry_yellow_rust_Bing_0007.jpg,287,1045,2121,62083,0.153475935828877
raspberry_yellow_rust_Bing_0010.jpg,31671,239,490,33136,0.988621997471555
raspberry_yellow_rust_Bing_0018.jpg,16873,5651,1056,41956,0.834202654932885
raspberry_yellow_rust_Bing_0101.jpg,12439,332,137,52628,0.9814968240817453
raspberry_yellow_rust_Bing_0175.jpg,22809,380,802,41545,0.9747435897435898
raspberry_yellow_rust_Bing_0183.jpg,10700,2130,534,52172,0.8892952127659575
rice_blast_151.jpg,939,336,109,64152,0.808437365475678
rice_blast_23.jpg,1636,121,487,63292,0.843298969072165
rice_blast_38.jpg,499,283,790,63964,0.48189280540801543
rice_blast_42.jpg,844,219,745,63728,0.6365007541478129
rice_blast_62.jpg,433,2160,1101,61842,0.20983765447055974
rice_blast_87.jpg,14981,4857,2149,43549,0.8104847435619996
rice_blast_google_0004.jpg,640,94,734,64068,0.6072106261859582
rice_blast_google_0007.jpg,2490,324,841,61881,0.8104149715215623
rice_blast_google_0008.jpg,15815,1969,1924,45828,0.8904090307687976
rice_blast_google_0009.jpg,938,4934,461,59203,0.2580112776784486
rice_blast_google_0018.jpg,479,694,118,64245,0.5412429378531074
rice_blast_google_0027.jpg,3418,1308,19,60791,0.8374372167095431
rice_blast_google_0050.jpg,357,560,1082,63537,0.3030560271646859
rice_blast_google_0052.jpg,2604,650,423,61859,0.8291673300429868
rice_blast_google_0062.jpg,5432,1692,252,58160,0.8482198625858838
rice_blast_google_0111.jpg,9442,4641,879,50574,0.7738075725290936
rice_blast_google_0152.jpg,3167,399,173,61797,0.9171734723428903
rice_sheath_blight_133.jpg,1622,1863,2130,59921,0.4482520381373497
rice_sheath_blight_148.jpg,3269,2322,6603,53342,0.4228157537347216
rice_sheath_blight_198.jpg,0,348,5396,59792,0.0
rice_sheath_blight_21.jpg,3810,12532,1431,47763,0.353055645647037
rice_sheath_blight_41.jpg,1854,267,5189,58226,0.40462680052378874
rice_sheath_blight_43.jpg,140,258,616,64522,0.24263431542461006
rice_sheath_blight_52.jpg,9219,333,9367,46617,0.6552704527684982
rice_sheath_blight_57.jpg,944,1440,2430,60722,0.32789162903786034
rice_sheath_blight_58.jpg,10292,1659,4729,48856,0.7631617974195462
rice_sheath_blight_61.jpg,105,0,12735,52696,0.016222479721900347
rice_sheath_blight_8.jpg,496,1589,788,62663,0.2944493915108341
rice_sheath_blight_google_0000.jpg,3299,319,3900,58018,0.6099657945826015
rice_sheath_blight_google_0027.jpg,5607,89,8044,51796,0.5796247480229493
rice_sheath_blight_google_0036.jpg,2622,9,9584,53321,0.35344072251802927
rice_sheath_blight_google_0043.jpg,3260,732,1868,59676,0.7149122807017544
soybean_bacterial_blight_Baidu_0081.jpg,36220,190,16524,12602,0.8125266392982928
soybean_bacterial_blight_Bing_0009.jpg,37823,820,1732,25161,0.9673648942428195
soybean_bacterial_blight_Bing_0027.jpg,33307,422,2521,29286,0.9576893770576649
soybean_bacterial_blight_Bing_0032.jpg,33578,401,847,30710,0.9817554528974913
soybean_bacterial_blight_Bing_0044.jpg,15435,922,4966,44213,0.8398171826541161
soybean_bacterial_blight_Bing_0049.jpg,10784,1416,7607,45729,0.7050439671798895
soybean_bacterial_blight_Bing_0055.jpg,25851,313,272,39100,0.9888117505307247
soybean_bacterial_blight_Bing_0057.jpg,1861,440,722,62513,0.762080262080262
soybean_bacterial_blight_Bing_0065.jpg,13651,53,21518,30314,0.558631555255458
soybean_bacterial_blight_Bing_0066.jpg,18509,52,25315,21660,0.5933798188667148
soybean_bacterial_blight_Bing_0105.jpg,18310,1150,6180,39896,0.8332195676905575
soybean_bacterial_blight_Bing_0121.jpg,29961,117,382,35076,0.9917412820046011
soybean_bacterial_blight_Bing_0172.jpg,3666,291,254,61325,0.9308112225466548
soybean_bacterial_blight_Bing_0216.jpg,12984,377,2343,49832,0.9051868377021751
soybean_bacterial_blight_Bing_0227.jpg,10932,4788,289,49527,0.8115511673657251
soybean_bacterial_blight_Google_0025.jpg,13681,464,2138,49253,0.9131624616206114
soybean_bacterial_blight_Google_0057.jpg,2699,1511,275,61051,0.751391982182628
soybean_bacterial_blight_Google_0201.jpg,6073,6873,2961,49629,0.5525932666060055
soybean_brown_spot_Baidu_0009.jpg,19962,4706,209,40659,0.8903856018198444
soybean_brown_spot_Baidu_0010.jpg,9964,9226,95,46251,0.6813224383739614
soybean_brown_spot_Bing_0025.jpg,16469,1508,50,47509,0.9548353432282004
soybean_brown_spot_Bing_0061.jpg,6058,183,2643,56652,0.8108686922768037
soybean_brown_spot_Bing_0063.jpg,21278,325,1309,42624,0.9630233084408237
soybean_brown_spot_Bing_0069.jpg,18848,3184,1220,42284,0.8953919239904988
soybean_brown_spot_Bing_0081.jpg,2880,843,1418,60395,0.7181149482608153
soybean_brown_spot_Bing_0090.jpg,8079,493,1606,55358,0.885030399298899
soybean_brown_spot_Bing_0115.jpg,24935,1043,754,38804,0.9652195792285211
soybean_brown_spot_Bing_0186.jpg,24649,103,12923,27861,0.790995443167961
soybean_brown_spot_Bing_0223.jpg,22535,2000,24500,16501,0.6297331284057566
soybean_brown_spot_Bing_0229.jpg,20486,2071,662,42317,0.9374671090264272
soybean_brown_spot_Bing_0353.jpg,5108,3887,2258,54283,0.624411710775625
soybean_brown_spot_Google_0154.jpg,3905,1313,1790,58528,0.7156602217538716
soybean_downy_mildew_Baidu_0000.jpg,4027,525,6885,54099,0.5208225556130367
soybean_downy_mildew_Baidu_0004.jpg,15665,557,5483,43831,0.8383730264918384
soybean_downy_mildew_Baidu_0022.jpg,23665,47,10231,31593,0.8215872795445077
soybean_downy_mildew_Baidu_0031.jpg,4556,161,3983,56836,0.6873868436934218
soybean_downy_mildew_Bing_0012.jpg,17936,347,128,47125,0.9869315211709357
soybean_downy_mildew_Bing_0023.jpg,17436,1301,2382,44417,0.9044741278692776
soybean_downy_mildew_Bing_0031.jpg,15028,205,9203,41100,0.7616055138860733
soybean_downy_mildew_Bing_0038.jpg,7280,18040,1280,38936,0.4297520661157025
soybean_downy_mildew_Bing_0045.jpg,21398,1056,3912,39170,0.8959886106691232
soybean_downy_mildew_Bing_0046.jpg,57175,1990,429,5942,0.9792838852777707
soybean_downy_mildew_Bing_0047.jpg,24663,7799,662,32412,0.8535829857926523
soybean_downy_mildew_Bing_0054.jpg,18869,370,7775,38522,0.8224832726717957
soybean_downy_mildew_Bing_0072.jpg,25295,536,155,39550,0.9865252237670872
soybean_downy_mildew_Bing_0075.jpg,17724,2249,407,45156,0.9302960319126601
soybean_downy_mildew_Bing_0078.jpg,27706,3829,10425,23576,0.7953951712456578
soybean_downy_mildew_Bing_0083.jpg,1819,40,13990,49687,0.2059089880009056
soybean_downy_mildew_Bing_0087.jpg,21328,853,4523,38832,0.8880746169220519
soybean_downy_mildew_Bing_0101.jpg,38295,5599,648,20994,0.9245868392143607
soybean_downy_mildew_Bing_0107.jpg,55154,7,1092,9283,0.990135269776585
soybean_downy_mildew_Bing_0110.jpg,22697,169,327,42343,0.9891915449989105
soybean_downy_mildew_Bing_0115.jpg,459,2,1275,63800,0.4182232346241458
soybean_downy_mildew_Bing_0121.jpg,37551,865,21354,5766,0.7716936735134247
soybean_downy_mildew_Bing_0127.jpg,9149,169,8649,47569,0.6748045434429857
soybean_downy_mildew_Bing_0142.jpg,29158,992,189,35197,0.9801502596769585
soybean_downy_mildew_Bing_0143.jpg,2624,24,3948,58940,0.5691973969631237
soybean_downy_mildew_Google_0052.jpg,16553,8134,5054,35795,0.715125070203482
soybean_downy_mildew_Google_0061.jpg,25054,1294,2221,36967,0.93444976968838
soybean_downy_mildew_Google_0068.jpg,2177,8121,1188,54050,0.31867086291444047
soybean_downy_mildew_Google_0102.jpg,15006,227,8966,41337,0.7655146027292438
soybean_downy_mildew_Google_0256.jpg,99,7,297,65133,0.3944223107569721
soybean_downy_mildew_Google_0302.jpg,45359,660,113,19404,0.9915510815271448
soybean_frog_eye_leaf_spot_Baidu_0012.jpg,12029,1910,1864,49733,0.8644006898534061
soybean_frog_eye_leaf_spot_Baidu_0023.jpg,31327,3496,2965,27748,0.9065181219706286
soybean_frog_eye_leaf_spot_Bing_0003.jpg,46326,964,2194,16052,0.9670389312180357
soybean_frog_eye_leaf_spot_Bing_0004.jpg,53210,334,1771,10221,0.9806035475696844
soybean_frog_eye_leaf_spot_Bing_0006.jpg,39191,6405,812,19128,0.9156882673863013
soybean_frog_eye_leaf_spot_Bing_0007.jpg,4721,122,4626,56067,0.6653981677237492
soybean_frog_eye_leaf_spot_Bing_0012.jpg,3719,714,4029,57074,0.6106231015515967
soybean_frog_eye_leaf_spot_Bing_0016.jpg,25200,907,3931,35498,0.91241536623339
soybean_frog_eye_leaf_spot_Bing_0017.jpg,41615,816,936,22169,0.9793838695253112
soybean_frog_eye_leaf_spot_Bing_0029.jpg,12419,664,22091,30362,0.5218834702582312
soybean_frog_eye_leaf_spot_Bing_0047.jpg,13279,3045,1045,48167,0.8665492038632211
soybean_frog_eye_leaf_spot_Bing_0049.jpg,12095,4154,1958,47329,0.7982971421028315
soybean_frog_eye_leaf_spot_Bing_0053.jpg,32851,1977,3841,26867,0.918652125279642
soybean_frog_eye_leaf_spot_Bing_0056.jpg,32915,700,290,31631,0.9851840766237654
soybean_frog_eye_leaf_spot_Bing_0068.jpg,157,4,207,65168,0.5980952380952381
soybean_frog_eye_leaf_spot_Bing_0086.jpg,10919,623,7424,46570,0.7307344821816965
soybean_frog_eye_leaf_spot_Bing_0089.jpg,849,102,854,63731,0.6397889977392615
soybean_frog_eye_leaf_spot_Bing_0095.jpg,304,217,65,64950,0.6831460674157304
soybean_frog_eye_leaf_spot_Bing_0096.jpg,18807,1339,2268,43122,0.9124960578345989
soybean_frog_eye_leaf_spot_Bing_0103.jpg,8270,5925,1910,49431,0.6785641025641026
soybean_frog_eye_leaf_spot_Bing_0126.jpg,840,1020,3518,60158,0.2701833386941139
soybean_frog_eye_leaf_spot_Bing_0141.jpg,4993,336,2310,57897,0.7905319822672577
soybean_frog_eye_leaf_spot_Bing_0143.jpg,2891,1621,1054,59970,0.683693981317252
soybean_frog_eye_leaf_spot_Bing_0155.jpg,53582,220,1718,10016,0.982236805924731
soybean_frog_eye_leaf_spot_Bing_0164.jpg,61174,173,970,3219,0.9907442647642338
soybean_frog_eye_leaf_spot_Bing_0189.jpg,440,247,218,64631,0.654275092936803
soybean_frog_eye_leaf_spot_Bing_0202.jpg,27469,579,3002,34486,0.9388061996958252
soybean_frog_eye_leaf_spot_Bing_0204.jpg,5125,968,8676,50767,0.5152307228310044
soybean_frog_eye_leaf_spot_Bing_0213.jpg,28501,476,188,36371,0.9884854160163701
soybean_frog_eye_leaf_spot_Bing_0215.jpg,11939,14468,4357,34772,0.5591644615132426
soybean_frog_eye_leaf_spot_Bing_0216.jpg,44757,3132,1126,16521,0.954591989079896
soybean_frog_eye_leaf_spot_Bing_0224.jpg,4055,24,11806,49651,0.4067201604814443
soybean_frog_eye_leaf_spot_Bing_0233.jpg,9362,539,3060,52575,0.8387761501590288
soybean_frog_eye_leaf_spot_Bing_0240.jpg,48049,234,922,16331,0.9881135994406399
soybean_frog_eye_leaf_spot_Bing_0244.jpg,28804,292,4407,32033,0.924583112651869
soybean_frog_eye_leaf_spot_Bing_0251.jpg,10162,3888,415,51071,0.8252730742680797
soybean_frog_eye_leaf_spot_Bing_0253.jpg,31661,406,1185,32284,0.9754902715942877
soybean_frog_eye_leaf_spot_Google_0048.jpg,38408,3763,1943,21422,0.9308548023557355
soybean_frog_eye_leaf_spot_Google_0056.jpg,23418,30784,25,11309,0.6032069032133428
soybean_frog_eye_leaf_spot_Google_0057.jpg,9519,1855,2849,51313,0.8018701036138489
soybean_frog_eye_leaf_spot_Google_0061.jpg,17531,25,45631,2349,0.4343764711712381
soybean_frog_eye_leaf_spot_Google_0089.jpg,10147,2995,2997,49397,0.7720459560222172
soybean_frog_eye_leaf_spot_Google_0096.jpg,48142,4621,256,12517,0.9517897213352972
soybean_frog_eye_leaf_spot_Google_0109.jpg,27993,405,654,36484,0.981435708651065
soybean_frog_eye_leaf_spot_Google_0128.jpg,4908,10002,885,49741,0.4741341834516737
soybean_frog_eye_leaf_spot_Google_0221.jpg,2690,400,3527,58919,0.578059525088643
soybean_frog_eye_leaf_spot_Google_0362.jpg,4803,259,18475,41999,0.33895553987297106
soybean_frog_eye_leaf_spot_Google_0363.jpg,12692,507,9045,43292,0.7265857568124571
soybean_mosaic_Baidu_0059.jpg,25510,10843,1932,27251,0.7997491966455051
soybean_mosaic_Baidu_0089.jpg,1630,5277,1320,57309,0.33072943086131684
soybean_mosaic_Baidu_0094.jpg,37817,755,524,26440,0.9833708215776267
soybean_mosaic_Bing_0000.jpg,18250,666,3221,43399,0.9037561591601257
soybean_mosaic_Bing_0010.jpg,13119,16412,1602,34403,0.592922353791919
soybean_mosaic_Bing_0013.jpg,16825,817,1103,46791,0.9460219285915097
soybean_mosaic_Bing_0018.jpg,9546,1293,5328,49369,0.7425037918562595
soybean_mosaic_Bing_0036.jpg,6206,2451,1681,55198,0.7502417794970987
soybean_mosaic_Bing_0062.jpg,29813,5237,2074,28412,0.8907778956332073
soybean_mosaic_Bing_0076.jpg,31752,5313,5059,23412,0.859602577291678
soybean_mosaic_Bing_0105.jpg,27698,507,4531,32800,0.9166363305424099
soybean_mosaic_Bing_0108.jpg,41924,325,228,23059,0.9934479449295625
soybean_mosaic_Bing_0112.jpg,20973,205,99,44259,0.9928047337278106
soybean_mosaic_Bing_0118.jpg,1924,8027,118,55467,0.32085383140165097
soybean_mosaic_Bing_0124.jpg,49718,706,853,14259,0.9845635922570424
soybean_mosaic_Bing_0176.jpg,8726,1089,739,54982,0.9051867219917012
soybean_mosaic_Bing_0177.jpg,24093,144,613,40686,0.9845330282164967
soybean_mosaic_Bing_0231.jpg,6505,2575,1376,55080,0.767053829373268
soybean_mosaic_Google_0010.jpg,6912,780,417,57427,0.920311563810665
soybean_mosaic_Google_0026.jpg,31704,2084,4315,27433,0.9083329752030599
soybean_mosaic_Google_0117.jpg,31980,1291,2030,30235,0.9506398537477148
soybean_mosaic_Google_0142.jpg,8821,296,5803,50616,0.7431026494250452
soybean_mosaic_Google_0372.jpg,17997,5393,399,41747,0.8613889819556789
soybean_rust_Baidu_0010.jpg,22097,1891,1335,40213,0.9319696330662168
soybean_rust_Baidu_0036.jpg,23963,4187,7666,29720,0.8017196674417437
soybean_rust_Bing_0001.jpg,16754,196,2142,46444,0.9347765441053395
soybean_rust_Bing_0008.jpg,21306,5,15921,28304,0.7279374081793023
soybean_rust_Bing_0019.jpg,17405,1248,1882,45001,0.9175013178703215
soybean_rust_Bing_0022.jpg,54290,543,4803,5900,0.9530748029422608
soybean_rust_Bing_0032.jpg,56102,165,789,8480,0.9915693101680836
soybean_rust_Bing_0052.jpg,41726,177,1120,22513,0.9846959846133878
soybean_rust_Bing_0055.jpg,10671,7263,169,47433,0.7417112671161465
soybean_rust_Bing_0061.jpg,19587,4681,804,40464,0.8771804115631787
soybean_rust_Bing_0071.jpg,29162,457,57,35860,0.9912641490193412
soybean_rust_Bing_0073.jpg,35280,1266,4613,24377,0.9230889990711548
soybean_rust_Bing_0074.jpg,41138,278,228,23892,0.9938875600976057
soybean_rust_Bing_0075.jpg,58545,291,2983,3717,0.9727991758333057
soybean_rust_Bing_0077.jpg,24273,4014,33,37216,0.9230505960869317
soybean_rust_Bing_0089.jpg,32168,576,3335,29457,0.9426934517268158
soybean_rust_Bing_0096.jpg,6048,2473,21153,35862,0.3386148591904149
soybean_rust_Bing_0145.jpg,32362,324,88,32762,0.9936747727831
soybean_rust_Bing_0149.jpg,43895,466,429,20746,0.9899081017082934
soybean_rust_Bing_0150.jpg,27793,376,176,37191,0.9901670882468203
soybean_rust_Bing_0167.jpg,48130,494,2769,14143,0.9672136089145222
soybean_rust_Bing_0170.jpg,41609,732,2206,20989,0.965899066809044
soybean_rust_Google_0067.jpg,11919,422,166,53029,0.9759272905919921
soybean_rust_Google_0218.jpg,36431,31,4670,24404,0.9393912045691889
squash_powdery_mildew_114.jpg,26935,612,8224,29765,0.859088444486971
squash_powdery_mildew_129.jpg,27507,1146,3237,33646,0.9262083943633517
squash_powdery_mildew_17.jpg,36838,110,3235,25353,0.956570286025889
squash_powdery_mildew_20.jpg,48900,53,2098,14485,0.9784794549329171
squash_powdery_mildew_23.jpg,40970,2915,3506,18145,0.9273321940675184
squash_powdery_mildew_28.jpg,6920,402,2329,55885,0.8351940136382837
squash_powdery_mildew_32.jpg,1007,1394,22272,40863,0.07842679127725857
squash_powdery_mildew_35.jpg,30488,18358,2259,14431,0.7473190102092091
squash_powdery_mildew_37.jpg,334,203,37700,27299,0.01731871094864017
squash_powdery_mildew_41.jpg,14859,3335,11470,35872,0.6674752375176874
squash_powdery_mildew_47.jpg,37966,2593,1945,23032,0.9436063129116441
squash_powdery_mildew_48.jpg,32769,5742,2135,24890,0.8927058503030716
squash_powdery_mildew_50.jpg,0,525,29849,35162,0.0
squash_powdery_mildew_6.jpg,26850,9871,3263,25552,0.8034832570248676
squash_powdery_mildew_71.jpg,21762,636,19986,23152,0.6785146384809653
squash_powdery_mildew_google_0000.jpg,20513,318,6202,38503,0.8628696420308754
squash_powdery_mildew_google_0001.jpg,27716,219,13256,24345,0.8044465729171202
squash_powdery_mildew_google_0006.jpg,29640,485,4137,31274,0.9276704954461519
squash_powdery_mildew_google_0011.jpg,24243,1421,3495,36377,0.9079435227145051
squash_powdery_mildew_google_0033.jpg,24476,191,19206,21663,0.7162065282593747
squash_powdery_mildew_google_0035.jpg,50407,207,4809,10113,0.9526032315978457
squash_powdery_mildew_google_0045.jpg,29962,3410,8101,24063,0.8388605025547701
squash_powdery_mildew_google_0047.jpg,12108,815,811,51802,0.9370791734385884
squash_powdery_mildew_google_0049.jpg,39130,237,4678,21491,0.9409077246768861
squash_powdery_mildew_google_0070.jpg,54589,416,2914,7617,0.9704021047392185
squash_powdery_mildew_google_0079.jpg,21682,49,21482,22323,0.6682178904384005
squash_powdery_mildew_google_0102.jpg,21434,693,862,42547,0.9649956103820093
squash_powdery_mildew_google_0105.jpg,29874,23547,3436,8679,0.6888886326688266
squash_powdery_mildew_google_0109.jpg,28460,51,5028,31997,0.9180793238600623
squash_powdery_mildew_google_0119.jpg,25203,10519,4733,25081,0.7677053824362606
squash_powdery_mildew_google_0124.jpg,45675,1927,4176,13758,0.937374939714529
squash_powdery_mildew_google_0150.jpg,22335,9,26754,16438,0.6253412288438117
squash_powdery_mildew_google_0183.jpg,22497,902,12634,29503,0.7687339825730395
squash_powdery_mildew_google_0191.jpg,7517,9,12845,45165,0.5390849110728628
squash_powdery_mildew_google_0196.jpg,19571,9278,2462,34225,0.7692700758617979
squash_powdery_mildew_google_0327.jpg,22835,205,7736,34760,0.8518774132174367
strawberry_anthracnose_5.jpg,288,72,150,65026,0.7218045112781954
strawberry_anthracnose_google_0001.jpg,8106,1829,212,55389,0.8881827644770722
strawberry_anthracnose_google_0002.jpg,938,840,7412,56346,0.18522906793048974
strawberry_anthracnose_google_0007.jpg,4575,2738,1873,56350,0.6649226073686505
strawberry_anthracnose_google_0011.jpg,2540,48,121,62827,0.9678033911221186
strawberry_anthracnose_google_0014.jpg,7422,7198,994,49922,0.6443827053307866
strawberry_anthracnose_google_0027.jpg,12645,1938,106,50847,0.925221336064974
strawberry_anthracnose_google_0028.jpg,5963,234,3153,56186,0.7788153856200614
strawberry_anthracnose_google_0067.jpg,7496,278,364,57398,0.9589356530638352
strawberry_anthracnose_google_0070.jpg,5817,2011,115,57593,0.8454941860465116
strawberry_anthracnose_google_0092.jpg,8219,282,971,56064,0.9291730258323442
strawberry_anthracnose_google_0143.jpg,874,143,37,64482,0.9066390041493776
strawberry_leaf_scorch_google_0017.jpg,17677,5081,61,42717,0.8730244962465429
strawberry_leaf_scorch_google_0037.jpg,23099,2025,7475,32937,0.8294373227045855
strawberry_leaf_scorch_google_0043.jpg,26141,8495,564,30336,0.8523173733718068
strawberry_leaf_scorch_google_0062.jpg,6370,2812,3679,52675,0.662472050335396
strawberry_leaf_scorch_google_0117.jpg,15097,846,8346,41247,0.7666175798507083
strawberry_leaf_scorch_google_0122.jpg,8512,576,13159,43289,0.5534640267889073
strawberry_leaf_scorch_google_0133.jpg,1571,473,491,63001,0.7652216268874817
strawberry_leaf_scorch_google_0186.jpg,10638,18440,3878,32580,0.4880488140569803
tobacco_blue_mold_Bing_0016.jpg,2523,1728,601,60684,0.6842033898305084
tobacco_blue_mold_Bing_0024.jpg,9057,1655,9625,45199,0.6162482139212084
tobacco_blue_mold_Bing_0028.jpg,2123,115,142,63156,0.9429269375971574
tobacco_blue_mold_Bing_0042.jpg,0,69,2333,63134,0.0
tobacco_blue_mold_Bing_0079.jpg,4827,4608,660,55441,0.6469642139123442
tobacco_blue_mold_Bing_0083.jpg,2907,9391,1833,51405,0.3412372344171851
tobacco_blue_mold_Bing_0094.jpg,14291,7157,2065,42023,0.7560575600465559
tobacco_blue_mold_Bing_0096.jpg,11096,5703,1722,47015,0.7492993888645035
tobacco_blue_mold_Bing_0107.jpg,16414,10001,1015,38106,0.748745552413101
tobacco_blue_mold_Bing_0121.jpg,1585,2043,299,61609,0.5751088534107403
tobacco_blue_mold_Bing_0127.jpg,1136,103,702,63595,0.7383815404614885
tobacco_blue_mold_Google_0008.jpg,9874,2647,1056,51959,0.8420962858726707
tobacco_brown_spot_Bing_0001.jpg,32051,2189,10942,20354,0.8299820025118796
tobacco_brown_spot_Bing_0003.jpg,3301,814,238,61183,0.86255552652208
tobacco_brown_spot_Bing_0004.jpg,9146,2808,417,53165,0.8501185109448344
tobacco_brown_spot_Bing_0020.jpg,3808,5153,683,55892,0.5661611656259292
tobacco_brown_spot_Bing_0041.jpg,20359,1495,0,43682,0.9645843697439177
tobacco_brown_spot_Bing_0044.jpg,3101,1054,140,61241,0.8385613845321795
tobacco_brown_spot_Bing_0045.jpg,1892,1400,192,62052,0.7038690476190477
tobacco_brown_spot_Bing_0047.jpg,4403,17278,7241,36614,0.2642460615153788
tobacco_brown_spot_Bing_0055.jpg,928,1519,80,63009,0.5371924746743849
tobacco_brown_spot_Bing_0122.jpg,3417,1125,239,60755,0.8336179555989266
tobacco_brown_spot_Bing_0144.jpg,8387,7990,351,48808,0.6678877165040812
tobacco_brown_spot_Bing_0159.jpg,25816,599,2397,36724,0.9451563300871348
tobacco_brown_spot_Google_0029.jpg,22485,2558,442,40051,0.9374609130706691
tobacco_frogeye_leaf_spot_Bing_0000.jpg,3095,1891,8,60542,0.7652367412535542
tobacco_frogeye_leaf_spot_Bing_0002.jpg,995,15870,141,48530,0.1105494139214488
tobacco_frogeye_leaf_spot_Bing_0007.jpg,2632,873,103,61928,0.8435897435897436
tobacco_frogeye_leaf_spot_Bing_0039.jpg,2731,763,213,61829,0.8484001242621932
tobacco_frogeye_leaf_spot_Google_0052.jpg,15619,8749,0,41168,0.781203891264661
tobacco_frogeye_leaf_spot_Google_0149.jpg,3136,1072,297,61031,0.8208349692448632
tobacco_mosaic_virus_115.jpg,14577,23,33395,17541,0.4659272518059196
tobacco_mosaic_virus_117.jpg,8289,97,45527,11623,0.2665187614546156
tobacco_mosaic_virus_127.jpg,50180,226,4237,10893,0.9574234662240158
tobacco_mosaic_virus_161.jpg,28515,1090,31181,4750,0.6386266671145899
tobacco_mosaic_virus_36.jpg,785,2751,39124,22876,0.03613764529865347
tobacco_mosaic_virus_4.jpg,48883,5074,946,10633,0.9419960302931031
tobacco_mosaic_virus_47.jpg,47096,371,15652,2417,0.8546205144490314
tobacco_mosaic_virus_51.jpg,23578,79,36610,5269,0.5624187488818654
tomato_bacterial_leaf_spot_120.jpg,200,6478,1706,57152,0.046598322460391424
tomato_bacterial_leaf_spot_14.jpg,3350,2773,3104,56309,0.5327184543213803
tomato_bacterial_leaf_spot_19.jpg,156,2876,4082,58422,0.04291609353507565
tomato_bacterial_leaf_spot_2.jpg,21197,2947,92,41300,0.9331102942794884
tomato_bacterial_leaf_spot_200.jpg,19015,250,7070,39201,0.8385887541345094
tomato_bacterial_leaf_spot_27.jpg,18679,3038,13448,30371,0.6938191813386821
tomato_bacterial_leaf_spot_31.jpg,1823,1473,573,61667,0.640548137737175
tomato_bacterial_leaf_spot_63.jpg,526,522,655,63833,0.4719605204127411
tomato_bacterial_leaf_spot_70.jpg,44,3468,2066,59958,0.015652792600498042
tomato_bacterial_leaf_spot_71.jpg,2051,3268,2265,57952,0.4257394914374676
tomato_bacterial_leaf_spot_78.jpg,1630,1284,1315,61307,0.5564089435057177
tomato_bacterial_leaf_spot_9.jpg,723,1499,9830,53484,0.11318982387475539
tomato_bacterial_leaf_spot_google_0014.jpg,4237,3569,1574,56156,0.6223103473599177
tomato_bacterial_leaf_spot_google_0020.jpg,4280,2409,12433,46414,0.3657807025040595
tomato_bacterial_leaf_spot_google_0043.jpg,824,574,935,63203,0.5220145707950586
tomato_bacterial_leaf_spot_google_0087.jpg,8699,483,9906,46448,0.626120128117465
tomato_bacterial_leaf_spot_google_0103.jpg,8517,149,32712,24158,0.341396933560477
tomato_bacterial_leaf_spot_google_0163.jpg,4574,821,10014,50127,0.4577891207526397
tomato_bacterial_leaf_spot_google_0195.jpg,34039,1291,15101,15105,0.8059429383212975
tomato_bacterial_leaf_spot_google_0276.jpg,6301,225,27172,31838,0.3150578764469112
tomato_bacterial_leaf_spot_google_0319.jpg,39173,353,393,25617,0.9905679461892479
tomato_bacterial_leaf_spot_google_0405.jpg,543,56,1557,63380,0.40237124861059653
tomato_early_blight_10.jpg,1456,708,2169,61203,0.5030229746070133
tomato_early_blight_118.jpg,14528,1671,1939,47398,0.8894875405620523
tomato_early_blight_136.jpg,1218,385,1317,62616,0.5886901884968584
tomato_early_blight_14.jpg,518,0,1667,63351,0.38327783943766186
tomato_early_blight_155.jpg,4185,4291,4323,52737,0.4928167687235045
tomato_early_blight_159.jpg,4393,620,1261,59262,0.8236617605699822
tomato_early_blight_160.jpg,16200,691,4329,44316,0.865847140566542
tomato_early_blight_172.jpg,5263,2904,1437,55932,0.7080110311427995
tomato_early_blight_173.jpg,4767,1999,177,58593,0.8141759180187874
tomato_early_blight_191.jpg,2675,497,448,61916,0.8498808578236696
tomato_early_blight_202.jpg,9903,1163,1556,52914,0.8792896781354052
tomato_early_blight_321.jpg,90,241,641,64564,0.1694915254237288
tomato_early_blight_4.jpg,3983,995,2,60556,0.8887649224589981
tomato_early_blight_62.jpg,4937,1128,4995,54476,0.6172407326373696
tomato_early_blight_671.jpg,6341,2010,310,56875,0.8453539528062924
tomato_early_blight_96.jpg,3128,498,2010,59900,0.7138293016887266
tomato_early_blight_google_0000.jpg,982,695,3847,60012,0.3018751921303412
tomato_early_blight_google_0041.jpg,8256,8036,32,49212,0.6717656631407648
tomato_early_blight_google_0056.jpg,1193,919,1697,61727,0.47700919632147143
tomato_early_blight_google_0059.jpg,12488,3329,1939,47780,0.8258166909139003
tomato_early_blight_google_0152.jpg,5016,2659,3071,54790,0.6364674533688618
tomato_early_blight_google_0163.jpg,3569,2641,327,58999,0.7063130813378191
tomato_early_blight_google_0177.jpg,8189,17590,231,39526,0.4789028918974239
tomato_early_blight_google_0188.jpg,6344,8626,647,49919,0.5777514685123628
tomato_early_blight_google_0198.jpg,8201,1740,3622,51973,0.753629847454512
tomato_early_blight_google_0209.jpg,1627,207,337,63365,0.856766719325961
tomato_early_blight_google_0247.jpg,5475,1035,1686,57340,0.8009655475093264
tomato_early_blight_google_0249.jpg,739,2234,27,62536,0.3952928590532228
tomato_early_blight_google_0267.jpg,7245,393,1126,56772,0.905115872321819
tomato_early_blight_google_0273.jpg,5486,4642,3255,52153,0.5814828554772378
tomato_early_blight_google_0291.jpg,4694,1365,3877,55600,0.6416951469583049
tomato_early_blight_google_0319.jpg,1547,348,369,63272,0.8118604040934138
tomato_early_blight_google_0326.jpg,9823,1440,3230,51043,0.8079453857542359
tomato_early_blight_google_0341.jpg,5079,2806,5243,52408,0.5579172845608832
tomato_early_blight_google_0355.jpg,9457,4554,736,50789,0.7814410841183276
tomato_early_blight_google_0411.jpg,1974,145,726,62691,0.8192571072836689
tomato_early_blight_google_0427.jpg,48318,8233,3656,5329,0.890449205252246
tomato_late_blight_10.jpg,1084,454,30,63968,0.8174962292609351
tomato_late_blight_109.jpg,11381,7950,380,45825,0.7320854239032548
tomato_late_blight_113.jpg,1419,128,503,63486,0.818103199769386
tomato_late_blight_142.jpg,1410,6886,157,57083,0.2859170637736997
tomato_late_blight_147.jpg,755,311,1868,62602,0.40932502033071294
tomato_late_blight_182.jpg,3680,1636,308,59912,0.7910576096302665
tomato_late_blight_185.jpg,4645,763,279,59849,0.8991482771970577
tomato_late_blight_19.jpg,1897,352,77,63210,0.898413450153919
tomato_late_blight_199.jpg,4330,5604,3,55599,0.6069951636644003
tomato_late_blight_204.jpg,4672,222,126,60516,0.9640940982253405
tomato_late_blight_205.jpg,2791,3825,2167,56753,0.4822878866424745
tomato_late_blight_207.jpg,4868,478,2789,57401,0.7487502883949858
tomato_late_blight_209.jpg,10589,84,2875,51988,0.877408128599246
tomato_late_blight_233.jpg,24666,3499,483,36888,0.925310425029073
tomato_late_blight_61.jpg,26045,9242,599,29650,0.8410973502769211
tomato_late_blight_65.jpg,7968,259,560,56749,0.9511190689346464
tomato_late_blight_76.jpg,2407,328,116,62685,0.9155572461011792
tomato_late_blight_99.jpg,4492,18022,43,42979,0.3321379718289031
tomato_late_blight_google_0024.jpg,6906,11,3114,55505,0.815492708271831
tomato_late_blight_google_0045.jpg,10804,4445,539,49748,0.812575210589651
tomato_late_blight_google_0059.jpg,4712,11940,42,48842,0.44025039708492947
tomato_late_blight_google_0067.jpg,2286,49,8358,54843,0.3522613452500193
tomato_late_blight_google_0080.jpg,11464,75,1540,52457,0.9341971234160453
tomato_late_blight_google_0081.jpg,1331,638,3617,59950,0.3848489229434726
tomato_late_blight_google_0084.jpg,1308,15,6173,58040,0.2971376646978646
tomato_late_blight_google_0095.jpg,10648,239,4862,49787,0.8067583437511838
tomato_late_blight_google_0118.jpg,1563,588,648,62737,0.7166437414030261
tomato_late_blight_google_0137.jpg,10324,260,715,54237,0.9549091245433103
tomato_late_blight_google_0175.jpg,10040,6268,999,48229,0.7342670128350459
tomato_late_blight_google_0217.jpg,4494,1677,580,58785,0.7992885726989774
tomato_late_blight_google_0221.jpg,3745,1737,196,59858,0.7948636315398493
tomato_late_blight_google_0224.jpg,1480,1505,168,62383,0.6388948845240665
tomato_late_blight_google_0226.jpg,4559,2960,2361,55656,0.6314841748043494
tomato_leaf_mold_10.jpg,9091,11324,787,44334,0.6002046677450236
tomato_leaf_mold_148.jpg,3957,3217,7995,50367,0.41378228589354804
tomato_leaf_mold_150.jpg,5756,867,464,58449,0.8963637779335046
tomato_leaf_mold_151.jpg,6474,1631,1686,55745,0.796065170611743
tomato_leaf_mold_163.jpg,5161,4801,99,55475,0.6780974904743134
tomato_leaf_mold_182.jpg,25037,633,4595,35271,0.9054645401612962
tomato_leaf_mold_190.jpg,1700,174,702,62960,0.7951356407857811
tomato_leaf_mold_196.jpg,395,336,2310,62495,0.229918509895227
tomato_leaf_mold_202.jpg,14147,1164,4216,46009,0.8402328205737364
tomato_leaf_mold_203.jpg,27136,3601,2939,31860,0.892455436427021
tomato_leaf_mold_235.jpg,981,363,1331,62861,0.5366520787746171
tomato_leaf_mold_25.jpg,11756,325,718,52737,0.957523925880676
tomato_leaf_mold_259.jpg,6026,1923,686,56901,0.822044880976741
tomato_leaf_mold_264.jpg,1467,5152,192,58725,0.3544334380285093
tomato_leaf_mold_265.jpg,12820,3882,617,48217,0.8507249742858091
tomato_leaf_mold_277.jpg,2597,1152,737,61050,0.7333050967104334
tomato_leaf_mold_31.jpg,979,8,3570,60979,0.3536849710982659
tomato_leaf_mold_32.jpg,3366,1115,1974,59081,0.6854699114143162
tomato_leaf_mold_40.jpg,1589,0,480,63467,0.8687807545106616
tomato_leaf_mold_59.jpg,9683,1599,2083,52171,0.8402464422075668
tomato_leaf_mold_99.jpg,4097,4319,2093,55027,0.5610023278104889
tomato_leaf_mold_google_0002.jpg,9661,3743,541,51591,0.8185207150724392
tomato_leaf_mold_google_0007.jpg,3290,404,1124,60718,0.8115441539220523
tomato_leaf_mold_google_0024.jpg,11864,12911,5682,35079,0.5606672810188795
tomato_leaf_mold_google_0051.jpg,6438,1152,841,57105,0.8659627412737911
tomato_leaf_mold_google_0105.jpg,6711,984,14037,43804,0.47189115072249765
tomato_leaf_mold_google_0116.jpg,5299,1392,5509,53336,0.605634607691868
tomato_leaf_mold_google_0131.jpg,12955,2135,3246,47200,0.8280336198907033
tomato_leaf_mold_google_0135.jpg,3929,1005,334,60268,0.854409046428183
tomato_leaf_mold_google_0152.jpg,3122,2870,2293,57251,0.5473831857631279
tomato_leaf_mold_google_0174.jpg,5759,15868,4934,38975,0.35637376237623763
tomato_mosaic_virus_143.jpg,2755,1594,1914,59273,0.6110002217786649
tomato_mosaic_virus_15.jpg,34412,710,864,29550,0.9776414102673371
tomato_mosaic_virus_16.jpg,10904,4361,2489,47782,0.7609742480284737
tomato_mosaic_virus_194.jpg,13392,22299,1217,28628,0.5324850894632207
tomato_mosaic_virus_25.jpg,6684,3923,4104,50825,0.6248188829165693
tomato_mosaic_virus_33.jpg,9398,48469,0,7669,0.2794320969300528
tomato_mosaic_virus_55.jpg,7029,287,24620,33600,0.36078532015911713
tomato_mosaic_virus_google_0031.jpg,8618,11774,2389,42755,0.54893467944839
tomato_mosaic_virus_google_0042.jpg,3877,4147,1869,55643,0.5631082062454611
tomato_mosaic_virus_google_0049.jpg,35872,2023,3961,23680,0.9230135858377934
tomato_mosaic_virus_google_0113.jpg,15865,7490,20,42161,0.8086136595310908
tomato_mosaic_virus_google_0126.jpg,4225,1113,11660,48538,0.39815294727418366
tomato_mosaic_virus_google_0140.jpg,8333,10646,360,46197,0.6022694420352703
tomato_septoria_leaf_spot_10.jpg,2259,1007,465,61805,0.7542570951585976
tomato_septoria_leaf_spot_18.jpg,736,5769,524,58507,0.18956857694784288
tomato_septoria_leaf_spot_20.jpg,2329,1274,747,61186,0.6974097918850127
tomato_septoria_leaf_spot_243.jpg,2086,89,603,62758,0.8577302631578947
tomato_septoria_leaf_spot_61.jpg,4014,16,9750,51756,0.4511633134764527
tomato_septoria_leaf_spot_63.jpg,21994,9221,1802,32519,0.7996218938030576
tomato_septoria_leaf_spot_80.jpg,33460,904,12271,18901,0.8355078344465947
tomato_septoria_leaf_spot_google_0021.jpg,4133,1257,3095,57051,0.6550958947535267
tomato_septoria_leaf_spot_google_0022.jpg,12369,3701,1740,47726,0.8197090692203187
tomato_septoria_leaf_spot_google_0023.jpg,5431,664,3238,56203,0.7357084800866974
tomato_septoria_leaf_spot_google_0026.jpg,19813,447,3926,41350,0.9006113775313075
tomato_septoria_leaf_spot_google_0027.jpg,21293,456,18661,25126,0.6901771388749331
tomato_septoria_leaf_spot_google_0033.jpg,4838,197,20880,39621,0.31463597047442526
tomato_septoria_leaf_spot_google_0045.jpg,11269,464,12732,41071,0.6307158448536407
tomato_septoria_leaf_spot_google_0051.jpg,4673,10424,153,50286,0.4691060583245495
tomato_septoria_leaf_spot_google_0053.jpg,1708,4707,1525,57596,0.3540630182421227
tomato_septoria_leaf_spot_google_0061.jpg,16834,3341,1409,43952,0.8763600395647874
tomato_septoria_leaf_spot_google_0070.jpg,14510,2786,7187,41053,0.7442361449490934
tomato_septoria_leaf_spot_google_0081.jpg,23945,1834,3881,35876,0.893386810931816
tomato_septoria_leaf_spot_google_0128.jpg,11632,1430,6718,45756,0.7406086845791418
tomato_septoria_leaf_spot_google_0131.jpg,10884,876,3354,50422,0.8372951765520424
tomato_septoria_leaf_spot_google_0151.jpg,7812,154,8849,48721,0.6344256304056524
tomato_septoria_leaf_spot_google_0189.jpg,3895,920,206,60515,0.8737101839389861
tomato_septoria_leaf_spot_google_0205.jpg,3917,0,9296,52323,0.4573263280793929
tomato_septoria_leaf_spot_google_0208.jpg,13199,11310,278,40749,0.6949402411414731
tomato_septoria_leaf_spot_google_0243.jpg,14240,2532,2166,46598,0.8584001446741817
tomato_yellow_leaf_curl_virus_15.jpg,2438,1301,15734,46063,0.22253662543927707
tomato_yellow_leaf_curl_virus_17.jpg,2710,1177,8307,53342,0.36366076221148685
tomato_yellow_leaf_curl_virus_18.jpg,11815,5513,4198,44010,0.7087369904921867
tomato_yellow_leaf_curl_virus_227.jpg,17946,3658,1778,42154,0.8684668989547039
tomato_yellow_leaf_curl_virus_4.jpg,2416,892,14188,48040,0.2426677380474086
tomato_yellow_leaf_curl_virus_40.jpg,1886,2463,5562,55625,0.31974230736627957
tomato_yellow_leaf_curl_virus_44.jpg,8242,4257,4983,48054,0.6408023635515472
tomato_yellow_leaf_curl_virus_62.jpg,13809,1678,5394,44655,0.7961372153358317
tomato_yellow_leaf_curl_virus_99.jpg,1935,2474,8068,53059,0.268526228143214
tomato_yellow_leaf_curl_virus_google_0010.jpg,5178,501,6061,53796,0.6121290932734366
tomato_yellow_leaf_curl_virus_google_0021.jpg,5735,7419,3697,48685,0.5078367130080581
tomato_yellow_leaf_curl_virus_google_0032.jpg,1781,5134,1304,57317,0.3562
tomato_yellow_leaf_curl_virus_google_0037.jpg,15215,1584,8925,39812,0.7433010088179975
tomato_yellow_leaf_curl_virus_google_0061.jpg,4977,7262,2469,50828,0.5056642113284227
tomato_yellow_leaf_curl_virus_google_0072.jpg,4992,1676,5446,53422,0.5836548579445808
tomato_yellow_leaf_curl_virus_google_0078.jpg,16978,10194,4157,34207,0.7029209017326682
tomato_yellow_leaf_curl_virus_google_0114.jpg,156,1623,9373,54384,0.027591085956844712
tomato_yellow_leaf_curl_virus_google_0146.jpg,0,67,382,65087,0.0
tomato_yellow_leaf_curl_virus_google_0162.jpg,17707,18219,1106,28504,0.6469610332669578
wheat_bacterial_leaf_streak_(black_chaff)_Baidu_0031.jpg,1152,1339,1523,61522,0.445993031358885
wheat_bacterial_leaf_streak_(black_chaff)_Baidu_0039.jpg,1416,26,3288,60806,0.4607875040676863
wheat_bacterial_leaf_streak_(black_chaff)_Baidu_0040.jpg,3356,8,11092,51080,0.37682461262070516
wheat_bacterial_leaf_streak_(black_chaff)_Baidu_0202.jpg,2534,313,7709,54980,0.3871657754010695
wheat_bacterial_leaf_streak_(black_chaff)_Baidu_0217.jpg,218,4,7708,57606,0.05351006381934217
wheat_bacterial_leaf_streak_(black_chaff)_Baidu_0235.jpg,6631,645,8921,49339,0.5809532153495707
wheat_bacterial_leaf_streak_(black_chaff)_Baidu_0241.jpg,819,31,1691,62995,0.4875
wheat_bacterial_leaf_streak_(black_chaff)_Baidu_0253.jpg,16,0,4280,61240,0.0074211502782931356
wheat_bacterial_leaf_streak_(black_chaff)_Baidu_0275.jpg,42266,416,1128,21726,0.9820623634927274
wheat_bacterial_leaf_streak_(black_chaff)_Bing_0004.jpg,19191,1033,603,44709,0.9591183967214754
wheat_bacterial_leaf_streak_(black_chaff)_Bing_0009.jpg,26775,415,19421,18925,0.7297032131469218
wheat_bacterial_leaf_streak_(black_chaff)_Google_0141.jpg,5762,331,715,58728,0.9167859984089101
wheat_bacterial_leaf_streak_(black_chaff)_Google_0142.jpg,7962,152,15778,41644,0.4999058203051422
wheat_bacterial_leaf_streak_(black_chaff)_Google_0283.jpg,3726,943,3421,57446,0.6306702775897088
wheat_bacterial_leaf_streak_(black_chaff)_Google_0314.jpg,10195,652,5381,49308,0.7716761911970632
wheat_bacterial_leaf_streak_(black_chaff)_black_chaff (10).jpg,16540,1269,2704,45023,0.8927752138828166
wheat_bacterial_leaf_streak_(black_chaff)_black_chaff (2).jpg,10252,478,1921,52885,0.8952538968694057
wheat_bacterial_leaf_streak_(black_chaff)_black_chaff (23).jpg,3231,0,2674,59631,0.7073117338003503
wheat_bacterial_leaf_streak_(black_chaff)_black_chaff (25).jpg,9538,2241,5270,48487,0.7174935118667017
wheat_bacterial_leaf_streak_(black_chaff)_black_chaff (3).jpg,23109,1457,1836,39134,0.9334895275797298
wheat_bacterial_leaf_streak_(black_chaff)_black_chaff (9).jpg,3294,9579,353,52310,0.3987893462469734
wheat_bacterial_leaf_streak_(black_chaff)_google_black_chaff (15).jpg,487,8,298,64743,0.7609375
wheat_bacterial_leaf_streak_(black_chaff)_google_black_chaff (5).jpg,928,171,211,64226,0.8293118856121537
wheat_head_scab_Baidu_0007.jpg,0,47,799,64690,0.0
wheat_head_scab_Baidu_0018.jpg,1558,651,6212,57115,0.3122557370478004
wheat_head_scab_Baidu_0053.jpg,11112,1170,5081,48173,0.7804741000877963
wheat_head_scab_Baidu_0065.jpg,1274,293,995,62974,0.6642335766423357
wheat_head_scab_Baidu_0081.jpg,20956,7469,374,36737,0.8423676012461059
wheat_head_scab_Baidu_0093.jpg,848,653,2946,61089,0.3203021718602455
wheat_head_scab_Baidu_0101.jpg,4213,602,405,60316,0.893247111205343
wheat_head_scab_Baidu_0111.jpg,1624,903,10182,52827,0.22660992116095724
wheat_head_scab_Baidu_0127.jpg,3731,180,2987,58638,0.7020415843447173
wheat_head_scab_Baidu_0137.jpg,554,441,56,64485,0.6903426791277258
wheat_head_scab_Baidu_0138.jpg,2391,160,4383,58602,0.5128150134048257
wheat_head_scab_Baidu_0144.jpg,3596,4459,2428,55053,0.5108317352084665
wheat_head_scab_Baidu_0162.jpg,4088,3337,811,57300,0.6634209672184356
wheat_head_scab_Baidu_0175.jpg,10206,1128,2619,51583,0.844902520799702
wheat_head_scab_Baidu_0185.jpg,4312,501,573,60150,0.8892555166013612
wheat_head_scab_Baidu_0264.jpg,8958,3091,1411,52076,0.7991792309751092
wheat_head_scab_Baidu_0281.jpg,1692,1384,1700,60760,0.5231910946196661
wheat_head_scab_Baidu_0297.jpg,951,44,642,63899,0.7349304482225657
wheat_head_scab_Baidu_0310.jpg,19052,397,2697,43390,0.9248992669547066
wheat_head_scab_Baidu_0332.jpg,12979,2686,4792,45079,0.7763488455556885
wheat_head_scab_Baidu_0368.jpg,4878,80,17443,43135,0.35763774331903664
wheat_head_scab_Baidu_0404.jpg,1677,1674,8719,53466,0.24398050483741907
wheat_head_scab_Baidu_0431.jpg,4061,404,1514,59557,0.8089641434262949
wheat_head_scab_Baidu_0434.jpg,10928,173,14823,39612,0.593075002713557
wheat_head_scab_Baidu_0474.jpg,10642,196,3955,50743,0.8367996854727737
wheat_head_scab_Baidu_0481.jpg,1969,239,1437,61891,0.7014606341289633
wheat_head_scab_Bing_0023.jpg,6332,323,618,58263,0.9308342521131937
wheat_head_scab_Bing_0040.jpg,898,384,2462,61792,0.3869021973287376
wheat_head_scab_Bing_0043.jpg,5871,2339,246,57080,0.8195714385426118
wheat_head_scab_Bing_0071.jpg,559,176,93,64708,0.806056236481615
wheat_head_scab_Bing_0087.jpg,6041,362,984,58149,0.899761691986893
wheat_head_scab_Bing_0111.jpg,3313,1944,236,60043,0.7524415171473995
wheat_head_scab_Bing_0125.jpg,10807,1224,260,53245,0.9357520131613126
wheat_head_scab_Bing_0138.jpg,1379,318,145,63694,0.8562558211735486
wheat_head_scab_Bing_0140.jpg,0,2,776,64758,0.0
wheat_head_scab_Bing_0141.jpg,755,253,44,64484,0.835639180962922
wheat_head_scab_Bing_0176.jpg,8723,895,411,55507,0.93035409556314
wheat_head_scab_Bing_0178.jpg,1419,7986,1029,55102,0.23943305492280437
wheat_head_scab_Bing_0179.jpg,6559,6096,121,52760,0.6784587535557279
wheat_head_scab_Bing_0181.jpg,724,8230,0,56582,0.14961768960529034
wheat_head_scab_Bing_0186.jpg,5770,5696,2386,51684,0.5881153806951381
wheat_head_scab_Bing_0204.jpg,20631,493,7466,36946,0.8383007253001767
wheat_head_scab_Bing_0206.jpg,7126,2099,184,56127,0.8619292410039311
wheat_head_scab_Bing_0219.jpg,4295,679,69,60493,0.9198971942600128
wheat_head_scab_Bing_0245.jpg,837,206,70,64423,0.8584615384615385
wheat_head_scab_Bing_0257.jpg,2863,482,201,61990,0.8934311124980496
wheat_head_scab_Bing_0272.jpg,823,613,23,64077,0.7212971078001753
wheat_head_scab_Bing_0279.jpg,5112,2352,2776,55296,0.6659718603439291
wheat_head_scab_Bing_0287.jpg,0,2293,0,63243,0.0
wheat_head_scab_Bing_0288.jpg,1167,1790,255,62324,0.5329984014615209
wheat_head_scab_Bing_0298.jpg,908,389,83,64156,0.7937062937062938
wheat_head_scab_Bing_0311.jpg,462,76,96,64902,0.843065693430657
wheat_head_scab_Bing_0319.jpg,2168,122,326,62920,0.9063545150501672
wheat_head_scab_Google_0034.jpg,1156,199,243,63938,0.8395061728395061
wheat_head_scab_Google_0057.jpg,1469,303,267,63497,0.8375142531356898
wheat_head_scab_Google_0083.jpg,6416,502,536,58082,0.9251622206200433
wheat_head_scab_Google_0085.jpg,5566,3543,589,55838,0.7292976939203354
wheat_head_scab_Google_0098.jpg,7499,2657,757,54623,0.8145774494894634
wheat_head_scab_Google_0189.jpg,2852,5149,484,57051,0.5031313398606333
wheat_head_scab_Google_0202.jpg,3921,2625,41,58949,0.74628854206319
wheat_head_scab_Google_0205.jpg,1766,112,3206,60452,0.5156204379562044
wheat_head_scab_Google_0264.jpg,0,0,111,65425,0.0
wheat_head_scab_Google_0309.jpg,13831,5585,2372,43748,0.7766079901176338
wheat_head_scab_Google_0394.jpg,462,839,346,63889,0.43812233285917496
wheat_leaf_rust_Baidu_0025.jpg,39894,173,3975,21494,0.9505813953488372
wheat_leaf_rust_Baidu_0072.jpg,3755,268,5803,55710,0.5529784257418452
wheat_leaf_rust_Baidu_0088.jpg,6766,39,594,58137,0.955312389692905
wheat_leaf_rust_Baidu_0263.jpg,5812,1747,637,57340,0.8298115362649914
wheat_leaf_rust_Baidu_0317.jpg,7507,172,1605,56252,0.8941694955630993
wheat_leaf_rust_Baidu_0365.jpg,5998,1749,454,57335,0.8448482287485034
wheat_leaf_rust_Bing_0008.jpg,28929,171,1853,34583,0.9662001937143048
wheat_leaf_rust_Bing_0020.jpg,12181,1,4657,48697,0.8394900068917988
wheat_leaf_rust_Bing_0031.jpg,59164,1744,68,4560,0.9849175961378391
wheat_leaf_rust_Bing_0032.jpg,20370,21,8305,36840,0.8303101944319896
wheat_leaf_rust_Bing_0034.jpg,9505,3087,1253,51691,0.8141327623126339
wheat_leaf_rust_Bing_0036.jpg,2080,16,2211,61229,0.651322999843432
wheat_leaf_rust_Bing_0042.jpg,20736,626,883,43291,0.9648914636699937
wheat_leaf_rust_Bing_0047.jpg,22703,25,674,42134,0.984838954560243
wheat_leaf_rust_Bing_0055.jpg,6990,110,3449,54987,0.7970807913792121
wheat_leaf_rust_Google_0037.jpg,7063,2599,2734,53140,0.7259365846138034
wheat_leaf_rust_Google_0040.jpg,23433,4361,1977,35765,0.880873618524923
wheat_leaf_rust_Google_0058.jpg,23340,114,4266,37816,0.9142185663924794
wheat_leaf_rust_Google_0065.jpg,20708,2496,402,41930,0.9346030599810443
wheat_leaf_rust_Google_0069.jpg,18366,57,445,46668,0.9865176988773702
wheat_leaf_rust_Google_0103.jpg,12853,448,6426,45809,0.7890116635972989
wheat_leaf_rust_Google_0328.jpg,4099,551,370,60516,0.899002083561794
wheat_leaf_rust_Google_0339.jpg,35379,286,3593,26278,0.9480284577354395
wheat_leaf_rust_Google_0358.jpg,7630,110,5285,52511,0.738804163640765
wheat_leaf_rust_Google_0374.jpg,236,0,575,64725,0.45081184336198665
wheat_leaf_rust_Google_0376.jpg,11032,4512,1138,48854,0.7961319188857617
wheat_loose_smut_Baidu_0009.jpg,2119,5189,694,57534,0.41873332674636893
wheat_loose_smut_Baidu_0016.jpg,1901,80,775,62780,0.8164054112089328
wheat_loose_smut_Baidu_0023.jpg,16740,547,1672,46577,0.9378413961175384
wheat_loose_smut_Baidu_0034.jpg,4777,124,1149,59486,0.8824235707028725
wheat_loose_smut_Baidu_0036.jpg,12983,2727,1874,47952,0.8494781954395263
wheat_loose_smut_Bing_0004.jpg,12613,629,1296,50998,0.9291002173032301
wheat_loose_smut_Bing_0008.jpg,3158,200,822,61356,0.8607249931861543
wheat_loose_smut_Bing_0009.jpg,5546,109,943,58938,0.913372859025033
wheat_loose_smut_Bing_0022.jpg,2130,252,1551,61603,0.70262246412667
wheat_loose_smut_Bing_0027.jpg,3567,43,430,61496,0.9378204285526489
wheat_loose_smut_Bing_0095.jpg,0,0,5278,60258,0.0
wheat_loose_smut_Bing_0097.jpg,1964,508,281,62783,0.8327326690693237
wheat_loose_smut_Bing_0107.jpg,7444,510,797,56785,0.9192960790367397
wheat_loose_smut_Bing_0109.jpg,4462,3816,991,56267,0.6499162479061976
wheat_loose_smut_Bing_0113.jpg,5335,392,822,58987,0.8978458431504543
wheat_loose_smut_Bing_0123.jpg,15772,1603,1288,46873,0.9160447219398867
wheat_loose_smut_Bing_0136.jpg,534,1765,143,63094,0.3588709677419355
wheat_loose_smut_Bing_0137.jpg,1962,609,263,62702,0.8181818181818182
wheat_loose_smut_Bing_0176.jpg,4248,50,463,60775,0.9430569430569431
wheat_loose_smut_Bing_0178.jpg,41,34230,933,30332,0.00232657114484324
wheat_loose_smut_Bing_0199.jpg,17,376,2634,62509,0.011169513797634692
wheat_loose_smut_Bing_0203.jpg,4226,72,291,60947,0.9588201928530913
wheat_loose_smut_Bing_0230.jpg,4455,408,194,60479,0.9367115222876367
wheat_loose_smut_Bing_0234.jpg,2001,374,1804,61357,0.6475728155339806
wheat_loose_smut_Bing_0239.jpg,7411,817,1730,55578,0.8533594334734297
wheat_loose_smut_Bing_0245.jpg,305,692,78,64461,0.4420289855072464
wheat_loose_smut_Bing_0263.jpg,1696,4,470,63366,0.8773926539058459
wheat_loose_smut_Bing_0264.jpg,1168,191,156,64021,0.8706671636228103
wheat_loose_smut_Bing_0283.jpg,457,4273,910,59896,0.1499097917008365
wheat_loose_smut_Bing_0290.jpg,852,149,141,64394,0.8545636910732196
wheat_loose_smut_Bing_0299.jpg,376,72,28,65060,0.8826291079812206
wheat_loose_smut_Bing_0305.jpg,4802,1129,503,59102,0.854752580989676
wheat_loose_smut_Bing_0335.jpg,809,40,319,64368,0.8184117349519474
wheat_loose_smut_Bing_0400.jpg,4685,132,1622,59097,0.8423229054297016
wheat_loose_smut_Google_0043.jpg,3015,114,557,61850,0.8998656916878078
wheat_loose_smut_Google_0065.jpg,7858,733,630,56315,0.9201943907722935
wheat_loose_smut_Google_0068.jpg,10506,81,2644,52305,0.8852003201752539
wheat_loose_smut_Google_0079.jpg,3238,211,614,61473,0.887001780578003
wheat_loose_smut_Google_0081.jpg,4207,60,1111,60158,0.877829942618675
wheat_loose_smut_Google_0178.jpg,5281,12,3291,56952,0.7617742517129462
wheat_loose_smut_Google_0229.jpg,416,109,75,64936,0.8188976377952756
wheat_loose_smut_Google_0241.jpg,2716,78,524,62218,0.9002320185614849
wheat_loose_smut_Google_0253.jpg,1215,397,976,62948,0.6389692348146201
wheat_powdery_mildew_Baidu_0001.jpg,12983,1648,3255,47650,0.8411675143347696
wheat_powdery_mildew_Baidu_0007.jpg,6054,1144,2936,55402,0.7479614529280949
wheat_powdery_mildew_Baidu_0012.jpg,10058,7526,2766,45186,0.6615364377795317
wheat_powdery_mildew_Baidu_0019.jpg,461,34,382,64659,0.6890881913303438
wheat_powdery_mildew_Baidu_0034.jpg,11486,1629,2527,49894,0.8468003538779121
wheat_powdery_mildew_Baidu_0040.jpg,106,0,8751,56679,0.023652794823161887
wheat_powdery_mildew_Baidu_0044.jpg,437,258,6199,58642,0.11921975173918974
wheat_powdery_mildew_Baidu_0049.jpg,54514,1,10831,190,0.9096278992157517
wheat_powdery_mildew_Baidu_0070.jpg,2228,3147,5017,55144,0.3530903328050713
wheat_powdery_mildew_Baidu_0082.jpg,7607,3210,2731,51988,0.719168045379343
wheat_powdery_mildew_Baidu_0083.jpg,1365,731,1527,61913,0.5473135525260625
wheat_powdery_mildew_Baidu_0089.jpg,3176,22876,775,38709,0.21171216211712163
wheat_powdery_mildew_Baidu_0108.jpg,17239,263,5307,42727,0.8609168997203356
wheat_powdery_mildew_Baidu_0141.jpg,3838,37,18716,42945,0.29043853342918763
wheat_powdery_mildew_Baidu_0181.jpg,46895,203,13293,5145,0.8742053949257126
wheat_powdery_mildew_Baidu_0206.jpg,1746,1229,5223,57338,0.3511665325824618
wheat_powdery_mildew_Baidu_0252.jpg,575,36,14919,50006,0.07140639552933871
wheat_powdery_mildew_Baidu_0279.jpg,6010,1134,5340,53052,0.6499405212501351
wheat_powdery_mildew_Baidu_0286.jpg,53798,75,11159,504,0.905461583775141
wheat_powdery_mildew_Baidu_0295.jpg,368,1461,578,63129,0.26522522522522524
wheat_powdery_mildew_Bing_0005.jpg,3158,450,41846,20082,0.12992676705340245
wheat_powdery_mildew_Bing_0014.jpg,36263,275,2859,26139,0.95857784826857
wheat_powdery_mildew_Bing_0016.jpg,19862,944,29,44701,0.9760916038037202
wheat_powdery_mildew_Bing_0023.jpg,28947,487,816,35286,0.9779887494298698
wheat_powdery_mildew_Bing_0037.jpg,45283,671,269,19313,0.9897274495661487
wheat_powdery_mildew_Bing_0042.jpg,11465,8726,863,44482,0.7051262338940312
wheat_powdery_mildew_Bing_0043.jpg,10067,563,22168,32738,0.4697072203429371
wheat_powdery_mildew_Bing_0045.jpg,4717,5128,35,55656,0.6462971843529492
wheat_powdery_mildew_Bing_0054.jpg,0,0,4883,60653,0.0
wheat_powdery_mildew_Bing_0073.jpg,13893,481,4886,46276,0.838114197810153
wheat_powdery_mildew_Bing_0080.jpg,0,1375,6873,57288,0.0
wheat_powdery_mildew_Bing_0088.jpg,22386,3425,5888,33837,0.827808079874272
wheat_powdery_mildew_Bing_0093.jpg,21710,3576,1979,38271,0.8865747830525779
wheat_powdery_mildew_Bing_0115.jpg,0,1704,241,63591,0.0
wheat_powdery_mildew_Bing_0126.jpg,29967,209,571,34789,0.9871528807194386
wheat_powdery_mildew_Bing_0163.jpg,42771,859,13285,8621,0.8581144794655218
wheat_powdery_mildew_Bing_0170.jpg,9887,412,1763,53474,0.9009066472276641
wheat_powdery_mildew_Bing_0177.jpg,63346,97,1562,531,0.9870745066263605
wheat_powdery_mildew_Bing_0188.jpg,25529,623,1090,38294,0.9675389892175627
wheat_powdery_mildew_Bing_0203.jpg,9424,387,1787,53938,0.8965845304918657
wheat_powdery_mildew_Bing_0214.jpg,6455,2112,15832,41137,0.4184222467103131
wheat_powdery_mildew_Bing_0219.jpg,14038,300,4123,47075,0.8639035047232223
wheat_powdery_mildew_Google_0014.jpg,7016,3041,3204,52275,0.6920155841593925
wheat_powdery_mildew_Google_0051.jpg,20339,250,553,44394,0.9806417395916203
wheat_powdery_mildew_Google_0056.jpg,14059,436,594,50447,0.9646630986688624
wheat_powdery_mildew_Google_0079.jpg,2667,2393,2754,57722,0.508920904493846
wheat_powdery_mildew_Google_0101.jpg,12531,477,100,52428,0.9774952221225477
wheat_powdery_mildew_Google_0115.jpg,14916,0,32649,17971,0.4774571469726797
wheat_powdery_mildew_Google_0122.jpg,8223,8568,194,48551,0.6524119327197715
wheat_powdery_mildew_Google_0203.jpg,4608,3588,7202,50138,0.46066180145956215
wheat_powdery_mildew_Google_0218.jpg,2742,1173,2404,59217,0.6052312106831476
wheat_powdery_mildew_Google_0263.jpg,6814,1892,14792,42038,0.44959092108735815
wheat_powdery_mildew_Google_0317.jpg,1015,0,911,63610,0.6902414144848691
wheat_powdery_mildew_Google_0329.jpg,13046,559,622,51309,0.9566970996956697
wheat_septoria_blotch_Baidu_0007.jpg,6449,309,1092,57686,0.902021120358067
wheat_septoria_blotch_Baidu_0033.jpg,1626,380,788,62742,0.7357466063348417
wheat_septoria_blotch_Baidu_0098.jpg,14385,519,1519,49113,0.9338483510776422
wheat_septoria_blotch_Baidu_0123.jpg,3436,1027,2661,58412,0.6507575757575758
wheat_septoria_blotch_Bing_0041.jpg,6572,30,1250,57684,0.9112590127565169
wheat_septoria_blotch_Bing_0044.jpg,15205,1058,747,48526,0.9439702002172901
wheat_septoria_blotch_Bing_0045.jpg,8217,792,4402,52125,0.7598483447383022
wheat_septoria_blotch_Bing_0051.jpg,5680,5657,2491,51708,0.5823251999179824
wheat_septoria_blotch_Google_0016.jpg,15480,108,905,49043,0.9683170174835017
wheat_septoria_blotch_Google_0021.jpg,23950,6126,13642,21818,0.7078678252645269
wheat_septoria_blotch_Google_0027.jpg,2999,1915,2555,58067,0.572984333205961
wheat_septoria_blotch_Google_0049.jpg,22564,125,2400,40447,0.9470127798879399
wheat_septoria_blotch_Google_0058.jpg,14349,1761,2259,47167,0.8771318540253071
wheat_septoria_blotch_Google_0061.jpg,4310,170,1055,60001,0.8755713560182834
wheat_septoria_blotch_Google_0115.jpg,14717,554,5374,44891,0.8323624229398789
wheat_septoria_blotch_Google_0119.jpg,32155,250,5041,28090,0.9239809772848091
wheat_septoria_blotch_Google_0140.jpg,1557,5406,2720,55853,0.2770462633451957
wheat_septoria_blotch_Google_0174.jpg,4147,1707,1696,57986,0.7090707018893734
wheat_septoria_blotch_Google_0206.jpg,3719,66,1338,60413,0.8412123953856594
wheat_septoria_blotch_Google_0309.jpg,9997,618,1960,52961,0.8857877015771752
wheat_septoria_blotch_blotch (10).jpg,10782,1934,23,52797,0.9167977551974831
wheat_septoria_blotch_blotch (101).jpg,3537,99,1234,60666,0.8414416557630546
wheat_septoria_blotch_blotch (111).jpg,9297,2328,1157,52754,0.8421577064178631
wheat_septoria_blotch_blotch (113).jpg,11239,1477,220,52600,0.9298035160289555
wheat_septoria_blotch_blotch (12).jpg,7196,4009,409,53922,0.7651249335459862
wheat_septoria_blotch_blotch (129).jpg,6337,2331,3072,53796,0.7011119101620844
wheat_septoria_blotch_blotch (130).jpg,11025,163,43995,10353,0.3330413243112615
wheat_septoria_blotch_blotch (19).jpg,17313,1977,115,46131,0.9430252192385206
wheat_septoria_blotch_blotch (2).jpg,13608,994,1502,49432,0.9159935379644588
wheat_septoria_blotch_blotch (22).jpg,6368,1531,953,56684,0.8367936925098555
wheat_septoria_blotch_blotch (24).jpg,4028,12988,254,48266,0.3782514790121138
wheat_septoria_blotch_blotch (27).jpg,13432,4113,238,47753,0.860611885311549
wheat_septoria_blotch_blotch (29).jpg,19495,8277,26,37738,0.8244349058000127
wheat_septoria_blotch_blotch (34).jpg,1926,222,53,63335,0.9333656409013812
wheat_septoria_blotch_blotch (35).jpg,344,3662,0,61530,0.15816091954022987
wheat_septoria_blotch_blotch (39).jpg,2480,2247,38,60771,0.6846100759144237
wheat_septoria_blotch_blotch (50).jpg,15146,2399,561,47430,0.9109827980271863
wheat_septoria_blotch_blotch (64).jpg,13403,173,5774,46186,0.8184288462125607
wheat_septoria_blotch_blotch (69).jpg,2887,2603,3018,57028,0.5067134708205353
wheat_septoria_blotch_blotch (79).jpg,265,51,5192,60028,0.09180668629828512
wheat_septoria_blotch_blotch (87).jpg,8067,3138,1033,53298,0.7945826151194287
wheat_septoria_blotch_google_septoria (16).jpg,1578,64,1964,61930,0.6087962962962963
wheat_septoria_blotch_google_septoria (18).jpg,12189,577,360,52410,0.9629863717163737
wheat_septoria_blotch_google_septoria (2).jpg,8672,2123,2783,51958,0.779505617977528
wheat_septoria_blotch_google_septoria (23).jpg,719,290,6046,58481,0.18497555955749936
wheat_septoria_blotch_google_septoria (27).jpg,7976,1038,6679,49843,0.6739617220837382
wheat_stem_rust_Baidu_0001.jpg,15956,5335,609,43636,0.8429839391377852
wheat_stem_rust_Baidu_0003.jpg,2832,1656,17,61031,0.7719776475398664
wheat_stem_rust_Baidu_0004.jpg,3756,1516,1967,58297,0.6832196452933151
wheat_stem_rust_Baidu_0007.jpg,259,5851,4466,54960,0.047808029533917856
wheat_stem_rust_Baidu_0127.jpg,6672,6602,657,51605,0.6476726690287822
wheat_stem_rust_Bing_0002.jpg,2377,942,70,62147,0.8244883801595561
wheat_stem_rust_Bing_0005.jpg,12065,4914,2978,45579,0.7535444381987384
wheat_stem_rust_Bing_0011.jpg,3052,461,10516,51507,0.3573561266904748
wheat_stem_rust_Bing_0016.jpg,8447,3611,1043,52435,0.7840170781511046
wheat_stem_rust_Bing_0018.jpg,16429,804,7267,41036,0.8028048571917222
wheat_stem_rust_Bing_0040.jpg,755,23,159,64599,0.892434988179669
wheat_stem_rust_Bing_0070.jpg,20583,1830,1950,41173,0.9158990788946736
wheat_stem_rust_Bing_0143.jpg,1132,340,2673,61391,0.4290316467689975
wheat_stem_rust_Bing_0206.jpg,3056,342,407,61731,0.8908322401982218
wheat_stem_rust_Bing_0217.jpg,21858,259,15790,27629,0.7314649042081486
wheat_stem_rust_Bing_0233.jpg,2111,5379,257,57789,0.4282815987015622
wheat_stem_rust_Bing_0247.jpg,15662,496,522,48856,0.9685239008100921
wheat_stem_rust_Bing_0254.jpg,13411,4652,121,47352,0.8489317930052224
wheat_stem_rust_Bing_0261.jpg,2487,8952,87,54010,0.3549561121815457
wheat_stem_rust_Bing_0278.jpg,612,12583,1511,50830,0.0799059929494712
wheat_stem_rust_Bing_0279.jpg,1009,5273,40,59214,0.2752694039012413
wheat_stem_rust_Bing_0286.jpg,1606,1894,5835,56201,0.29357462754775615
wheat_stem_rust_Google_0006.jpg,4732,2551,4034,54219,0.589694061935323
wheat_stem_rust_Google_0066.jpg,988,857,2440,61251,0.37473923762564004
wheat_stem_rust_Google_0071.jpg,4109,4937,55,56435,0.6221044663133989
wheat_stem_rust_Google_0101.jpg,6685,21184,1040,36627,0.37562510535483506
wheat_stem_rust_Google_0140.jpg,11164,7507,64,46801,0.7467808287902605
wheat_stem_rust_Google_0274.jpg,431,2550,37,62518,0.24992751522180343
wheat_stem_rust_Google_0291.jpg,12847,14375,111,38203,0.6394723743155799
wheat_stem_rust_Google_0333.jpg,1429,4802,152,59153,0.365847414234511
wheat_stripe_rust_Baidu_0011.jpg,3088,3565,4367,54516,0.43776580663453357
wheat_stripe_rust_Baidu_0029.jpg,1074,356,797,63309,0.6507119054831869
wheat_stripe_rust_Baidu_0030.jpg,3905,727,165,60739,0.8974948287749942
wheat_stripe_rust_Baidu_0047.jpg,3083,1564,2756,58133,0.5880221247377455
wheat_stripe_rust_Baidu_0060.jpg,584,228,433,64291,0.6386003280481137
wheat_stripe_rust_Baidu_0068.jpg,674,117,1199,63546,0.506006006006006
wheat_stripe_rust_Baidu_0106.jpg,4334,1774,861,58567,0.7668760506060338
wheat_stripe_rust_Baidu_0120.jpg,6280,1637,2970,54649,0.7316362789072057
wheat_stripe_rust_Baidu_0139.jpg,1882,1775,798,61081,0.5939719109988953
wheat_stripe_rust_Baidu_0143.jpg,865,199,1915,62557,0.4500520291363163
wheat_stripe_rust_Baidu_0156.jpg,109,26,79,65322,0.6749226006191951
wheat_stripe_rust_Baidu_0158.jpg,510,408,720,63898,0.4748603351955307
wheat_stripe_rust_Baidu_0205.jpg,844,961,499,63232,0.5362134688691232
wheat_stripe_rust_Baidu_0235.jpg,3642,6842,313,54739,0.5044670683565344
wheat_stripe_rust_Baidu_0243.jpg,270,500,891,63875,0.2796478508544795
wheat_stripe_rust_Baidu_0259.jpg,191,69,209,65067,0.5787878787878787
wheat_stripe_rust_Baidu_0273.jpg,612,353,35,64536,0.7593052109181141
wheat_stripe_rust_Baidu_0286.jpg,6801,1057,2417,55261,0.7965565706254392
wheat_stripe_rust_Baidu_0317.jpg,5609,1567,96,58264,0.8708951168387548
wheat_stripe_rust_Baidu_0320.jpg,1025,90,1136,63285,0.6257631257631258
wheat_stripe_rust_Baidu_0336.jpg,926,46,157,64407,0.9012165450121654
wheat_stripe_rust_Baidu_0349.jpg,10718,1096,5895,47827,0.7540718331164035
wheat_stripe_rust_Baidu_0355.jpg,5784,729,4079,54944,0.706399609184172
wheat_stripe_rust_Baidu_0401.jpg,1234,1390,51,62861,0.6313635200818624
wheat_stripe_rust_Baidu_0420.jpg,24394,2959,25,38158,0.9423626670787298
wheat_stripe_rust_Baidu_0448.jpg,6548,2376,226,56386,0.8342464008153905
wheat_stripe_rust_Baidu_0484.jpg,3885,433,724,60494,0.8703931892012994
wheat_stripe_rust_Bing_0002.jpg,16453,301,910,47872,0.9645044992232611
wheat_stripe_rust_Bing_0005.jpg,7481,1522,3381,53152,0.753183991945633
wheat_stripe_rust_Bing_0007.jpg,11143,260,99,54034,0.9841466107308456
wheat_stripe_rust_Bing_0011.jpg,12653,5706,18,47159,0.8155333548179181
wheat_stripe_rust_Bing_0022.jpg,12271,1415,2770,49080,0.8543182371984545
wheat_stripe_rust_Bing_0053.jpg,26046,948,121,38421,0.9798912736780723
wheat_stripe_rust_Bing_0066.jpg,7918,2131,22,55465,0.8803157485129801
wheat_stripe_rust_Bing_0072.jpg,5728,5512,177,54119,0.6681831437736949
wheat_stripe_rust_Bing_0080.jpg,3646,353,440,61097,0.901917130488559
wheat_stripe_rust_Bing_0083.jpg,2759,120,2366,60291,0.6894052973513244
wheat_stripe_rust_Bing_0084.jpg,17219,819,4935,42563,0.8568371815286624
wheat_stripe_rust_Bing_0093.jpg,16523,2491,49,46473,0.9286236160287754
wheat_stripe_rust_Bing_0097.jpg,5833,341,2009,57353,0.8323344748858448
wheat_stripe_rust_Bing_0105.jpg,400,5711,5,59420,0.12277470841006753
wheat_stripe_rust_Bing_0108.jpg,1444,255,506,63331,0.7914497122499314
wheat_stripe_rust_Bing_0111.jpg,9931,802,793,54010,0.9256652840564851
wheat_stripe_rust_Bing_0113.jpg,13490,204,5727,46115,0.8197866974567773
wheat_stripe_rust_Bing_0135.jpg,4633,1360,2890,56653,0.6855578573542468
wheat_stripe_rust_Bing_0137.jpg,2857,203,451,62025,0.8972989949748744
wheat_stripe_rust_Bing_0142.jpg,3050,2407,118,59961,0.7072463768115942
wheat_stripe_rust_Bing_0159.jpg,19392,4011,926,41207,0.8870794355115391
wheat_stripe_rust_Bing_0160.jpg,10638,764,941,53193,0.9258082764022453
wheat_stripe_rust_Bing_0173.jpg,5293,668,495,59080,0.9010128521576304
wheat_stripe_rust_Bing_0177.jpg,36685,158,8104,20589,0.8987896903175225
wheat_stripe_rust_Bing_0178.jpg,1464,707,71,63294,0.7900701565029682
wheat_stripe_rust_Bing_0181.jpg,13832,539,1642,49523,0.9269224325682693
wheat_stripe_rust_Bing_0209.jpg,4243,1857,5666,53770,0.5300768317821225
wheat_stripe_rust_Bing_0224.jpg,6358,1892,648,56638,0.8335081279496591
wheat_stripe_rust_Bing_0225.jpg,2109,1005,60,62362,0.7984099943214082
wheat_stripe_rust_Bing_0228.jpg,14444,1344,1627,48121,0.9067453466838256
wheat_stripe_rust_Bing_0233.jpg,7345,906,7219,50066,0.6438746438746439
wheat_stripe_rust_Bing_0241.jpg,8737,935,10,55854,0.9486942830772572
wheat_stripe_rust_Bing_0252.jpg,17308,4588,140,43500,0.8798291988613257
wheat_stripe_rust_Bing_0257.jpg,9545,3627,279,52085,0.8301443729344233
wheat_stripe_rust_Bing_0287.jpg,4643,191,449,60253,0.9355228692323192
wheat_stripe_rust_Google_0029.jpg,11813,3308,532,49883,0.8601907813296439
wheat_stripe_rust_Google_0045.jpg,16411,343,876,47906,0.9641902411797538
wheat_stripe_rust_Google_0064.jpg,13888,927,2090,48631,0.9020231870879746
wheat_stripe_rust_Google_0115.jpg,11546,1503,76,52411,0.935997730128491
wheat_stripe_rust_Google_0148.jpg,1967,316,405,62848,0.8451127819548873
wheat_stripe_rust_Google_0223.jpg,7651,715,40,57130,0.9529800087189387
wheat_stripe_rust_Google_0229.jpg,4954,1173,86,59323,0.8872570968030805
wheat_stripe_rust_Google_0322.jpg,14708,7584,1795,41449,0.7582420415001934
wheat_stripe_rust_Google_0334.jpg,3760,1447,85,60244,0.830755634114008
wheat_stripe_rust_Google_0341.jpg,14976,15766,121,34673,0.6534173956674447
zucchini_bacterial_wilt_Bing_0003.jpg,4139,351,15924,45122,0.33714820999470535
zucchini_bacterial_wilt_Bing_0010.jpg,4681,160,18448,42247,0.33471576689309973
zucchini_bacterial_wilt_Bing_0012.jpg,7109,3693,23167,31567,0.34612201178246266
zucchini_bacterial_wilt_Bing_0015.jpg,2185,281,6081,56989,0.4071934401789042
zucchini_bacterial_wilt_Bing_0019.jpg,24695,4719,4118,32004,0.8482319198997029
zucchini_bacterial_wilt_Bing_0026.jpg,2809,462,12686,49579,0.29937120323990196
zucchini_bacterial_wilt_Bing_0105.jpg,6938,6811,6154,45633,0.5169703066204687
zucchini_bacterial_wilt_Bing_0140.jpg,10382,3228,8360,43566,0.6418150346191889
zucchini_bacterial_wilt_Bing_0170.jpg,17712,11024,6320,30480,0.6713159490600363
zucchini_bacterial_wilt_Bing_0188.jpg,924,0,12333,52279,0.13031521049291306
zucchini_bacterial_wilt_Bing_0260.jpg,5004,1108,12490,46934,0.4239600101669067
zucchini_bacterial_wilt_Google_0024.jpg,1695,0,31520,32321,0.09710684617588083
zucchini_bacterial_wilt_Google_0057.jpg,921,1622,3773,59220,0.2545253558104187
zucchini_bacterial_wilt_Google_0060.jpg,3245,607,6413,55271,0.48038490007401924
zucchini_bacterial_wilt_Google_0277.jpg,17310,1037,3626,43563,0.881297253264771
zucchini_downy_mildew_Bing_0025.jpg,29852,19137,1430,15117,0.7437804437468077
zucchini_downy_mildew_Bing_0035.jpg,4880,5104,541,55011,0.6335605322947095
zucchini_downy_mildew_Bing_0047.jpg,4598,25822,11,35105,0.2625253361500471
zucchini_downy_mildew_Bing_0084.jpg,20187,14293,194,30862,0.7359326297369716
zucchini_downy_mildew_Bing_0159.jpg,14447,43223,588,7278,0.397414208101231
zucchini_downy_mildew_Bing_0169.jpg,2837,1576,1581,59542,0.6425093420903635
zucchini_downy_mildew_Bing_0214.jpg,6874,9998,1041,47623,0.5546455803445355
zucchini_downy_mildew_Bing_0234.jpg,2646,54663,0,8227,0.08826619964973731
zucchini_downy_mildew_Bing_0259.jpg,18238,1445,4634,41219,0.8571495711432264
zucchini_powdery_mildew_Bing_0002.jpg,23114,3845,1814,36763,0.8909360726193459
zucchini_powdery_mildew_Bing_0003.jpg,40597,576,4929,19434,0.9365044579522255
zucchini_powdery_mildew_Bing_0004.jpg,43473,7646,425,13992,0.915057305534799
zucchini_powdery_mildew_Bing_0009.jpg,12397,6685,214,46240,0.7823178619884517
zucchini_powdery_mildew_Bing_0010.jpg,3443,24088,24,37981,0.22214336408800567
zucchini_powdery_mildew_Bing_0020.jpg,13941,4068,3369,44158,0.7894334494181602
zucchini_powdery_mildew_Bing_0029.jpg,44838,1608,730,18360,0.9745908231356099
zucchini_powdery_mildew_Bing_0046.jpg,4840,30370,259,30067,0.24014488079585206
zucchini_powdery_mildew_Bing_0047.jpg,27114,6796,2462,29164,0.8541725734807674
zucchini_powdery_mildew_Bing_0052.jpg,59173,2603,83,3677,0.9778075219776589
zucchini_powdery_mildew_Bing_0054.jpg,47837,3195,1540,12964,0.952842872650858
zucchini_powdery_mildew_Bing_0068.jpg,5688,593,623,58632,0.9034307496823379
zucchini_powdery_mildew_Bing_0100.jpg,21887,13841,49,29759,0.7591218091009989
zucchini_powdery_mildew_Bing_0109.jpg,2318,1530,132,61556,0.7361067005398539
zucchini_powdery_mildew_Bing_0110.jpg,11520,8108,30,45878,0.7389826159471422
zucchini_powdery_mildew_Bing_0124.jpg,26870,7100,305,31261,0.8788944312699322
zucchini_powdery_mildew_Bing_0155.jpg,8915,7913,8951,39757,0.5139217155704157
zucchini_powdery_mildew_Bing_0170.jpg,11383,5016,7931,41206,0.6374709489541623
zucchini_powdery_mildew_Bing_0194.jpg,0,147,6619,58770,0.0
zucchini_powdery_mildew_Bing_0195.jpg,955,9194,3011,52376,0.13531703861140632
zucchini_powdery_mildew_Bing_0218.jpg,10361,1600,1327,52248,0.8762315531312106
zucchini_powdery_mildew_Bing_0224.jpg,16440,1635,4494,42967,0.8428824117511343
zucchini_powdery_mildew_Bing_0233.jpg,24470,2760,7448,30858,0.8274159734902279
zucchini_powdery_mildew_Bing_0239.jpg,25069,2995,3806,33666,0.8805563849031419
zucchini_powdery_mildew_Bing_0248.jpg,76,1,20578,44881,0.007332014856977474
zucchini_powdery_mildew_Bing_0251.jpg,25819,4580,3585,31552,0.8634683878735181
zucchini_powdery_mildew_Bing_0267.jpg,11944,18765,2,34825,0.5600281326925332
zucchini_powdery_mildew_Bing_0289.jpg,27363,10780,3021,24372,0.7986049294438688
zucchini_powdery_mildew_Bing_0308.jpg,26058,5493,568,33417,0.8958179349227358
zucchini_powdery_mildew_Bing_0312.jpg,9041,7825,2504,46166,0.6364436309879976
zucchini_powdery_mildew_Bing_0336.jpg,59910,1493,284,3849,0.9853861526188968
zucchini_powdery_mildew_Bing_0337.jpg,35438,9318,115,20665,0.882541184674196
zucchini_powdery_mildew_Bing_0347.jpg,26120,5431,660,33325,0.8955786802900687
zucchini_powdery_mildew_Google_0045.jpg,7001,237,6287,52011,0.6821592127058365
zucchini_powdery_mildew_Google_0118.jpg,12677,16371,238,36250,0.6041989371589257
zucchini_powdery_mildew_Google_0157.jpg,33565,4433,2073,25465,0.9116464772665545
zucchini_powdery_mildew_Google_0186.jpg,27185,8377,59,29915,0.8656816227748941
zucchini_powdery_mildew_Google_0281.jpg,16608,7258,177,41493,0.8171016703156134
zucchini_powdery_mildew_Google_0282.jpg,20708,7102,1610,36116,0.8262049154165336
zucchini_powdery_mildew_Google_0314.jpg,23479,7424,1568,33065,0.8392850759606791
zucchini_powdery_mildew_Google_0327.jpg,14548,11195,485,39308,0.7135569943103787
zucchini_powdery_mildew_Google_0389.jpg,1616,31208,57,32655,0.09368930631649129
zucchini_powdery_mildew_Google_0394.jpg,22781,774,938,41043,0.9637855903879511
zucchini_yellow_mosaic_virus_11.jpg,0,1553,0,63983,0.0
zucchini_yellow_mosaic_virus_164.jpg,21376,143,33294,10723,0.5611308719106433
zucchini_yellow_mosaic_virus_179.jpg,25821,563,9268,29884,0.8400761309843345
zucchini_yellow_mosaic_virus_236.jpg,0,507,8051,56978,0.0
zucchini_yellow_mosaic_virus_66.jpg,0,0,45309,20227,0.0
zucchini_yellow_mosaic_virus_67.jpg,93,624,9284,55535,0.01842678819100456
zucchini_yellow_mosaic_virus_9.jpg,0,3749,0,61787,0.0
zucchini_yellow_mosaic_virus_google_0028.jpg,25850,109,5172,34405,0.9073199838542673
zucchini_yellow_mosaic_virus_google_0033.jpg,43377,1197,1041,19921,0.9748516720604099
zucchini_yellow_mosaic_virus_google_0038.jpg,33484,2113,7804,22135,0.8710151525004878
zucchini_yellow_mosaic_virus_google_0042.jpg,30132,1035,8702,25667,0.8609019871144697
zucchini_yellow_mosaic_virus_google_0053.jpg,0,281,6341,58914,0.0
zucchini_yellow_mosaic_virus_google_0067.jpg,5936,439,9820,49341,0.5364420947991505
zucchini_yellow_mosaic_virus_google_0088.jpg,43134,1932,337,20133,0.9743722963280889
zucchini_yellow_mosaic_virus_google_0123.jpg,10978,3202,3272,48084,0.7722827998593036
zucchini_yellow_mosaic_virus_google_0147.jpg,24176,772,2943,37645,0.9286496245222502
zucchini_yellow_mosaic_virus_google_0200.jpg,23656,3839,4911,33130,0.8439227997574115
zucchini_yellow_mosaic_virus_google_0235.jpg,37200,119,19041,9176,0.7952116289012399
zucchini_yellow_mosaic_virus_google_0239.jpg,11430,470,1241,52395,0.9303650645069391
