image,tp,fp,fn,tn,dice
apple_black_rot_143.jpg,15317,2417,38,47764,0.9258061591465442
apple_black_rot_144.jpg,12866,239,1170,51261,0.9480859216683247
apple_black_rot_149.jpg,32010,4086,353,29087,0.9351582699133788
apple_black_rot_167.jpg,7295,389,7004,50848,0.6636946731565301
apple_black_rot_175.jpg,4966,297,343,59930,0.93946273174423
apple_black_rot_18.jpg,2253,141,4853,58289,0.4743157894736842
apple_black_rot_7.jpg,2150,11,577,62798,0.8797054009819967
apple_black_rot_google_0001.jpg,4,6840,0,58692,0.0011682242990654205
apple_black_rot_google_0008.jpg,3265,133,215,61923,0.9494038964815353
apple_black_rot_google_0037.jpg,4119,606,1196,59615,0.8205179282868525
apple_black_rot_google_0052.jpg,358,5810,222,59146,0.10610551274451689
apple_black_rot_google_0058.jpg,2717,462,235,62122,0.8863154460936226
apple_black_rot_google_0077.jpg,472,38,5855,59171,0.13807225391253475
apple_black_rot_google_0097.jpg,307,455,1383,63391,0.25040783034257746
apple_black_rot_google_0113.jpg,3292,1078,4690,56476,0.5330310880829016
apple_black_rot_google_0156.jpg,4108,2272,1620,57536,0.6785596299966964
apple_black_rot_google_0160.jpg,5756,180,48897,10703,0.1900014854181452
apple_mosaic_virus_100.jpg,16790,5152,309,43285,0.8601214108245178
apple_mosaic_virus_16.jpg,16505,3784,1167,44080,0.8695766707937094
apple_mosaic_virus_18.jpg,7748,2934,2037,52817,0.7571212195241119
apple_mosaic_virus_23.jpg,5672,4043,462,55359,0.7157549372200139
apple_mosaic_virus_31.jpg,16881,1136,2504,45015,0.9026790011229346
apple_mosaic_virus_34.jpg,6459,4129,1021,53927,0.7149656851892849
apple_mosaic_virus_36.jpg,10881,1787,3883,48985,0.7933070866141733
apple_mosaic_virus_41.jpg,21636,778,4599,38523,0.8894735760241732
apple_mosaic_virus_43.jpg,15346,1176,604,48410,0.9451835427445183
apple_mosaic_virus_5.jpg,5676,3207,3121,53532,0.642081447963801
apple_mosaic_virus_51.jpg,36358,1094,209,27875,0.9823964117321229
apple_mosaic_virus_57.jpg,152,521,106,64757,0.32653061224489793
apple_mosaic_virus_google_0006.jpg,26427,326,4223,34560,0.920753270734979
apple_mosaic_virus_google_0014.jpg,7815,2934,1568,53219,0.7763759189350288
apple_mosaic_virus_google_0029.jpg,24791,2865,666,37214,0.9335191007851186
apple_mosaic_virus_google_0074.jpg,11154,870,1397,52115,0.9077517802644964
apple_mosaic_virus_google_0084.jpg,730,3236,4094,57476,0.16609783845278725
apple_mosaic_virus_google_0091.jpg,14819,126,5840,44751,0.832434557914841
apple_rust_147.jpg,663,194,122,64557,0.807551766138855
apple_rust_152.jpg,1035,657,5949,57895,0.23858921161825727
apple_rust_177.jpg,1946,1063,129,62398,0.7655389457120377
apple_rust_2.jpg,6932,378,11507,46719,0.538428676841819
apple_rust_33.jpg,5617,2301,244,57374,0.8152986428623268
apple_rust_4.jpg,24793,89,10991,29663,0.8173606303365971
apple_rust_45.jpg,2278,1805,2449,59004,0.5171396140749148
apple_rust_48.jpg,491,136,47,64862,0.8429184549356223
apple_rust_49.jpg,2028,164,423,62921,0.8735731208270515
apple_rust_54.jpg,3095,4139,583,57719,0.5672653958944281
apple_rust_6.jpg,34942,1508,4233,24853,0.9240859504132232
apple_rust_71.jpg,415,2870,150,62101,0.21558441558441557
apple_rust_74.jpg,2028,28,450,63030,0.8945743273048081
apple_rust_95.jpg,5016,1231,219,59070,0.8737153805957151
apple_rust_96.jpg,2416,27,4446,58647,0.5192907039226222
apple_rust_google_0007.jpg,11592,1779,627,51538,0.905978898007034
apple_rust_google_0011.jpg,155,10,14,65357,0.9281437125748503
apple_rust_google_0019.jpg,11070,1479,229,52758,0.9283797383428379
apple_rust_google_0035.jpg,25266,705,9746,29819,0.8286243707262679
apple_rust_google_0037.jpg,7331,1506,3637,53062,0.7403181014895228
apple_rust_google_0041.jpg,2259,149,38,63090,0.9602550478214665
apple_rust_google_0049.jpg,1169,1382,961,62024,0.49946592608417006
apple_rust_google_0058.jpg,1592,158,1811,61975,0.6178924898117601
apple_rust_google_0088.jpg,481,370,750,63935,0.4620557156580211
apple_rust_google_0147.jpg,5444,3815,474,55803,0.7174013309613231
apple_rust_google_0197.jpg,3003,1686,598,60249,0.7244873341375151
apple_rust_google_0201.jpg,12343,927,151,52115,0.9581586710138177
apple_rust_google_0215.jpg,6051,872,570,58043,0.8935321913762552
apple_scab_14.jpg,200,3279,114,61943,0.10545742156604271
apple_scab_18.jpg,413,807,614,63702,0.367601246105919
apple_scab_2.jpg,5197,6139,6216,47984,0.45689920436063125
apple_scab_23.jpg,11212,2737,5215,46372,0.7382143797735053
apple_scab_25.jpg,15109,721,1524,48182,0.9308443458706835
apple_scab_26.jpg,400,1323,1768,62045,0.20560267283474684
apple_scab_32.jpg,4643,18,3973,56902,0.6994049860661294
apple_scab_43.jpg,65,135,16,65320,0.4626334519572954
apple_scab_50.jpg,829,97,419,64191,0.7626494940202392
apple_scab_51.jpg,312,1078,655,63491,0.26474331777683496
apple_scab_66.jpg,1872,150,417,63097,0.8684759916492694
apple_scab_67.jpg,435,2949,87,62065,0.2227342549923195
apple_scab_77.jpg,3553,1379,267,60337,0.8119287020109689
apple_scab_8.jpg,1100,3048,269,61119,0.3987674460757658
apple_scab_85.jpg,221,115,27,65173,0.7568493150684932
apple_scab_google_0000.jpg,1294,365,660,63217,0.7163022419042347
apple_scab_google_0018.jpg,650,621,1166,63099,0.4211208292840946
apple_scab_google_0020.jpg,2777,1718,607,60434,0.7049117908364005
apple_scab_google_0023.jpg,3086,761,730,60959,0.8054286832833094
apple_scab_google_0031.jpg,4603,1067,2567,57299,0.7169781931464174
apple_scab_google_0036.jpg,8603,2827,200,53906,0.8503929224534177
apple_scab_google_0037.jpg,12627,1300,515,51094,0.9329491300011082
apple_scab_google_0045.jpg,3791,548,2669,58528,0.7021020464857857
apple_scab_google_0065.jpg,694,1910,2350,60582,0.24575070821529746
apple_scab_google_0093.jpg,1990,1534,334,61678,0.6805745554035568
apple_scab_google_0106.jpg,1898,1293,493,61852,0.6800429953421713
apple_scab_google_0107.jpg,3987,4168,1711,55670,0.5756153901681946
apple_scab_google_0119.jpg,1139,1380,275,62742,0.5792016272565471
apple_scab_google_0121.jpg,54,1116,35,64331,0.0857823669579031
apple_scab_google_0124.jpg,296,2677,33,62530,0.17928528164748636
apple_scab_google_0130.jpg,1761,2795,2085,58895,0.419185908117115
apple_scab_google_0132.jpg,556,7544,0,57436,0.12846580406654343
apple_scab_google_0153.jpg,432,1656,11,63437,0.3413670485973923
apple_scab_google_0200.jpg,3257,840,2178,59261,0.6833822912295426
apple_scab_google_0203.jpg,9202,2121,149,54064,0.8902002515236529
apple_scab_google_0230.jpg,12264,1075,816,51381,0.9284227260683598
apple_scab_google_0238.jpg,8850,7663,224,48799,0.6917575331222887
apple_scab_google_0244.jpg,9037,3365,777,52357,0.8135577961829312
apple_scab_google_0245.jpg,18144,2369,8113,36910,0.7758819756254008
apple_scab_google_0247.jpg,1999,1937,55,61545,0.6674457429048414
apple_scab_google_0256.jpg,5658,6058,314,53506,0.6397557666214383
apple_scab_google_0268.jpg,143,1905,48,63440,0.12773559624832515
apple_scab_google_0270.jpg,9154,1325,169,54888,0.9245530754469246
apple_scab_google_0273.jpg,1434,1053,85,62964,0.7159261108337494
apple_scab_google_0283.jpg,2069,1784,51,61632,0.6927841955466265
apple_scab_google_0284.jpg,5,199,64,65268,0.03663003663003663
apple_scab_google_0288.jpg,13,14,3175,62334,0.008087091757387248
apple_scab_google_0297.jpg,883,897,197,63559,0.6174825174825175
apple_scab_google_0300.jpg,3268,3026,755,58487,0.6335174953959485
apple_scab_google_0305.jpg,2516,1246,265,61509,0.7690661775943757
apple_scab_google_0320.jpg,2577,1814,3289,57856,0.5024861070488447
apple_scab_google_0323.jpg,5334,1596,1227,57379,0.7907493884812097
banana_anthracnose_Baidu_0008.jpg,25055,8093,1693,30695,0.8366168024575932
banana_anthracnose_Baidu_0059.jpg,17534,4751,9855,33396,0.7059628779643274
banana_anthracnose_Bing_0004.jpg,465,116,3109,61846,0.22382671480144403
banana_anthracnose_Bing_0005.jpg,6234,171,9154,49977,0.5721103106502088
banana_anthracnose_Bing_0006.jpg,29250,3590,553,32143,0.9338633207221876
banana_anthracnose_Bing_0007.jpg,2151,46,792,62547,0.8369649805447471
banana_anthracnose_Bing_0022.jpg,1341,650,558,62987,0.6894601542416452
banana_anthracnose_Bing_0025.jpg,6343,2287,1280,55626,0.7805328247092844
banana_anthracnose_Bing_0032.jpg,9099,1418,2176,52843,0.8350770925110133
banana_anthracnose_Bing_0191.jpg,5322,2337,713,57164,0.777274718854973
banana_anthracnose_Bing_0213.jpg,3310,2146,1838,58242,0.6242927197284044
banana_anthracnose_Google_0035.jpg,7468,4010,5311,48747,0.6157397864533949
banana_anthracnose_Google_0206.jpg,23578,17678,904,23376,0.7173324409017615
banana_anthracnose_Google_0227.jpg,7556,7920,7294,42766,0.4983182747477412
banana_black_leaf_streak_Baidu_0006.jpg,27112,2884,613,34927,0.9394154640425495
banana_black_leaf_streak_Baidu_0026.jpg,41529,369,5100,18538,0.9382222372835406
banana_black_leaf_streak_Baidu_0037.jpg,45234,6270,381,13651,0.9315170049115004
banana_black_leaf_streak_Baidu_0038.jpg,28966,7539,4127,24904,0.8323802408115176
banana_black_leaf_streak_Baidu_0056.jpg,27608,6090,798,31040,0.8890892696122633
banana_black_leaf_streak_Baidu_0075.jpg,4126,537,4022,56851,0.6441339473889626
banana_black_leaf_streak_Bing_0010.jpg,60062,1467,579,3428,0.9832528443971515
banana_black_leaf_streak_Bing_0013.jpg,9038,4257,288,51953,0.7990805004199637
banana_black_leaf_streak_Bing_0015.jpg,14070,2220,1811,47435,0.8747008175064499
banana_black_leaf_streak_Bing_0017.jpg,22221,1719,2820,38776,0.9073314142218412
banana_black_leaf_streak_Bing_0031.jpg,11356,2594,5052,46534,0.748138876078793
banana_black_leaf_streak_Bing_0094.jpg,45997,957,259,18323,0.9869541894646497
banana_black_leaf_streak_Bing_0124.jpg,15146,6023,13887,30480,0.6034022548902435
banana_black_leaf_streak_Bing_0251.jpg,24394,795,4656,35691,0.8995003595199027
banana_black_leaf_streak_Bing_0358.jpg,57528,753,57,7198,0.9930091657604474
banana_black_leaf_streak_banana black sigatoka (100).jpg,15391,563,21527,28055,0.5821985171735512
banana_black_leaf_streak_banana black sigatoka (103).jpg,45864,729,9970,8973,0.8955451199390786
banana_black_leaf_streak_banana black sigatoka (12).jpg,13127,5759,487,46163,0.8078153846153846
banana_black_leaf_streak_banana black sigatoka (2).jpg,28242,1148,4232,31914,0.913035044613992
banana_black_leaf_streak_banana black sigatoka (21).jpg,7184,2613,3314,52425,0.7079576250307957
banana_black_leaf_streak_banana black sigatoka (22).jpg,32106,88,23445,9897,0.7318023819021027
banana_black_leaf_streak_banana black sigatoka (26).jpg,15066,1703,6100,42667,0.7943060498220641
banana_black_leaf_streak_banana black sigatoka (28).jpg,13976,2314,1872,47374,0.869749206546767
banana_black_leaf_streak_banana black sigatoka (36).jpg,10598,1231,5306,48401,0.7642880323080806
banana_black_leaf_streak_banana black sigatoka (42).jpg,50688,1224,819,12805,0.9802454094508746
banana_black_leaf_streak_banana black sigatoka (48).jpg,21638,1174,1197,41527,0.9480579227550551
banana_black_leaf_streak_banana black sigatoka (5).jpg,40100,751,3210,21475,0.952935445158684
banana_black_leaf_streak_banana black sigatoka (56).jpg,34249,6177,376,24734,0.9126860401593583
banana_black_leaf_streak_banana black sigatoka (58).jpg,3535,631,1896,59474,0.7366885485047411
banana_black_leaf_streak_banana black sigatoka (77).jpg,59488,353,1179,4516,0.9872871510605105
banana_black_leaf_streak_banana black sigatoka (81).jpg,15263,4603,7761,37909,0.7117276754488225
banana_black_leaf_streak_banana black sigatoka (82).jpg,37142,492,2390,25512,0.9626519451571935
banana_black_leaf_streak_banana black sigatoka (91).jpg,41249,2156,177,21954,0.9724982612488359
banana_bunchy_top_Baidu_0000.jpg,1340,1170,1503,61523,0.5006538389688026
banana_bunchy_top_Baidu_0014.jpg,0,146,7207,58183,0.0
banana_bunchy_top_Baidu_0017.jpg,1932,348,7096,56160,0.3417049876193845
banana_bunchy_top_Baidu_0019.jpg,2192,9505,947,52892,0.29549743866271233
banana_bunchy_top_Baidu_0034.jpg,1262,768,1608,61898,0.5151020408163265
banana_bunchy_top_Baidu_0047.jpg,1136,610,447,63343,0.6824872334034244
banana_bunchy_top_Baidu_0056.jpg,1430,24,4409,59673,0.39215686274509803
banana_bunchy_top_Baidu_0064.jpg,2191,6195,343,56807,0.4012820512820513
banana_bunchy_top_Baidu_0084.jpg,558,1011,1644,62323,0.29594272076372313
banana_bunchy_top_Baidu_0140.jpg,139,104,1376,63917,0.15813424345847554
banana_bunchy_top_Bing_0020.jpg,3,153,728,64652,0.006764374295377677
banana_bunchy_top_Bing_0035.jpg,0,130,674,64732,0.0
banana_bunchy_top_Bing_0098.jpg,287,135,1967,63147,0.21449925261584454
banana_bunchy_top_Bing_0100.jpg,479,615,197,64245,0.5412429378531074
banana_bunchy_top_Bing_0105.jpg,165,128,1350,63893,0.18252212389380532
banana_bunchy_top_Bing_0136.jpg,106,45,4712,60673,0.04266452002414973
banana_bunchy_top_Bing_0140.jpg,3203,1491,1185,59657,0.7053512442193349
banana_bunchy_top_Bing_0152.jpg,4080,5025,1686,54745,0.5487189832560017
banana_bunchy_top_Bing_0165.jpg,77,79,1680,63700,0.08050182958703607
banana_bunchy_top_Bing_0173.jpg,784,360,3839,60553,0.27189179816195597
banana_bunchy_top_Bing_0256.jpg,2447,867,7651,54571,0.36489710706829703
banana_bunchy_top_Bing_0260.jpg,0,174,4684,60678,0.0
banana_bunchy_top_Bing_0262.jpg,731,3709,2054,59042,0.2023529411764706
banana_bunchy_top_Bing_0291.jpg,363,551,1686,62936,0.24502193722578466
banana_bunchy_top_Bing_0306.jpg,296,870,11886,52484,0.04435121366496853
banana_bunchy_top_Bing_0333.jpg,3490,320,6882,54844,0.49217317726695814
banana_bunchy_top_Bing_0334.jpg,8936,1769,3426,51405,0.7747864915246889
banana_bunchy_top_Google_0037.jpg,1624,111,3021,60780,0.509090909090909
banana_bunchy_top_Google_0050.jpg,4988,152,23077,37319,0.30043668122270745
banana_bunchy_top_Google_0096.jpg,1716,10,13258,50552,0.20550898203592816
banana_bunchy_top_Google_0104.jpg,4964,712,4697,55163,0.6473234661276651
banana_cigar_end_rot_Bing_0002.jpg,11862,2009,480,51185,0.905047114027391
banana_cigar_end_rot_Bing_0007.jpg,7501,462,868,56705,0.9185647807984325
banana_cigar_end_rot_Bing_0014.jpg,3835,307,4792,56602,0.6006735061477014
banana_cigar_end_rot_Bing_0022.jpg,2382,658,17,62479,0.875896304467733
banana_cigar_end_rot_Bing_0024.jpg,6293,1737,10,57496,0.8781134444987093
banana_cigar_end_rot_Bing_0025.jpg,891,108,1700,62837,0.4963788300835655
banana_cigar_end_rot_Bing_0072.jpg,4852,1611,5493,53580,0.5773441218467397
banana_cigar_end_rot_Bing_0260.jpg,232,764,955,63585,0.21255153458543288
banana_cigar_end_rot_Google_0101.jpg,2144,1509,3084,58799,0.4828285103028938
banana_cigar_end_rot_Google_0131.jpg,8825,2364,2678,51669,0.7778071567072096
banana_cigar_end_rot_Google_0201.jpg,194,6920,2431,55991,0.03983981928329397
banana_cigar_end_rot_Google_0306.jpg,1329,1785,714,61708,0.5154159394997091
banana_cordana_leaf_spot_Baidu_0064.jpg,6124,919,430,58063,0.9007869382952122
banana_cordana_leaf_spot_Baidu_0114.jpg,15412,338,1258,48528,0.9507711289327575
banana_cordana_leaf_spot_Bing_0007.jpg,10719,1169,407,53241,0.9315199443816807
banana_cordana_leaf_spot_Bing_0011.jpg,9595,83,805,55053,0.9557724872995318
banana_cordana_leaf_spot_Bing_0012.jpg,5309,833,505,58889,0.8880896620943459
banana_cordana_leaf_spot_Bing_0021.jpg,4734,558,3329,56915,0.7089479595657058
banana_cordana_leaf_spot_Bing_0024.jpg,8097,333,591,56515,0.9460217315106905
banana_cordana_leaf_spot_Bing_0026.jpg,11064,797,865,52810,0.9301387137452711
banana_cordana_leaf_spot_Bing_0037.jpg,23393,5189,1644,35310,0.8725638299856394
banana_cordana_leaf_spot_Bing_0093.jpg,25029,1182,9882,29443,0.8189849808579562
banana_cordana_leaf_spot_Bing_0147.jpg,2103,327,134,62972,0.901221341332762
banana_panama_disease_116.jpg,6653,4087,2412,52384,0.6718505427922242
banana_panama_disease_121.jpg,17634,2486,4184,41232,0.8409556965043636
banana_panama_disease_126.jpg,1185,940,2316,61095,0.4212584429434767
banana_panama_disease_14.jpg,5169,1984,811,57572,0.7871773395263839
banana_panama_disease_15.jpg,2291,195,3377,59673,0.5619327937208732
banana_panama_disease_42.jpg,930,296,1813,62497,0.46863189720332576
banana_panama_disease_6.jpg,1928,333,1784,61491,0.6455717394943914
banana_panama_disease_google_0003.jpg,3120,598,3709,58109,0.5916374324452451
banana_panama_disease_google_0011.jpg,32687,3536,69,29244,0.9477377172762725
banana_panama_disease_google_0014.jpg,34877,484,16866,13309,0.8008128214548126
banana_panama_disease_google_0064.jpg,22608,2079,2373,38476,0.9103648224208746
banana_panama_disease_google_0083.jpg,1651,549,841,62495,0.7037510656436488
banana_panama_disease_google_0116.jpg,33820,1992,53,29671,0.9706536557365286
basil_downy_mildew_google_0003.jpg,4654,2097,4278,54507,0.5935088949818275
basil_downy_mildew_google_0031.jpg,18492,9276,14,37754,0.7992393136534555
basil_downy_mildew_google_0046.jpg,18509,2002,287,44738,0.9417660976416414
basil_downy_mildew_google_0049.jpg,5335,1148,3950,55103,0.6766869609335363
basil_downy_mildew_google_0050.jpg,5595,2277,3154,54510,0.673244690451838
basil_downy_mildew_google_0067.jpg,11876,1208,923,51529,0.9176679673917243
basil_downy_mildew_google_0068.jpg,1876,2476,3159,58025,0.39970171513795677
basil_downy_mildew_google_0073.jpg,10321,6886,41,48288,0.7487395262795169
basil_downy_mildew_google_0079.jpg,12491,1999,2050,48996,0.8605284006751404
basil_downy_mildew_google_0083.jpg,775,8143,0,56618,0.15990921283400392
basil_downy_mildew_google_0084.jpg,9133,1565,475,54363,0.8995370826356742
basil_downy_mildew_google_0091.jpg,7493,2626,1625,53792,0.7790195976503613
basil_downy_mildew_google_0167.jpg,5378,3857,1069,55232,0.685881902818518
bean_halo_blight_11.jpg,5486,1063,4179,54808,0.6766991488836808
bean_halo_blight_2.jpg,13049,971,4421,47095,0.8287710384248967
bean_halo_blight_7.jpg,9435,663,6150,49288,0.734727251489312
bean_halo_blight_google_0075.jpg,5792,1397,482,57865,0.860432295922157
bean_halo_blight_google_0093.jpg,256,634,598,64048,0.29357798165137616
bean_halo_blight_google_0113.jpg,2296,301,6215,56724,0.41339575081022684
bean_halo_blight_google_0118.jpg,10603,4457,1997,48479,0.7666666666666667
bean_halo_blight_google_0120.jpg,8471,16490,1002,39573,0.4920137073822385
bean_halo_blight_google_0136.jpg,1512,1224,3395,59405,0.39565615595970166
bean_halo_blight_google_0189.jpg,1217,6340,988,56991,0.2493341528375333
bean_halo_blight_google_0212.jpg,1029,158,2602,61747,0.42714819427148193
bean_mosaic_virus_188.jpg,7627,8,9770,48131,0.6093799936081815
bean_mosaic_virus_24.jpg,5794,976,1328,57438,0.8341491505902677
bean_mosaic_virus_30.jpg,22132,99,1587,41718,0.9633079434167573
bean_mosaic_virus_32.jpg,18647,196,18643,28050,0.6643863680900718
bean_mosaic_virus_5.jpg,3332,18006,658,43540,0.2631080227416298
bean_mosaic_virus_google_0016.jpg,28770,3404,485,32877,0.9366911393641439
bean_mosaic_virus_google_0023.jpg,8056,4829,1246,51405,0.726191012755217
bean_mosaic_virus_google_0025.jpg,9492,1975,1518,52551,0.844596698847711
bean_mosaic_virus_google_0069.jpg,11380,859,20522,32775,0.5156203982691828
bean_mosaic_virus_google_0098.jpg,24056,3709,444,37327,0.9205395580216206
bean_mosaic_virus_google_0113.jpg,21735,157,396,43248,0.9874383844808395
bean_mosaic_virus_google_0139.jpg,9370,1632,1379,53155,0.8615695830076778
bean_rust_16.jpg,41298,464,667,23107,0.9864918126769142
bean_rust_178.jpg,57892,249,1185,6210,0.987766384002457
bean_rust_189.jpg,16865,488,457,47726,0.9727469358327325
bean_rust_19.jpg,15701,2303,10547,36985,0.7096176444002531
bean_rust_3.jpg,42268,328,1481,21459,0.9790491632404887
bean_rust_40.jpg,20241,89,1492,43714,0.9624135225732829
bean_rust_42.jpg,40897,3514,679,20446,0.9512368148673637
bean_rust_8.jpg,8023,60,17797,39656,0.4732914491342949
bean_rust_google_0009.jpg,32505,404,1822,30805,0.9668927360342674
bean_rust_google_0018.jpg,37255,1551,301,26429,0.975747099342605
bean_rust_google_0026.jpg,46130,55,13146,6205,0.87482576497473
bean_rust_google_0031.jpg,15023,4928,977,44608,0.8357486578954688
bean_rust_google_0042.jpg,49863,940,3838,10895,0.9542792620378168
bean_rust_google_0045.jpg,24910,7510,90,33026,0.8676419366074538
bean_rust_google_0051.jpg,35368,698,2322,27148,0.9590541786430934
bean_rust_google_0052.jpg,13064,9352,12,43108,0.7361658965400654
bean_rust_google_0063.jpg,47646,1924,127,15839,0.9789301747429193
bean_rust_google_0068.jpg,54655,104,3570,7207,0.9674821213623168
bean_rust_google_0072.jpg,20144,62,6304,39026,0.8635486774981781
bean_rust_google_0096.jpg,5307,8128,1519,50582,0.5238635802773802
bean_rust_google_0102.jpg,19818,72,38689,6957,0.5055805706851028
bean_rust_google_0103.jpg,17607,7998,2813,37118,0.7651059206952743
bean_rust_google_0130.jpg,19643,5580,343,39970,0.8689862637970316
bell_pepper_bacterial_spot_Bing_0002.jpg,2013,402,942,62179,0.7497206703910615
bell_pepper_bacterial_spot_Bing_0003.jpg,7008,1880,940,55708,0.8325017818959373
bell_pepper_bacterial_spot_Bing_0005.jpg,1034,867,426,63209,0.6152930675394228
bell_pepper_bacterial_spot_Bing_0008.jpg,4292,8917,66,52261,0.4886434792508681
bell_pepper_bacterial_spot_Bing_0019.jpg,1912,460,2125,61039,0.5966609455453269
bell_pepper_bacterial_spot_Bing_0022.jpg,3493,2851,160,59032,0.6988096428928678
bell_pepper_bacterial_spot_Bing_0028.jpg,2867,6527,430,55712,0.4518162477346151
bell_pepper_bacterial_spot_Bing_0036.jpg,1462,14235,5,49834,0.17035656024236775
bell_pepper_bacterial_spot_Bing_0054.jpg,540,635,114,64247,0.590486604702023
bell_pepper_bacterial_spot_Bing_0055.jpg,431,134,149,64822,0.7528384279475983
bell_pepper_bacterial_spot_Bing_0079.jpg,4226,3519,420,57371,0.6821079815995481
bell_pepper_bacterial_spot_Bing_0105.jpg,5146,12616,280,47494,0.44385026737967914
bell_pepper_bacterial_spot_Bing_0111.jpg,133,90,4,65309,0.7388888888888889
bell_pepper_bacterial_spot_Bing_0119.jpg,347,3852,1433,59904,0.1160729218932932
bell_pepper_bacterial_spot_Bing_0164.jpg,824,487,502,63723,0.6249525976488434
bell_pepper_blossom_end_rot_Bing_0002.jpg,3610,4042,42,57842,0.6387119603680114
bell_pepper_blossom_end_rot_Bing_0004.jpg,16732,297,1672,46835,0.9444303333051111
bell_pepper_blossom_end_rot_Bing_0008.jpg,2988,172,140,62236,0.950381679389313
bell_pepper_blossom_end_rot_Bing_0019.jpg,2511,75,84,62866,0.9693109438332368
bell_pepper_blossom_end_rot_Bing_0023.jpg,1927,292,718,62599,0.7923519736842105
bell_pepper_blossom_end_rot_Bing_0039.jpg,5809,626,676,58425,0.8992260061919505
bell_pepper_blossom_end_rot_Bing_0046.jpg,16327,702,102,48405,0.9759698726761911
bell_pepper_blossom_end_rot_Bing_0051.jpg,1618,1044,137,62737,0.7326239529092144
bell_pepper_blossom_end_rot_Bing_0053.jpg,7167,489,76,57804,0.962077991811531
bell_pepper_blossom_end_rot_Bing_0064.jpg,11395,720,61,53360,0.9668660642314709
bell_pepper_blossom_end_rot_Bing_0074.jpg,17219,73,1982,46262,0.9436878305428439
bell_pepper_blossom_end_rot_Bing_0077.jpg,1030,3438,10756,50312,0.1267380337147779
bell_pepper_blossom_end_rot_Bing_0083.jpg,2548,701,139,62148,0.8584905660377359
bell_pepper_blossom_end_rot_Bing_0112.jpg,2521,69,107,62839,0.9662706017631276
bell_pepper_blossom_end_rot_Bing_0195.jpg,803,1471,1098,62164,0.3846706586826347
bell_pepper_blossom_end_rot_Bing_0198.jpg,5033,599,185,59719,0.927741935483871
bell_pepper_blossom_end_rot_Bing_0229.jpg,2312,59,3097,60068,0.5943444730077121
bell_pepper_blossom_end_rot_Google_0044.jpg,2773,1150,150,61463,0.8101080923166812
bell_pepper_blossom_end_rot_Google_0058.jpg,11280,418,1564,52274,0.9192404856979871
bell_pepper_blossom_end_rot_Google_0089.jpg,534,266,755,63981,0.511249401627573
bell_pepper_blossom_end_rot_Google_0247.jpg,1391,284,1059,62802,0.6744242424242424
bell_pepper_blossom_end_rot_Google_0352.jpg,18051,631,1367,45487,0.9475590551181102
bell_pepper_frogeye_leaf_spot_Bing_0002.jpg,648,1432,326,63130,0.4243614931237721
bell_pepper_frogeye_leaf_spot_Bing_0008.jpg,4305,42987,22,18222,0.16679904686258937
bell_pepper_frogeye_leaf_spot_Bing_0085.jpg,589,136,110,64701,0.827247191011236
bell_pepper_frogeye_leaf_spot_Bing_0112.jpg,603,4900,15,60018,0.19702662963568043
bell_pepper_frogeye_leaf_spot_Google_0019.jpg,3395,1568,758,59815,0.7448442299254059
bell_pepper_frogeye_leaf_spot_Google_0049.jpg,1293,402,189,63652,0.8139754485363551
bell_pepper_powdery_mildew_Bing_0001.jpg,7182,189,371,57794,0.9624765478424016
bell_pepper_powdery_mildew_Bing_0010.jpg,36,29,1391,64080,0.04825737265415549
bell_pepper_powdery_mildew_Bing_0035.jpg,6850,17067,79,41540,0.4441418660442197
bell_pepper_powdery_mildew_Bing_0079.jpg,22295,4906,234,38101,0.8966418660768148
bell_pepper_powdery_mildew_Google_0012.jpg,4112,60,24739,36625,0.24903854889016747
bell_pepper_powdery_mildew_Google_0118.jpg,15030,26202,15,24289,0.534143611066688
blueberry_anthracnose_Bing_0004.jpg,4340,14924,7,46265,0.36762525941298546
blueberry_anthracnose_Bing_0005.jpg,20333,8827,1173,35203,0.802628981960289
blueberry_anthracnose_Bing_0006.jpg,5209,3302,265,56760,0.7449410082230962
blueberry_anthracnose_Bing_0011.jpg,10394,12563,492,42087,0.6142481458499542
blueberry_anthracnose_Bing_0067.jpg,30565,377,1407,33187,0.9716438312617224
blueberry_anthracnose_Bing_0128.jpg,1249,8477,89,55721,0.22577729573391178
blueberry_anthracnose_Bing_0141.jpg,22094,295,1581,41566,0.9592740534907954
blueberry_anthracnose_Bing_0145.jpg,25371,1550,10772,27843,0.8046111886337689
blueberry_botrytis_blight_Bing_0015.jpg,1795,421,345,62975,0.8241505968778696
blueberry_botrytis_blight_Bing_0021.jpg,1605,1168,445,62318,0.6655608542400995
blueberry_botrytis_blight_Bing_0033.jpg,1624,8528,1542,53842,0.2438804625319117
blueberry_botrytis_blight_Bing_0058.jpg,712,4966,263,59595,0.21403877949797084
blueberry_botrytis_blight_Bing_0158.jpg,413,1285,101,63737,0.37341772151898733
blueberry_botrytis_blight_Google_0224.jpg,598,87,1198,63653,0.4820636839983877
blueberry_botrytis_blight_Google_0237.jpg,404,155,582,64395,0.5229773462783172
blueberry_mummy_berry_Bing_0006.jpg,4201,84,20862,40389,0.28628867384489576
blueberry_mummy_berry_Bing_0024.jpg,4561,1159,479,59337,0.8477695167286246
blueberry_mummy_berry_Bing_0041.jpg,4514,20969,66,39987,0.30030269766823003
blueberry_mummy_berry_Bing_0174.jpg,14228,285,536,50487,0.9719575093076477
blueberry_mummy_berry_Bing_0210.jpg,1491,4524,0,59521,0.39728217426059154
blueberry_mummy_berry_Bing_0253.jpg,8734,866,895,55041,0.9084195746008633
blueberry_mummy_berry_Google_0038.jpg,29434,194,1849,34059,0.966459260232142
blueberry_mummy_berry_Google_0051.jpg,5024,7717,42,52753,0.564272477115741
blueberry_mummy_berry_Google_0068.jpg,41201,18470,1218,4647,0.8071505534332452
blueberry_rust_6.jpg,847,1385,889,62415,0.4269153225806452
blueberry_rust_google_0004.jpg,10761,4365,2427,47983,0.7601186692095783
blueberry_rust_google_0016.jpg,6509,1038,1114,56875,0.8581410678971655
blueberry_rust_google_0024.jpg,6575,688,1663,56610,0.8483323656538287
blueberry_rust_google_0029.jpg,10408,11165,4301,39662,0.573728019403561
blueberry_rust_google_0031.jpg,1218,165,4247,59906,0.3557242990654206
blueberry_rust_google_0044.jpg,6780,1404,1077,56275,0.8453338320553582
blueberry_rust_google_0053.jpg,2762,80,5856,56838,0.48202443280977314
blueberry_rust_google_0075.jpg,3057,566,1412,60501,0.7555610479485912
blueberry_scorch_Bing_0011.jpg,12123,641,202,52570,0.9663996173621906
blueberry_scorch_Bing_0031.jpg,4236,506,3189,57605,0.6963096901454755
blueberry_scorch_Bing_0039.jpg,535,164,1578,63259,0.38051209103840683
blueberry_scorch_Bing_0040.jpg,4756,3688,447,56645,0.6970030043232945
blueberry_scorch_Bing_0050.jpg,5258,313,2759,57206,0.7739181630850751
blueberry_scorch_Bing_0062.jpg,2304,233,7561,55438,0.37155297532656023
blueberry_scorch_Bing_0213.jpg,5039,1276,1635,57586,0.7758872892447456
blueberry_scorch_Bing_0221.jpg,155,1568,2261,61552,0.0748973181928002
blueberry_scorch_Google_0108.jpg,551,956,3947,60082,0.18351373855120734
broccoli_alternaria_leaf_spot_Bing_0000.jpg,2686,1980,882,59988,0.6524168083555988
broccoli_alternaria_leaf_spot_Bing_0019.jpg,183,3,11742,53608,0.03022046073817191
broccoli_alternaria_leaf_spot_Bing_0021.jpg,0,9792,0,55744,0.0
broccoli_alternaria_leaf_spot_Bing_0023.jpg,0,9397,0,56139,0.0
broccoli_alternaria_leaf_spot_Bing_0045.jpg,0,9874,0,55662,0.0
broccoli_alternaria_leaf_spot_Bing_0048.jpg,7542,825,25,57144,0.9466549516756622
broccoli_alternaria_leaf_spot_Bing_0054.jpg,0,42998,0,22538,0.0
broccoli_alternaria_leaf_spot_Bing_0059.jpg,1221,1647,81,62587,0.5856115107913669
broccoli_alternaria_leaf_spot_Bing_0060.jpg,8822,2032,652,54030,0.8679653679653679
broccoli_alternaria_leaf_spot_Bing_0119.jpg,558,1694,0,63284,0.39715302491103205
broccoli_alternaria_leaf_spot_Google_0005.jpg,7809,19469,31,38227,0.4447291987015206
broccoli_alternaria_leaf_spot_Google_0052.jpg,1722,4210,393,59211,0.4279855846899466
broccoli_alternaria_leaf_spot_Google_0057.jpg,10887,25340,268,29041,0.45954159807521844
broccoli_downy_mildew_30.jpg,39810,9481,1426,14819,0.8795166083047047
broccoli_downy_mildew_40.jpg,26619,4206,1060,33651,0.9099890605770545
broccoli_downy_mildew_9.jpg,962,6735,2001,55838,0.18048780487804877
broccoli_downy_mildew_google_0048.jpg,3741,10304,227,51264,0.41536667962027424
broccoli_downy_mildew_google_0222.jpg,20786,1808,6126,36816,0.8397365975841312
broccoli_downy_mildew_google_0256.jpg,17150,3743,4816,39827,0.8002986537250053
broccoli_ring_spot_Bing_0002.jpg,3436,1230,970,59900,0.7574955908289241
broccoli_ring_spot_Bing_0018.jpg,8710,2815,163,53848,0.8540052946367291
broccoli_ring_spot_Bing_0047.jpg,7214,1153,0,57169,0.9259996149156023
cabbage_alternaria_leaf_spot_16.jpg,31201,1995,19211,13129,0.7463639843077218
cabbage_alternaria_leaf_spot_29.jpg,15470,5779,5414,38873,0.734341252699784
cabbage_alternaria_leaf_spot_3.jpg,10321,253,17473,37489,0.5380004170141784
cabbage_alternaria_leaf_spot_48.jpg,8463,5209,253,51611,0.7560300160800428
cabbage_alternaria_leaf_spot_6.jpg,12258,232,26208,26838,0.48112096710887825
cabbage_alternaria_leaf_spot_google_0020.jpg,8911,329,3666,52630,0.8168859146537104
cabbage_alternaria_leaf_spot_google_0021.jpg,26426,5923,2499,30688,0.8625518164311127
cabbage_alternaria_leaf_spot_google_0026.jpg,14851,2815,3126,44744,0.8333193053334456
cabbage_alternaria_leaf_spot_google_0057.jpg,7877,1048,429,56182,0.9142823980035981
cabbage_alternaria_leaf_spot_google_0128.jpg,20086,900,23912,20638,0.6181829373384218
cabbage_alternaria_leaf_spot_google_0148.jpg,7219,2043,722,55552,0.8392722199616346
cabbage_alternaria_leaf_spot_google_0206.jpg,762,295,948,63531,0.5507770148174919
cabbage_alternaria_leaf_spot_google_0341.jpg,6558,1024,434,57520,0.8999588307945656
cabbage_black_rot_Bing_0002.jpg,3673,2664,1159,58040,0.6577133136359566
cabbage_black_rot_Bing_0006.jpg,3189,10123,1335,50889,0.3575913882036331
cabbage_black_rot_Bing_0007.jpg,1497,771,591,62677,0.6873278236914601
cabbage_black_rot_Bing_0015.jpg,12023,947,709,51857,0.9355692164033927
cabbage_black_rot_Bing_0018.jpg,737,1827,5613,57359,0.16535786403410366
cabbage_black_rot_Bing_0019.jpg,1680,1078,795,61983,0.6420791133193197
cabbage_black_rot_Bing_0039.jpg,24711,16636,1770,22419,0.7286371410037152
cabbage_black_rot_Bing_0052.jpg,1057,524,394,63561,0.6972295514511874
cabbage_black_rot_Bing_0058.jpg,2021,9916,1948,51651,0.2541179429146234
cabbage_black_rot_Bing_0070.jpg,7893,3642,1367,52634,0.7591247896128878
cabbage_black_rot_Bing_0080.jpg,5613,3301,89,56533,0.7680623973727422
cabbage_black_rot_Bing_0097.jpg,8277,357,2685,54217,0.8447642375995101
cabbage_black_rot_Bing_0106.jpg,2272,16761,1125,45378,0.20258582255907268
cabbage_black_rot_Bing_0114.jpg,4659,2780,178,57919,0.7590420332355816
cabbage_black_rot_Bing_0145.jpg,203,605,647,64081,0.2448733413751508
cabbage_black_rot_Bing_0195.jpg,481,342,264,64449,0.6135204081632653
cabbage_black_rot_Bing_0210.jpg,736,387,462,63951,0.6342093925032314
cabbage_black_rot_Bing_0217.jpg,1580,163,738,63055,0.7781334646638759
cabbage_black_rot_Bing_0218 - Copy.jpg,8760,1100,4004,51672,0.7743988684582744
cabbage_black_rot_Google_0101.jpg,9769,798,1010,53959,0.9153002904525438
cabbage_black_rot_Google_0110.jpg,9185,1564,852,53935,0.8837679207158664
cabbage_black_rot_Google_0151.jpg,2025,1943,436,61132,0.6299580027998134
cabbage_black_rot_Google_0208.jpg,2909,815,531,61281,0.8121161362367393
cabbage_black_rot_Google_0262.jpg,4435,1526,562,59013,0.8094542799780982
cabbage_black_rot_Google_0328.jpg,25829,376,15167,24164,0.7687087989762057
cabbage_black_rot_Google_0343.jpg,484,22454,161,42437,0.04104651655853793
cabbage_downy_mildew_Bing_0008.jpg,6926,6634,26,51950,0.6753120124804992
cabbage_downy_mildew_Bing_0012.jpg,5535,14756,36,45209,0.42804114144304384
cabbage_downy_mildew_Bing_0026.jpg,3587,353,3482,58114,0.6516486511036425
cabbage_downy_mildew_Bing_0035.jpg,4427,13158,57,47894,0.4011962481308623
cabbage_downy_mildew_Bing_0039.jpg,1825,876,618,62217,0.7095645412130638
cabbage_downy_mildew_Bing_0043.jpg,3297,15849,284,46106,0.29013948167378006
cabbage_downy_mildew_Bing_0046.jpg,15176,15524,2493,32343,0.6275093551654986
cabbage_downy_mildew_Bing_0053.jpg,3197,1436,1656,59247,0.6740459624710099
cabbage_downy_mildew_Bing_0055.jpg,9152,16240,93,40051,0.5284522331610705
cabbage_downy_mildew_Bing_0065.jpg,2371,1920,361,60884,0.6752100242061797
cabbage_downy_mildew_Bing_0081.jpg,2664,1150,720,61002,0.7402056126701861
cabbage_downy_mildew_Bing_0124.jpg,4580,535,571,59850,0.8922657315410092
cabbage_downy_mildew_Bing_0133.jpg,3539,402,284,61311,0.9116434827408553
cabbage_downy_mildew_Bing_0159.jpg,19816,1132,718,43870,0.955402343184996
cabbage_downy_mildew_Bing_0163.jpg,59153,450,466,5467,0.9923168542718626
cabbage_downy_mildew_Bing_0190.jpg,4659,309,188,60380,0.9493632195618951
cabbage_downy_mildew_Google_0295.jpg,13181,9353,6702,36300,0.6214960982624891
carrot_alternaria_leaf_blight_Bing_0014.jpg,10977,7644,3172,43743,0.6699420201403723
carrot_alternaria_leaf_blight_Bing_0019.jpg,4336,4993,7180,49027,0.4160230271048213
carrot_alternaria_leaf_blight_Bing_0046.jpg,10947,15230,160,39199,0.5872224010299324
carrot_alternaria_leaf_blight_Bing_0063.jpg,821,8826,23168,32721,0.04881674396479962
carrot_alternaria_leaf_blight_Bing_0071.jpg,759,374,5021,59382,0.2195862867062057
carrot_alternaria_leaf_blight_Bing_0073.jpg,15684,193,6205,43454,0.8305883599004396
carrot_alternaria_leaf_blight_Bing_0075.jpg,7269,447,4186,53634,0.7583328986490011
carrot_alternaria_leaf_blight_Bing_0091.jpg,14686,47837,1034,1979,0.3753946039901333
carrot_alternaria_leaf_blight_Bing_0110.jpg,20134,18692,646,26064,0.6755695735328658
carrot_alternaria_leaf_blight_Bing_0161.jpg,8904,548,7726,48358,0.6827697262479872
carrot_alternaria_leaf_blight_Bing_0184.jpg,4174,1340,4062,55960,0.6071272727272727
carrot_alternaria_leaf_blight_Google_0060.jpg,643,9437,1465,53991,0.10551361995405317
carrot_cavity_spot_1.jpg,9701,2099,2350,51386,0.8134669405894931
carrot_cavity_spot_google_0000.jpg,5328,3722,1553,54933,0.668884564685205
carrot_cavity_spot_google_0003.jpg,1946,1409,239,61942,0.7025270758122744
carrot_cavity_spot_google_0008.jpg,31225,1944,1931,30436,0.9415755748209574
carrot_cavity_spot_google_0022.jpg,2954,629,3396,58557,0.594785059901339
carrot_cavity_spot_google_0033.jpg,6315,1642,2537,55042,0.7513831875780832
carrot_cavity_spot_google_0108.jpg,241,65,398,64832,0.5100529100529101
carrot_cavity_spot_google_0137.jpg,1263,667,6623,56983,0.25733496332518335
carrot_cavity_spot_google_0140.jpg,216,0,3858,61462,0.1006993006993007
carrot_cavity_spot_google_0152.jpg,139,232,746,64419,0.2213375796178344
carrot_cavity_spot_google_0161.jpg,4312,160,21312,39752,0.28654970760233917
carrot_cavity_spot_google_0177.jpg,1043,2737,84,61672,0.42510699001426533
carrot_cavity_spot_google_0180.jpg,1390,744,725,62677,0.6542715933160743
carrot_cavity_spot_google_0193.jpg,839,106,1931,62660,0.45168236877523554
carrot_cercospora_leaf_blight_Bing_0001.jpg,353,2429,843,61911,0.17747611865258925
carrot_cercospora_leaf_blight_Bing_0009.jpg,6589,4860,2734,51353,0.6344117080685538
carrot_cercospora_leaf_blight_Bing_0055.jpg,4515,4115,2067,54839,0.5936103076518539
carrot_cercospora_leaf_blight_Bing_0212.jpg,364,260,464,64448,0.5013774104683195
cauliflower_alternaria_leaf_spot_148.jpg,1846,304,96,63290,0.9022482893450635
cauliflower_alternaria_leaf_spot_154.jpg,8201,2034,1979,53322,0.8034288513348028
cauliflower_alternaria_leaf_spot_google_0002.jpg,2919,1800,322,60495,0.7334170854271357
cauliflower_alternaria_leaf_spot_google_0003.jpg,29138,7280,181,28937,0.886502274213913
cauliflower_alternaria_leaf_spot_google_0024.jpg,4569,4843,3058,53066,0.5362990785844239
cauliflower_alternaria_leaf_spot_google_0028.jpg,25051,9232,29,31224,0.8439937334703435
cauliflower_alternaria_leaf_spot_google_0037.jpg,17353,7583,498,40102,0.8111342230116624
cauliflower_alternaria_leaf_spot_google_0042.jpg,5936,697,585,58318,0.9025391515888703
cauliflower_alternaria_leaf_spot_google_0045.jpg,4772,36826,1,23937,0.20581829160466672
cauliflower_alternaria_leaf_spot_google_0061.jpg,16696,2391,12745,33704,0.6880975931421035
cauliflower_alternaria_leaf_spot_google_0203.jpg,7440,3938,1566,52592,0.7299843014128728
cauliflower_bacterial_soft_rot_Bing_0009.jpg,8329,20,34042,23145,0.3284305993690852
cauliflower_bacterial_soft_rot_Bing_0021.jpg,17673,41,5228,42594,0.8702696048258033
cauliflower_bacterial_soft_rot_Bing_0034.jpg,10615,10834,327,43760,0.6554289771850206
cauliflower_bacterial_soft_rot_Bing_0094.jpg,10715,939,1282,52600,0.9060927656335884
cauliflower_bacterial_soft_rot_Bing_0124.jpg,2709,6189,860,55778,0.43458731049971927
cauliflower_bacterial_soft_rot_Bing_0132.jpg,7852,10092,1583,46009,0.5735782899302385
cauliflower_bacterial_soft_rot_Bing_0205.jpg,1572,3056,168,60740,0.4937185929648241
celery_anthracnose_google_0003.jpg,164,2141,142,63089,0.12562236690923018
celery_anthracnose_google_0005.jpg,0,20,46,65470,0.0
celery_anthracnose_google_0007.jpg,648,1541,2748,60599,0.23205013428827215
celery_anthracnose_google_0035.jpg,885,4276,0,60375,0.29275554085345684
celery_anthracnose_google_0087.jpg,5039,208,1664,58625,0.8433472803347281
celery_anthracnose_google_0090.jpg,913,5593,810,58220,0.2218981650261271
celery_early_blight_2.jpg,6723,874,182,57757,0.9271824575920563
celery_early_blight_52.jpg,536,15627,210,49163,0.06339819031285114
celery_early_blight_58.jpg,8099,1833,1110,54494,0.8462462776239486
celery_early_blight_9.jpg,3857,6280,92,55307,0.5476359505892375
celery_early_blight_google_0001.jpg,5893,12471,1803,45369,0.45226400613967765
celery_early_blight_google_0009.jpg,1381,839,168,63148,0.7328203767577607
celery_early_blight_google_0163.jpg,5329,5718,979,53510,0.614116969173149
cherry_leaf_spot_12.jpg,1382,6775,393,56986,0.2782923882400322
cherry_leaf_spot_15.jpg,15283,10084,242,39927,0.747481169910985
cherry_leaf_spot_32.jpg,1656,4310,189,59381,0.4240174113429779
cherry_leaf_spot_34.jpg,3969,5386,72,56109,0.5925649447596297
cherry_leaf_spot_35.jpg,428,290,53,64765,0.7139282735613011
cherry_leaf_spot_63.jpg,3346,8096,11,54083,0.4521927157240354
cherry_leaf_spot_70.jpg,13125,5387,611,46413,0.8140039692384023
cherry_leaf_spot_google_0024.jpg,437,783,123,64193,0.4910112359550562
cherry_leaf_spot_google_0042.jpg,233,4578,0,60725,0.09238699444885012
cherry_leaf_spot_google_0053.jpg,13596,9303,1097,41540,0.7233453926367313
cherry_leaf_spot_google_0054.jpg,2563,662,67,62244,0.8754910333048677
cherry_leaf_spot_google_0064.jpg,78,2241,73,63144,0.06315789473684211
cherry_leaf_spot_google_0065.jpg,3959,2454,1506,57617,0.6666105404950329
cherry_leaf_spot_google_0079.jpg,1909,1757,793,61077,0.5995603015075377
cherry_leaf_spot_google_0088.jpg,34493,3490,145,27408,0.9499456080197188
cherry_leaf_spot_google_0154.jpg,2257,3411,55,59813,0.5656641604010025
cherry_leaf_spot_google_0180.jpg,1599,1912,1884,60141,0.45724907063197023
cherry_leaf_spot_google_0216.jpg,1174,3336,80,60946,0.4073560027758501
cherry_leaf_spot_google_0227.jpg,26524,1913,114,36985,0.9631956423059465
cherry_leaf_spot_google_0260.jpg,1567,10952,54,52963,0.22164073550212163
cherry_leaf_spot_google_0345.jpg,5608,16481,1408,42039,0.3853633396323656
cherry_powdery_mildew_107.jpg,2009,1114,5205,57208,0.38870078359291865
cherry_powdery_mildew_2.jpg,9589,2134,515,53298,0.878636551060613
cherry_powdery_mildew_60.jpg,940,159,6054,58383,0.2322995181020635
cherry_powdery_mildew_65.jpg,4224,2452,12836,46024,0.35591506572295245
cherry_powdery_mildew_67.jpg,15784,1296,1973,46483,0.9061629876280966
cherry_powdery_mildew_76.jpg,5912,5470,3876,50278,0.5585262163438829
cherry_powdery_mildew_google_0062.jpg,22774,202,4438,38122,0.9075476209452459
citrus_canker_101.jpg,6579,3805,1111,54041,0.7280070819962376
citrus_canker_103.jpg,288,89,109,65050,0.7441860465116279
citrus_canker_105.jpg,8153,333,6202,50848,0.7138916860032398
citrus_canker_107.jpg,1527,172,1728,62109,0.6164715381509891
citrus_canker_11.jpg,2526,1058,18,61934,0.8244125326370757
citrus_canker_125.jpg,6833,425,1043,57235,0.9029998678472314
citrus_canker_13.jpg,3162,232,141,62001,0.944303419441541
citrus_canker_130.jpg,839,2366,411,61920,0.37665544332211
citrus_canker_147.jpg,3110,79,1624,60723,0.7850561655938407
citrus_canker_149.jpg,12165,1250,1337,50784,0.9038897351116395
citrus_canker_156.jpg,6056,3709,454,55317,0.7442089093701997
citrus_canker_159.jpg,6361,77,2656,56442,0.8231640245875121
citrus_canker_162.jpg,1988,362,1139,62047,0.7259448603249954
citrus_canker_163.jpg,2676,623,3073,59164,0.5915119363395226
citrus_canker_174.jpg,1745,868,1964,60959,0.5520404935147105
citrus_canker_184.jpg,524,5,1942,63065,0.34991652754590985
citrus_canker_196.jpg,274,121,195,64946,0.6342592592592593
citrus_canker_197.jpg,250,97,221,64968,0.6112469437652812
citrus_canker_21.jpg,3489,36,598,61413,0.9167104571728849
citrus_canker_22.jpg,3892,158,7386,54100,0.5078288100208769
citrus_canker_224.jpg,4664,1279,696,58897,0.825267628063346
citrus_canker_23.jpg,4322,184,1131,59899,0.8679586303845768
citrus_canker_247.jpg,602,201,674,64059,0.5791245791245792
citrus_canker_251.jpg,2484,2027,1372,59653,0.5937612047328792
citrus_canker_255.jpg,8193,1253,1782,54308,0.8437258637557283
citrus_canker_256.jpg,4118,973,689,59756,0.8320872903616893
citrus_canker_26.jpg,3108,1929,1481,59018,0.6457510907957614
citrus_canker_264.jpg,11652,102,7949,45833,0.7432307446978154
citrus_canker_27.jpg,1559,1474,126,62377,0.6608732513777024
citrus_canker_273.jpg,27598,368,639,36931,0.9820828069675996
citrus_canker_276.jpg,9419,3849,1846,50422,0.7678636938001875
citrus_canker_281.jpg,5393,1750,530,57863,0.8255013010867901
citrus_canker_282.jpg,3701,109,4234,57492,0.6302256279267774
citrus_canker_285.jpg,527,279,846,63884,0.48370812299219823
citrus_canker_298.jpg,7221,4634,1843,51838,0.69037716908074
citrus_canker_314.jpg,437,212,861,64026,0.44889573703133023
citrus_canker_321.jpg,4178,120,1517,59721,0.8361853297308116
citrus_canker_340.jpg,9316,2269,2249,51702,0.8048380129589633
citrus_canker_352.jpg,6380,90,5229,53837,0.705791249516013
citrus_canker_354.jpg,5451,819,3626,55640,0.7103668469407702
citrus_canker_36.jpg,4552,3806,872,56306,0.6605717602670149
citrus_canker_363.jpg,1669,2050,32,61785,0.6158671586715867
citrus_canker_370.jpg,8286,1781,7708,47761,0.6358927132496834
citrus_canker_388.jpg,758,55,564,64159,0.7100702576112412
citrus_canker_394.jpg,1200,87,679,63570,0.7580543272267846
citrus_canker_4.jpg,10371,110,18088,36967,0.5326656394453004
citrus_canker_40.jpg,10496,40,3174,51826,0.8672230025613484
citrus_canker_48.jpg,18750,5864,422,40500,0.8564381309094231
citrus_canker_5.jpg,710,2073,784,61969,0.3320084171148001
citrus_canker_50.jpg,2241,2488,221,60586,0.623279098873592
citrus_canker_60.jpg,1914,773,197,62652,0.7978324301792413
citrus_canker_62.jpg,4941,483,1111,59001,0.8611014290693622
citrus_canker_64.jpg,904,444,1392,62796,0.4961580680570801
citrus_canker_66.jpg,2771,1037,2147,59581,0.6351134540453817
citrus_canker_76.jpg,17279,369,1419,46469,0.9508061409783745
citrus_canker_89.jpg,1257,1164,690,62425,0.5755494505494505
citrus_canker_90.jpg,624,53,238,64621,0.8109161793372319
citrus_canker_96.jpg,0,2221,0,63315,0.0
citrus_canker_google_0009.jpg,735,0,2090,62711,0.41292134831460675
citrus_canker_google_0020.jpg,3371,423,972,60770,0.8285608946786285
citrus_canker_google_0027.jpg,2413,803,1909,60411,0.6402228707880074
citrus_canker_google_0028.jpg,1933,2279,422,60902,0.5887010811633927
citrus_canker_google_0029.jpg,3477,617,1934,59508,0.7316149395055234
citrus_canker_google_0045.jpg,962,280,115,64179,0.8296679603277275
citrus_canker_google_0051.jpg,1313,461,4778,58984,0.3338842975206612
citrus_canker_google_0058.jpg,2579,647,756,61554,0.7861606462429508
citrus_canker_google_0071.jpg,3486,1231,538,60281,0.7976204095641231
citrus_canker_google_0078.jpg,3038,3505,654,58339,0.5936492427943332
citrus_canker_google_0085.jpg,1878,540,220,62898,0.8317094774136404
citrus_canker_google_0093.jpg,5669,2183,68,57616,0.8343513135624402
citrus_canker_google_0108.jpg,829,453,67,64187,0.761248852157943
citrus_canker_google_0117.jpg,2526,1025,86,61899,0.8197306506571475
citrus_canker_google_0139.jpg,336,2467,1632,61101,0.14085097463844057
citrus_canker_google_0175.jpg,562,382,151,64441,0.6783343391671696
citrus_canker_google_0199.jpg,1867,79,2149,61441,0.62629989936263
citrus_canker_google_0206.jpg,908,70,127,64431,0.9021361152508693
citrus_canker_google_0265.jpg,3705,1366,1314,59151,0.734390485629336
citrus_canker_google_0277.jpg,2677,3804,973,58082,0.5284769519297207
citrus_greening_disease_24.jpg,433,120,5842,59141,0.1268306971294669
citrus_greening_disease_29.jpg,9329,2866,2076,51265,0.790593220338983
citrus_greening_disease_48.jpg,3258,2269,2700,57309,0.5673487157161515
citrus_greening_disease_60.jpg,3244,15112,5997,41183,0.23509801790049642
citrus_greening_disease_85.jpg,0,1,579,64956,0.0
citrus_greening_disease_93.jpg,0,168,3223,62145,0.0
citrus_greening_disease_google_0002.jpg,3810,1258,1442,59026,0.7383720930232558
citrus_greening_disease_google_0009.jpg,8385,4830,3103,49218,0.6788649151924867
citrus_greening_disease_google_0022.jpg,6529,5901,1983,51123,0.623531658867348
citrus_greening_disease_google_0064.jpg,2753,3982,10040,48761,0.2819541171650963
citrus_greening_disease_google_0066.jpg,1254,2142,399,61741,0.49673202614379086
citrus_greening_disease_google_0071.jpg,4962,355,12344,47875,0.4386686115899748
citrus_greening_disease_google_0078.jpg,939,5014,1594,57989,0.22130567994343625
citrus_greening_disease_google_0079.jpg,680,724,2952,61180,0.27005559968228754
citrus_greening_disease_google_0081.jpg,4864,5011,5852,49809,0.47243941527851974
citrus_greening_disease_google_0086.jpg,0,53,796,64687,0.0
citrus_greening_disease_google_0110.jpg,0,25,2757,62754,0.0
citrus_greening_disease_google_0120.jpg,1090,75,186,64185,0.8930766079475625
citrus_greening_disease_google_0126.jpg,3036,1123,1155,60222,0.727185628742515
citrus_greening_disease_google_0156.jpg,10968,7584,212,46772,0.737790932328804
citrus_greening_disease_google_0172.jpg,4642,5138,3113,52643,0.529455374964357
citrus_greening_disease_google_0182.jpg,3108,5784,3031,53613,0.41354533963142837
citrus_greening_disease_google_0183.jpg,1863,444,4301,58928,0.43985361822689173
citrus_greening_disease_google_0186.jpg,144,8016,330,57046,0.03335649756775538
citrus_greening_disease_google_0221.jpg,2624,4601,1312,56999,0.470208762655676
citrus_greening_disease_google_0251.jpg,10137,6049,541,48809,0.7546902918403812
citrus_greening_disease_google_0253.jpg,20786,2588,3011,39151,0.8813041911343834
coffee_berry_blotch_Bing_0001.jpg,3960,0,11047,50529,0.4175673538250646
coffee_berry_blotch_Bing_0002.jpg,1307,42,674,63513,0.784984984984985
coffee_berry_blotch_Bing_0006.jpg,3212,368,1088,60868,0.8152284263959391
coffee_berry_blotch_Bing_0010.jpg,183,126,2816,62411,0.11064087061668681
coffee_berry_blotch_Bing_0017.jpg,1244,126,480,63686,0.8041370394311571
coffee_berry_blotch_Bing_0018.jpg,103,141,1337,63955,0.12232779097387174
coffee_berry_blotch_Bing_0027.jpg,7774,555,259,56948,0.9502505806136169
coffee_berry_blotch_Bing_0037.jpg,1732,314,929,62561,0.7359252177607818
coffee_berry_blotch_Bing_0044.jpg,761,2269,1344,61162,0.2963972736124635
coffee_berry_blotch_Bing_0049.jpg,2729,661,1665,60481,0.7011819116135662
coffee_berry_blotch_Bing_0058.jpg,2614,1267,1121,60534,0.6864495798319328
coffee_berry_blotch_Bing_0065.jpg,0,0,522,65014,0.0
coffee_berry_blotch_Bing_0073.jpg,67,11,1067,64391,0.11056105610561057
coffee_berry_blotch_Bing_0078.jpg,263,7687,156,57430,0.0628509977297168
coffee_berry_blotch_Bing_0099.jpg,169,85,276,65006,0.48354792560801146
coffee_berry_blotch_Bing_0105.jpg,210,207,280,64839,0.46306504961411243
coffee_berry_blotch_Bing_0106.jpg,271,9425,126,55714,0.053700584563558904
coffee_berry_blotch_Bing_0114.jpg,1415,604,258,63259,0.766522210184182
coffee_berry_blotch_Bing_0117.jpg,659,91,323,64463,0.7609699769053118
coffee_berry_blotch_Bing_0120.jpg,3629,2504,35,59368,0.7408390323568439
coffee_berry_blotch_Bing_0122.jpg,3473,125,1881,60057,0.7759159964253798
coffee_berry_blotch_Bing_0140.jpg,1812,273,904,62547,0.7548427410956051
coffee_berry_blotch_Bing_0170.jpg,57,110,623,64746,0.1345926800472255
coffee_berry_blotch_Google_0099.jpg,0,3827,159,61550,0.0
coffee_black_rot_Bing_0001.jpg,5455,1495,912,57674,0.8192535856424119
coffee_brown_eye_spot_Bing_0006.jpg,15047,5760,1948,42781,0.7960954446854663
coffee_brown_eye_spot_Bing_0036.jpg,3160,420,1102,60854,0.8059168579444019
coffee_brown_eye_spot_Bing_0061.jpg,1249,1509,384,62394,0.5688909132316101
coffee_brown_eye_spot_Google_0003.jpg,523,66,535,64412,0.6350941105039466
coffee_leaf_rust_15.jpg,14651,4349,1485,45051,0.8339594717668488
coffee_leaf_rust_171.jpg,5539,2108,641,57248,0.8011860851956317
coffee_leaf_rust_33.jpg,1597,934,1368,61637,0.5811499272197962
coffee_leaf_rust_4.jpg,4505,8125,716,52190,0.5047336283681586
coffee_leaf_rust_46.jpg,10151,2207,844,52334,0.8693529739219801
coffee_leaf_rust_google_0008.jpg,30512,820,773,33431,0.9745596243831547
coffee_leaf_rust_google_0016.jpg,2069,146,917,62404,0.7956162276485291
coffee_leaf_rust_google_0018.jpg,3876,2905,1095,57660,0.6596324029952348
coffee_leaf_rust_google_0019.jpg,17274,3389,2413,42460,0.8562081784386617
coffee_leaf_rust_google_0022.jpg,4475,1599,688,58774,0.7964759277387203
coffee_leaf_rust_google_0033.jpg,1542,4344,1699,57951,0.337898542785143
coffee_leaf_rust_google_0042.jpg,10189,6119,69,49159,0.7670706918617782
coffee_leaf_rust_google_0043.jpg,21938,2988,1454,39156,0.908067386895153
coffee_leaf_rust_google_0045.jpg,7296,10267,1939,46034,0.5445182476304202
coffee_leaf_rust_google_0048.jpg,34946,3724,1101,25765,0.935422996105304
coffee_leaf_rust_google_0077.jpg,20051,124,852,44509,0.9762403232874044
coffee_leaf_rust_google_0086.jpg,4404,2862,1072,57198,0.6912572594569142
coffee_leaf_rust_google_0090.jpg,28098,100,2079,35259,0.9626723768736617
coffee_leaf_rust_google_0096.jpg,8500,255,1040,55741,0.9292156326865264
coffee_leaf_rust_google_0107.jpg,333,0,1236,63967,0.3501577287066246
coffee_leaf_rust_google_0108.jpg,17150,1567,6989,39830,0.8003546761246967
coffee_leaf_rust_google_0109.jpg,594,6279,476,58187,0.14956565529396953
coffee_leaf_rust_google_0122.jpg,1552,8,4725,59251,0.3960699247160903
coffee_leaf_rust_google_0125.jpg,62603,1204,121,1608,0.9895282578972742
coffee_leaf_rust_google_0130.jpg,6921,818,539,57258,0.910717810382262
coffee_leaf_rust_google_0132.jpg,4133,1267,1601,58535,0.7424106340937668
coffee_leaf_rust_google_0135.jpg,583,107,2124,62722,0.34324403885781574
coffee_leaf_rust_google_0156.jpg,6584,492,6138,52322,0.6651176886554198
coffee_leaf_rust_google_0184.jpg,3518,1,6402,55615,0.5235508594389463
coffee_leaf_rust_google_0237.jpg,188,220,3,65125,0.6277128547579299
coffee_leaf_rust_google_0246.jpg,2972,75,1333,61156,0.808487486398259
coffee_leaf_rust_google_0281.jpg,41680,1059,1566,21231,0.9694714194336221
corn_gray_leaf_spot_31.jpg,4156,7078,790,53512,0.5137206427688504
corn_gray_leaf_spot_35.jpg,5845,1182,3741,54768,0.7036658038885211
corn_gray_leaf_spot_42.jpg,13101,13,22864,29558,0.533873958312109
corn_gray_leaf_spot_google_0014.jpg,1037,11,1521,62967,0.5751525235718248
corn_gray_leaf_spot_google_0015.jpg,1771,494,899,62372,0.7177304964539007
corn_gray_leaf_spot_google_0020.jpg,14588,1814,10804,38330,0.6980906350193807
corn_gray_leaf_spot_google_0024.jpg,17776,2196,2210,43354,0.8897342209319786
corn_gray_leaf_spot_google_0035.jpg,13480,10620,542,40894,0.7072031897591942
corn_gray_leaf_spot_google_0047.jpg,2905,1049,2214,59368,0.6403615121789926
corn_gray_leaf_spot_google_0050.jpg,15842,672,898,48124,0.9527876345702773
corn_gray_leaf_spot_google_0053.jpg,6091,621,388,58436,0.9235084527329239
corn_gray_leaf_spot_google_0061.jpg,10850,16740,55,37891,0.5637095726717756
corn_gray_leaf_spot_google_0066.jpg,2858,2117,253,60308,0.7069008162255751
corn_gray_leaf_spot_google_0074.jpg,1179,17,3570,60770,0.3966358284272498
corn_gray_leaf_spot_google_0081.jpg,20324,0,31280,13932,0.5651206762317873
corn_gray_leaf_spot_google_0089.jpg,7416,439,20547,37134,0.4140934725556982
corn_gray_leaf_spot_google_0145.jpg,7173,3018,1465,53880,0.7619098199585745
corn_gray_leaf_spot_google_0168.jpg,61434,347,2824,931,0.9748411206055269
corn_gray_leaf_spot_google_0172.jpg,47584,150,2928,14874,0.9686704802231134
corn_gray_leaf_spot_google_0270.jpg,7757,12077,2184,43518,0.5210411418975651
corn_gray_leaf_spot_google_0293.jpg,46960,418,754,17404,0.9876750935935725
corn_northern_leaf_blight_101.jpg,7132,1378,697,56329,0.8730032437725687
corn_northern_leaf_blight_14.jpg,1500,1285,232,62519,0.6641576267434137
corn_northern_leaf_blight_2.jpg,2083,3689,6129,53635,0.29791189931350115
corn_northern_leaf_blight_28.jpg,5452,2654,342,57088,0.7844604316546763
corn_northern_leaf_blight_30.jpg,5524,745,10947,48320,0.4858399296394019
corn_northern_leaf_blight_33.jpg,4637,2590,5091,53218,0.5469772928339722
corn_northern_leaf_blight_37.jpg,3338,115,17336,44747,0.27670244953786216
corn_northern_leaf_blight_49.jpg,13974,1638,6666,43258,0.7709367759020191
corn_northern_leaf_blight_53.jpg,4897,6679,93,53867,0.5912109139200773
corn_northern_leaf_blight_62.jpg,5934,1572,281,57749,0.8649515341447417
corn_northern_leaf_blight_69.jpg,1117,2595,5939,55885,0.2074665676077266
corn_northern_leaf_blight_81.jpg,1248,1694,3212,59382,0.33720616049716295
corn_northern_leaf_blight_google_0000.jpg,4827,1950,256,58503,0.8139966273187184
corn_northern_leaf_blight_google_0012.jpg,8954,1414,9404,45764,0.6234073661491332
corn_northern_leaf_blight_google_0018.jpg,2115,320,311,62790,0.8701913186587122
corn_northern_leaf_blight_google_0023.jpg,7834,14971,11372,31359,0.37294994168194046
corn_northern_leaf_blight_google_0040.jpg,988,2068,51,62429,0.48253968253968255
corn_northern_leaf_blight_google_0041.jpg,177,167,674,64518,0.29623430962343095
corn_northern_leaf_blight_google_0042.jpg,6955,2123,1088,55370,0.812452543659833
corn_northern_leaf_blight_google_0059.jpg,1323,5714,619,57880,0.2946876044102907
corn_northern_leaf_blight_google_0064.jpg,2666,566,87,62217,0.8908939014202172
corn_northern_leaf_blight_google_0069.jpg,7634,2021,62,55819,0.8799492824621059
corn_northern_leaf_blight_google_0088.jpg,3007,34125,0,28404,0.14982934303296047
corn_northern_leaf_blight_google_0099.jpg,437,18915,62,46122,0.0440280086645509
corn_northern_leaf_blight_google_0101.jpg,3304,859,1288,60085,0.754768703597944
corn_northern_leaf_blight_google_0133.jpg,20396,4862,5573,34705,0.7962988267905596
corn_rust_1.jpg,37714,1144,261,26417,0.9817135866099203
corn_rust_10.jpg,19204,2184,1911,42237,0.9036538597275486
corn_rust_15.jpg,16028,10405,2227,36876,0.717329036877909
corn_rust_2.jpg,16768,1031,3828,43909,0.8734470634197161
corn_rust_27.jpg,8714,3418,60,53344,0.8336362766669856
corn_rust_32.jpg,2048,59,6992,56437,0.36745312640172245
corn_rust_42.jpg,20225,3259,27,42025,0.9248673861349918
corn_rust_60.jpg,2504,138,1161,61733,0.7940383700650071
corn_rust_69.jpg,5193,877,1485,57981,0.8147160338876687
corn_rust_74.jpg,7035,2849,723,54929,0.7975286248724635
corn_rust_80.jpg,52764,1508,350,10914,0.9826979308289722
corn_rust_82.jpg,35519,7279,227,22511,0.9044357302913016
corn_rust_google_0000.jpg,40851,796,10110,13779,0.882234796129924
corn_rust_google_0013.jpg,56951,2828,400,5357,0.9724408776573038
corn_rust_google_0029.jpg,18538,11552,102,35344,0.760845475066694
corn_rust_google_0035.jpg,27128,506,178,37724,0.9875500546050237
corn_rust_google_0037.jpg,33284,316,2164,29772,0.9640829567836867
corn_rust_google_0053.jpg,6087,2056,384,57009,0.8330368140139592
corn_rust_google_0056.jpg,15204,12255,64,38013,0.711681138390245
corn_rust_google_0059.jpg,23767,12844,364,28561,0.7825557275032103
corn_rust_google_0068.jpg,30613,4461,9672,20790,0.8124577024642047
corn_rust_google_0071.jpg,51984,7178,62,6312,0.9348967700165456
corn_rust_google_0078.jpg,11253,6044,413,47826,0.777060387390809
corn_rust_google_0080.jpg,30128,13453,293,21662,0.8142482635604443
corn_rust_google_0094.jpg,27352,8309,92,29783,0.8668726725299105
corn_rust_google_0097.jpg,10226,1642,252,53416,0.9152421014946747
corn_rust_google_0117.jpg,14398,5327,1088,44723,0.8178126153758769
corn_rust_google_0131.jpg,57730,683,629,6494,0.9887644298290686
corn_rust_google_0132.jpg,18129,906,587,45914,0.9604513787714233
corn_rust_google_0152.jpg,11251,740,1999,51546,0.891486074244285
corn_rust_google_0156.jpg,16857,5689,1579,41411,0.8226538480308428
corn_rust_google_0174.jpg,11617,2705,1537,49677,0.8456107148056485
corn_rust_google_0177.jpg,37108,5070,119,23239,0.9346514703104338
corn_rust_google_0196.jpg,30364,4929,2279,27964,0.8939001413094677
corn_rust_google_0211.jpg,31751,773,12809,20203,0.8238026049504437
corn_smut_13.jpg,12816,1790,4723,46207,0.7973868408772748
corn_smut_16.jpg,2760,4246,65,58465,0.5614891669209643
corn_smut_17.jpg,2012,227,54,63243,0.9347270615563299
corn_smut_224.jpg,12629,1320,670,50917,0.926967116852613
corn_smut_85.jpg,5801,83,4739,54913,0.7064052605942523
corn_smut_google_0001.jpg,18923,186,572,45855,0.9803647290436224
corn_smut_google_0002.jpg,11098,2263,942,51233,0.8738238652021574
corn_smut_google_0011.jpg,8715,436,293,56092,0.959854617545019
corn_smut_google_0012.jpg,4649,865,387,59635,0.8813270142180095
corn_smut_google_0013.jpg,15535,7627,1816,40558,0.7669143237972996
corn_smut_google_0023.jpg,23526,3898,367,37745,0.9168891400510552
corn_smut_google_0024.jpg,5067,1961,61,58447,0.8336623889437315
corn_smut_google_0025.jpg,24084,4217,1413,35822,0.895349269489572
corn_smut_google_0034.jpg,16373,4657,3682,40824,0.7970305464281368
corn_smut_google_0046.jpg,12123,9145,29,44239,0.7254937163375225
corn_smut_google_0049.jpg,6361,424,226,58525,0.9513909661980258
corn_smut_google_0053.jpg,4602,3155,295,57484,0.7273589378852536
corn_smut_google_0059.jpg,4401,1767,79,59289,0.8266341096919609
corn_smut_google_0063.jpg,14083,718,2514,48221,0.8970635072297598
corn_smut_google_0079.jpg,13560,594,848,50534,0.9495133394020027
corn_smut_google_0081.jpg,14851,367,164,50154,0.9824364105447689
corn_smut_google_0084.jpg,20395,614,990,43537,0.9621644572345143
corn_smut_google_0090.jpg,4334,698,995,59509,0.8365987839011678
corn_smut_google_0099.jpg,13624,6529,567,44816,0.7933845795481016
corn_smut_google_0101.jpg,2088,1134,5036,57278,0.40363425478445775
corn_smut_google_0115.jpg,5349,2218,376,57593,0.804845019560638
corn_smut_google_0118.jpg,18618,1304,2043,43571,0.9175270433432718
corn_smut_google_0120.jpg,28042,1324,3760,32410,0.9168846455663092
corn_smut_google_0124.jpg,10405,284,413,54434,0.967591946808016
corn_smut_google_0132.jpg,3570,1654,1667,58645,0.6825351304846573
corn_smut_google_0134.jpg,3415,6837,20826,34458,0.19801119067636913
corn_smut_google_0162.jpg,3311,481,12,61732,0.9307097680955727
corn_smut_google_0169.jpg,9918,813,2378,52427,0.8614235462717679
corn_smut_google_0194.jpg,15916,2671,255,46694,0.9158179411933943
corn_smut_google_0200.jpg,2200,2693,2942,57701,0.4384653712007972
corn_smut_google_0225.jpg,14077,5633,130,45696,0.8300852080077837
corn_smut_google_0235.jpg,3220,7178,7015,48123,0.3121213589880289
corn_smut_google_0248.jpg,10150,7617,409,47360,0.7166560756901786
corn_smut_google_0298.jpg,28080,331,9072,28053,0.8565806933788875
corn_smut_google_0332.jpg,11766,634,6073,47063,0.7782003373127419
cucumber_angular_leaf_spot_1.jpg,30068,13476,1249,20743,0.803302119928935
cucumber_angular_leaf_spot_130.jpg,22531,3657,8834,30514,0.7829652667975605
cucumber_angular_leaf_spot_14.jpg,5412,7674,1305,51145,0.546583850931677
cucumber_angular_leaf_spot_141.jpg,27421,4736,816,32563,0.9080703381130576
cucumber_angular_leaf_spot_154.jpg,54817,3490,153,7076,0.9678398968899247
cucumber_angular_leaf_spot_156.jpg,20877,14667,214,29778,0.7372472852476384
cucumber_angular_leaf_spot_172.jpg,14212,3366,212,47746,0.8881944878445097
cucumber_angular_leaf_spot_175.jpg,6861,3131,3420,52124,0.6768608494056134
cucumber_angular_leaf_spot_20.jpg,6206,40914,159,18257,0.23206506497148732
cucumber_angular_leaf_spot_214.jpg,19290,24186,78,21982,0.6139010884093947
cucumber_angular_leaf_spot_217.jpg,34178,4903,678,25777,0.9245168183723981
cucumber_angular_leaf_spot_243.jpg,38557,7623,128,19228,0.9086667059447358
cucumber_angular_leaf_spot_261.jpg,21836,3977,3266,36457,0.857743297652951
cucumber_angular_leaf_spot_286.jpg,14734,4027,3743,43032,0.7913421773457221
cucumber_angular_leaf_spot_292.jpg,6791,7410,444,50891,0.6336070162343721
cucumber_angular_leaf_spot_311.jpg,18918,3812,4876,37930,0.8132576734588599
cucumber_angular_leaf_spot_328.jpg,31048,15924,1448,17116,0.7813962852972266
cucumber_angular_leaf_spot_33.jpg,9151,3489,1091,51805,0.799842671095184
cucumber_angular_leaf_spot_4.jpg,32486,3556,11989,17505,0.8069351813902654
cucumber_angular_leaf_spot_41.jpg,46761,2738,155,15882,0.9699942954934399
cucumber_angular_leaf_spot_42.jpg,9223,125,18278,37910,0.5005834622377812
cucumber_angular_leaf_spot_48.jpg,3012,12670,217,49637,0.3185447623076516
cucumber_angular_leaf_spot_6.jpg,58702,136,959,5739,0.9907594156912717
cucumber_angular_leaf_spot_7.jpg,5503,6422,3509,50102,0.5256722548598175
cucumber_angular_leaf_spot_75.jpg,9014,18243,1515,36764,0.47710792356957604
cucumber_angular_leaf_spot_79.jpg,29260,2101,5964,28211,0.8788766238642337
cucumber_angular_leaf_spot_9.jpg,44870,5420,384,14862,0.9392531189818304
cucumber_angular_leaf_spot_google_0018.jpg,13450,2070,11561,38455,0.66368952160075
cucumber_angular_leaf_spot_google_0020.jpg,8759,6804,1435,48538,0.680125791047094
cucumber_angular_leaf_spot_google_0021.jpg,29553,3360,1538,31085,0.9234735329041935
cucumber_angular_leaf_spot_google_0028.jpg,42928,6590,7496,8522,0.8590582537871966
cucumber_angular_leaf_spot_google_0043.jpg,22425,4765,2854,35492,0.8547904476929234
cucumber_angular_leaf_spot_google_0083.jpg,8953,2762,2720,51101,0.7656062938258936
cucumber_angular_leaf_spot_google_0085.jpg,1424,1992,1604,60516,0.4419615145872129
cucumber_angular_leaf_spot_google_0097.jpg,8373,2712,1058,53393,0.8162409826476896
cucumber_angular_leaf_spot_google_0116.jpg,3317,881,6806,54532,0.46323580755533833
cucumber_bacterial_wilt_109.jpg,9894,2655,12424,40563,0.567528035104827
cucumber_bacterial_wilt_12.jpg,14389,328,10326,40493,0.7298133495638061
cucumber_bacterial_wilt_139.jpg,10823,3006,6976,44731,0.6843935753130138
cucumber_bacterial_wilt_14.jpg,4226,286,12937,48087,0.3899423298731257
cucumber_bacterial_wilt_184.jpg,10516,89,28666,26265,0.42243959266475184
cucumber_bacterial_wilt_313.jpg,1173,3038,402,60923,0.40546145869339784
cucumber_bacterial_wilt_38.jpg,1228,5561,26,58721,0.30535869700360563
cucumber_bacterial_wilt_50.jpg,2680,16406,955,45495,0.23590510981030766
cucumber_bacterial_wilt_58.jpg,9272,1386,10520,44358,0.6089983579638752
cucumber_bacterial_wilt_69.jpg,4916,3975,8928,47717,0.43246096327248734
cucumber_bacterial_wilt_google_0017.jpg,2997,18662,2653,41224,0.2194880808524662
cucumber_bacterial_wilt_google_0020.jpg,11603,121,39607,14205,0.3687355006832555
cucumber_bacterial_wilt_google_0024.jpg,17776,8268,1133,38359,0.7908704647075835
cucumber_bacterial_wilt_google_0027.jpg,726,3818,3135,57857,0.17275431290898274
cucumber_bacterial_wilt_google_0030.jpg,11205,24134,1104,29093,0.47032404298186703
cucumber_bacterial_wilt_google_0043.jpg,13034,9556,4395,38551,0.6513905894700017
cucumber_bacterial_wilt_google_0066.jpg,497,633,4953,59453,0.15106382978723404
cucumber_bacterial_wilt_google_0076.jpg,7286,20203,4148,33899,0.37438018652210775
cucumber_bacterial_wilt_google_0099.jpg,862,7505,3182,53987,0.13890903231004753
cucumber_bacterial_wilt_google_0133.jpg,5153,2030,11169,47184,0.438459902148479
cucumber_bacterial_wilt_google_0143.jpg,1523,8951,2318,52744,0.21278379322389102
cucumber_bacterial_wilt_google_0249.jpg,986,20235,343,43972,0.08745011086474501
cucumber_powdery_mildew_10.jpg,21057,26,21551,22902,0.6612237207768759
cucumber_powdery_mildew_125.jpg,30338,4765,2966,27467,0.8869852500475097
cucumber_powdery_mildew_13.jpg,703,11073,240,53520,0.11054328170453652
cucumber_powdery_mildew_178.jpg,29650,5954,2099,27833,0.8804359122830461
cucumber_powdery_mildew_18.jpg,23884,11600,9518,20534,0.6934355311674361
cucumber_powdery_mildew_183.jpg,299,1169,128,63940,0.31556728232189973
cucumber_powdery_mildew_197.jpg,108,43,626,64759,0.2440677966101695
cucumber_powdery_mildew_198.jpg,2490,2100,10986,49960,0.27565592826303553
cucumber_powdery_mildew_22.jpg,292,666,82,64496,0.43843843843843844
cucumber_powdery_mildew_227.jpg,9946,27800,11,27779,0.41699683458063436
cucumber_powdery_mildew_24.jpg,257,4505,82,60692,0.10076455596941776
cucumber_powdery_mildew_26.jpg,16452,3395,946,44743,0.8834474426097463
cucumber_powdery_mildew_28.jpg,29,1281,286,63940,0.03569230769230769
cucumber_powdery_mildew_32.jpg,23360,13853,2226,26097,0.743960891096992
cucumber_powdery_mildew_35.jpg,19534,10824,308,34870,0.7782470119521913
cucumber_powdery_mildew_38.jpg,2151,846,890,61649,0.7124875786684333
cucumber_powdery_mildew_58.jpg,21933,4280,1060,38263,0.8914766491891233
cucumber_powdery_mildew_59.jpg,20455,2649,50,42382,0.938109105918503
cucumber_powdery_mildew_64.jpg,21477,566,2871,40622,0.9259123536892931
cucumber_powdery_mildew_69.jpg,9482,33385,386,22283,0.35960936759268036
cucumber_powdery_mildew_70.jpg,3472,43681,0,18383,0.13716543209876544
cucumber_powdery_mildew_73.jpg,364,4432,263,60477,0.13424303890835332
cucumber_powdery_mildew_77.jpg,15153,10673,854,38856,0.7244519876652403
cucumber_powdery_mildew_google_0000.jpg,31635,2093,3470,28338,0.9191812066886522
cucumber_powdery_mildew_google_0001.jpg,20157,11888,931,32560,0.7587375077635368
cucumber_powdery_mildew_google_0026.jpg,27382,9104,11,29039,0.8573083485965654
cucumber_powdery_mildew_google_0034.jpg,7544,24065,1233,32694,0.3735948100827019
cucumber_powdery_mildew_google_0042.jpg,22189,3921,551,38875,0.9084544524053224
cucumber_powdery_mildew_google_0065.jpg,5522,17517,7701,34796,0.30456124869008877
cucumber_powdery_mildew_google_0080.jpg,56121,5032,187,4196,0.9555682311575757
cucumber_powdery_mildew_google_0090.jpg,27287,9059,7621,21569,0.7659078788559239
cucumber_powdery_mildew_google_0104.jpg,29399,1075,87,34975,0.9806204136090727
cucumber_powdery_mildew_google_0119.jpg,15930,9707,5263,34636,0.6803331197950032
cucumber_powdery_mildew_google_0151.jpg,24985,22755,11,17785,0.6870050593928728
cucumber_powdery_mildew_google_0159.jpg,18813,7006,485,39232,0.8339650242702308
cucumber_powdery_mildew_google_0162.jpg,53696,3134,1053,7653,0.9624750177004634
cucumber_powdery_mildew_google_0167.jpg,33971,3660,96,27809,0.9476136014951603
cucumber_powdery_mildew_google_0188.jpg,29406,3465,1717,30948,0.9190236584679814
eggplant_cercospora_leaf_spot_12.jpg,2232,1062,1526,60716,0.633011911514464
eggplant_cercospora_leaf_spot_33.jpg,1305,9430,120,54681,0.21463815789473684
eggplant_cercospora_leaf_spot_40.jpg,1150,260,6,64120,0.8963367108339828
eggplant_cercospora_leaf_spot_96.jpg,1113,19655,44,44724,0.10152793614595211
eggplant_cercospora_leaf_spot_google_0007.jpg,4301,8008,178,53049,0.512389802239695
eggplant_cercospora_leaf_spot_google_0018.jpg,2673,5754,281,56828,0.4697302521746771
eggplant_cercospora_leaf_spot_google_0030.jpg,6515,1820,2897,54304,0.7342085986363892
eggplant_cercospora_leaf_spot_google_0031.jpg,20116,5992,772,38656,0.856072857264448
eggplant_cercospora_leaf_spot_google_0038.jpg,14825,4877,242,45592,0.8527711467111507
eggplant_cercospora_leaf_spot_google_0042.jpg,11979,1164,166,52227,0.9474058842138564
eggplant_cercospora_leaf_spot_google_0045.jpg,6198,29770,18,29550,0.2938554902332638
eggplant_cercospora_leaf_spot_google_0121.jpg,8087,1500,2997,52952,0.7824488413719703
eggplant_phomopsis_fruit_rot_Bing_0016.jpg,5465,898,751,58422,0.8689084982908021
eggplant_phomopsis_fruit_rot_Bing_0022.jpg,9053,975,67,55441,0.9455817839983288
eggplant_phomopsis_fruit_rot_Bing_0037.jpg,3546,309,2868,58813,0.6906222611744084
eggplant_phomopsis_fruit_rot_Bing_0038.jpg,19701,1089,1703,43043,0.9338294544247997
eggplant_phomopsis_fruit_rot_Bing_0048.jpg,6948,29,6266,52293,0.6882274280620079
eggplant_phomopsis_fruit_rot_Bing_0094.jpg,18839,4246,721,41730,0.8835267909485286
eggplant_phomopsis_fruit_rot_Bing_0261.jpg,10051,3437,12,52036,0.8535518661627957
eggplant_phomopsis_fruit_rot_Bing_0266.jpg,12845,779,573,51339,0.950003697951335
eggplant_phomopsis_fruit_rot_Google_0017.jpg,1202,221,13702,50411,0.1472407668279537
eggplant_phytophthora_blight_Bing_0000.jpg,1477,339,2477,61243,0.5119584055459272
eggplant_phytophthora_blight_Bing_0002.jpg,4199,6530,1555,53252,0.509494630831766
eggplant_phytophthora_blight_Bing_0017.jpg,17304,655,1329,46248,0.9457804984696109
eggplant_phytophthora_blight_Bing_0022.jpg,9616,5940,3785,46195,0.6641571986048278
eggplant_phytophthora_blight_Bing_0043.jpg,42324,1008,2055,20149,0.9650784964257618
eggplant_phytophthora_blight_Bing_0110.jpg,11894,406,685,52551,0.9561477551348527
eggplant_phytophthora_blight_Google_0028.jpg,11495,6924,487,46630,0.7562251241735469
garlic_leaf_blight_140.jpg,10450,1526,533,53027,0.9103183936582604
garlic_leaf_blight_163.jpg,1462,645,2625,60804,0.4720697449144333
garlic_leaf_blight_19.jpg,28,82,768,64658,0.06181015452538632
garlic_leaf_blight_3.jpg,339,1020,869,63308,0.2641215426567978
garlic_leaf_blight_35.jpg,15517,2554,7503,39962,0.7552505414811029
garlic_leaf_blight_38.jpg,9335,317,2847,53037,0.8550883942475039
garlic_leaf_blight_46.jpg,176,195,2314,62851,0.12303390422929046
garlic_leaf_blight_55.jpg,959,175,2222,62180,0.4444959443800695
garlic_leaf_blight_58.jpg,1575,896,3381,59684,0.42412818096135724
garlic_leaf_blight_google_0004.jpg,1067,413,2104,61952,0.4588260589120619
garlic_leaf_blight_google_0005.jpg,1909,1332,4409,57886,0.3994141646615755
garlic_leaf_blight_google_0081.jpg,2656,880,209,61791,0.8298703327605061
garlic_leaf_blight_google_0103.jpg,2581,2041,1505,59409,0.5927882406982086
garlic_leaf_blight_google_0159.jpg,241,4479,5103,55713,0.047893481717011126
garlic_leaf_blight_google_0210.jpg,1765,1790,2790,59191,0.4352651048088779
garlic_leaf_blight_google_0226.jpg,533,3181,524,61298,0.22343324250681199
garlic_leaf_blight_google_0295.jpg,0,46,4325,61165,0.0
garlic_leaf_blight_google_0302.jpg,11360,3824,157,50195,0.8509044605070971
garlic_rust_159.jpg,15123,15646,208,34559,0.6560954446854663
garlic_rust_18.jpg,9599,13495,186,42256,0.5838985370601296
garlic_rust_184.jpg,7218,8032,713,49573,0.6227513912255727
garlic_rust_185.jpg,9220,4304,339,51673,0.7988563011740242
garlic_rust_194.jpg,5294,852,1916,57474,0.7927523210542079
garlic_rust_20.jpg,26824,10312,731,27669,0.8292961926697686
garlic_rust_261.jpg,2928,1977,193,60438,0.7296287067032146
garlic_rust_29.jpg,7942,9124,16,48454,0.6347506393861893
garlic_rust_30.jpg,1026,845,122,63543,0.6796952633322292
garlic_rust_310.jpg,2873,395,2073,60195,0.6995373752130509
garlic_rust_43.jpg,4028,358,3534,57616,0.6742551054569802
garlic_rust_53.jpg,1270,299,526,63441,0.7548291233283804
garlic_rust_56.jpg,2949,1306,721,60560,0.7442271293375394
garlic_rust_69.jpg,2221,2238,326,60751,0.6340279760205538
garlic_rust_80.jpg,98,747,5,64686,0.20675105485232068
garlic_rust_83.jpg,6681,516,1306,57033,0.8800052687038988
garlic_rust_89.jpg,1798,780,2562,60396,0.5183049870279619
garlic_rust_98.jpg,785,330,3197,61224,0.3080243280360997
garlic_rust_google_0015.jpg,17899,944,117,46576,0.9712146287202583
garlic_rust_google_0049.jpg,15930,2616,118,46872,0.9209689541538996
garlic_rust_google_0318.jpg,15322,1052,3927,45235,0.8602307497964798
ginger_leaf_spot_105.jpg,40,802,222,64472,0.07246376811594203
ginger_leaf_spot_11.jpg,264,1723,1487,62062,0.14125200642054575
ginger_leaf_spot_161.jpg,884,228,761,63663,0.6412767500906783
ginger_leaf_spot_google_0000.jpg,3392,11263,836,50045,0.3592649473071016
ginger_leaf_spot_google_0001.jpg,3913,6725,4241,50657,0.416453810131971
ginger_sheath_blight_10.jpg,65,265,1828,63378,0.05847953216374269
ginger_sheath_blight_11.jpg,367,165,484,64520,0.5307302964569776
ginger_sheath_blight_13.jpg,1717,1580,10157,52082,0.22635291015753742
ginger_sheath_blight_14.jpg,1467,1400,1223,61446,0.5279827244916322
ginger_sheath_blight_161.jpg,1084,3585,5680,55187,0.1896265197236071
ginger_sheath_blight_2.jpg,733,2131,1293,61379,0.2997955010224949
ginger_sheath_blight_21.jpg,7651,11570,248,46067,0.5642330383480826
ginger_sheath_blight_30.jpg,1431,2921,4135,57049,0.2885662431941924
ginger_sheath_blight_33.jpg,2,1079,200,64255,0.003117692907248636
ginger_sheath_blight_41.jpg,391,225,1407,63513,0.323943661971831
ginger_sheath_blight_53.jpg,0,24038,157,41341,0.0
ginger_sheath_blight_64.jpg,0,3317,286,61933,0.0
ginger_sheath_blight_89.jpg,2761,10092,1361,51322,0.3253019145802651
ginger_sheath_blight_google_0007.jpg,834,1927,4721,58054,0.20057720057720058
grape_black_rot_12.jpg,3605,824,4330,56777,0.5831446133937237
grape_black_rot_216.jpg,0,38,603,64895,0.0
grape_black_rot_23.jpg,2509,3012,8583,51432,0.30205260940227535
grape_black_rot_3.jpg,9284,6767,3460,46025,0.6448341725994097
grape_black_rot_33.jpg,5457,453,2168,57458,0.8063538973032878
grape_black_rot_google_0003.jpg,13267,1585,3590,47094,0.8367971238449652
grape_black_rot_google_0011.jpg,3965,54,12174,49343,0.3933922016073023
grape_black_rot_google_0013.jpg,2379,2147,1572,59438,0.561283472926743
grape_black_rot_google_0018.jpg,19492,11300,1388,33356,0.7544511534293235
grape_black_rot_google_0036.jpg,1186,62,461,63827,0.8193436960276339
grape_black_rot_google_0040.jpg,9802,11721,479,43534,0.6164004527732361
grape_black_rot_google_0050.jpg,29592,835,4327,30782,0.9197774531439405
grape_black_rot_google_0052.jpg,2900,2038,1588,59010,0.61531932951411
grape_black_rot_google_0066.jpg,773,984,1297,62482,0.40397177946171936
grape_black_rot_google_0081.jpg,5085,5521,1573,53357,0.5890871177015755
grape_black_rot_google_0088.jpg,23312,4766,1025,36433,0.889516359820662
grape_black_rot_google_0096.jpg,1192,432,553,63359,0.707628376372811
grape_black_rot_google_0097.jpg,4963,2178,641,57754,0.7788152216555512
grape_black_rot_google_0108.jpg,2800,1007,660,61069,0.7706068528966561
grape_black_rot_google_0166.jpg,2072,1444,1832,60188,0.5584905660377358
grape_black_rot_google_0188.jpg,2271,599,1775,60891,0.656737998843262
grape_black_rot_google_0233.jpg,499,96,1178,63763,0.4392605633802817
grape_black_rot_google_0239.jpg,18097,2308,4060,41071,0.8503829707250599
grape_black_rot_google_0320.jpg,9340,353,8788,47055,0.6714352467560476
grape_downy_mildew_115.jpg,3623,612,2339,58962,0.7106011572030989
grape_downy_mildew_131.jpg,13,0,8502,57021,0.003048780487804878
grape_downy_mildew_144.jpg,21594,342,5278,38322,0.8848549418128175
grape_downy_mildew_146.jpg,871,281,5314,59070,0.23742674117486712
grape_downy_mildew_152.jpg,7118,210,15596,42612,0.47386991545170093
grape_downy_mildew_164.jpg,14777,275,332,50152,0.9798746725904314
grape_downy_mildew_190.jpg,2654,18,2630,60234,0.6671694318753142
grape_downy_mildew_202.jpg,14977,589,1045,48925,0.948271495504622
grape_downy_mildew_203.jpg,3892,6343,3873,51428,0.43244444444444446
grape_downy_mildew_223.jpg,20436,4932,2704,37464,0.8425826667766142
grape_downy_mildew_238.jpg,31309,2437,389,31401,0.9568180429069127
grape_downy_mildew_241.jpg,5021,961,1042,58512,0.8337069323370693
grape_downy_mildew_251.jpg,16425,4055,1871,43185,0.8471735093872499
grape_downy_mildew_255.jpg,3138,7877,3093,51428,0.36391047199350574
grape_downy_mildew_272.jpg,21308,6753,1929,35546,0.8307536356193224
grape_downy_mildew_275.jpg,8930,924,1367,54315,0.8863083717929632
grape_downy_mildew_29.jpg,733,1256,18545,45002,0.0689330888230592
grape_downy_mildew_42.jpg,26440,992,6175,31929,0.8806434959281896
grape_downy_mildew_49.jpg,1340,24591,2840,36765,0.08900401846501278
grape_downy_mildew_64.jpg,8630,202,1329,55375,0.9185248257144377
grape_downy_mildew_71.jpg,12599,3944,15406,33587,0.5656370656370656
grape_downy_mildew_82.jpg,3167,11608,320,50441,0.3468404336874384
grape_downy_mildew_90.jpg,188,5166,5157,55025,0.035143471352462846
grape_downy_mildew_google_0001.jpg,5401,686,666,58783,0.8887609017607372
grape_downy_mildew_google_0006.jpg,9155,622,9666,46093,0.6402545632561718
grape_downy_mildew_google_0013.jpg,8428,535,3168,53405,0.8198842356145727
grape_downy_mildew_google_0026.jpg,3156,6005,1050,55325,0.47220767561906185
grape_downy_mildew_google_0032.jpg,12066,1285,934,51251,0.9157906720807559
grape_downy_mildew_google_0033.jpg,817,198,104,64417,0.84400826446281
grape_downy_mildew_google_0052.jpg,17513,593,4278,43152,0.8779106198461037
grape_downy_mildew_google_0067.jpg,9384,1523,4014,50615,0.7721867928409792
grape_downy_mildew_google_0080.jpg,44,4311,3111,58070,0.011717709720372836
grape_downy_mildew_google_0081.jpg,2199,334,60,62943,0.917779632721202
grape_downy_mildew_google_0090.jpg,4099,226,1726,59485,0.8076847290640394
grape_downy_mildew_google_0094.jpg,688,70,231,64547,0.8205128205128205
grape_downy_mildew_google_0095.jpg,1816,104,813,62803,0.7984172345570455
grape_downy_mildew_google_0096.jpg,9005,278,2164,54089,0.8805984744768238
grape_downy_mildew_google_0097.jpg,4487,1393,4862,54794,0.589270470812266
grape_downy_mildew_google_0110.jpg,2587,1766,270,60913,0.7176144244105409
grape_downy_mildew_google_0130.jpg,4358,7227,965,52986,0.5154956233735509
grape_downy_mildew_google_0133.jpg,5464,241,16342,43489,0.3972229290102141
grape_downy_mildew_google_0135.jpg,6602,2273,3347,53314,0.701444963875903
grape_downy_mildew_google_0143.jpg,4216,385,1190,59745,0.8426101728789848
grape_downy_mildew_google_0173.jpg,4556,1912,5795,53273,0.5417682383019204
grape_downy_mildew_google_0193.jpg,3325,851,1196,60164,0.7646314821202713
grape_downy_mildew_google_0194.jpg,8282,2178,2164,52912,0.79230842820243
grape_downy_mildew_google_0203.jpg,4318,12167,279,48772,0.40963855421686746
grape_downy_mildew_google_0206.jpg,11802,11299,215,42220,0.6721339484025286
grape_downy_mildew_google_0256.jpg,18092,678,815,45951,0.9603737027895002
grape_downy_mildew_google_0274.jpg,8419,2938,685,53494,0.8229314305263672
grape_downy_mildew_google_0280.jpg,21964,3469,1366,38737,0.9008469536328774
grape_downy_mildew_google_0290.jpg,23973,1945,6095,33523,0.8563926695959704
grape_downy_mildew_google_0294.jpg,8824,199,5371,51142,0.7600999224739426
grape_downy_mildew_google_0415.jpg,18559,753,754,45470,0.9609838187702265
grape_downy_mildew_google_0426.jpg,10711,101,1492,53232,0.9307842711275255
grape_downy_mildew_google_0457.jpg,24526,5997,7874,27139,0.7795559652273414
grape_leaf_spot_101.jpg,18394,536,7342,39264,0.8236242331975104
grape_leaf_spot_11.jpg,18070,346,11816,35304,0.7482091838847252
grape_leaf_spot_140.jpg,24278,553,13732,26973,0.7726802565204246
grape_leaf_spot_142.jpg,24811,1476,2047,37202,0.933709662244802
grape_leaf_spot_145.jpg,6859,354,7459,50864,0.6371278621522456
grape_leaf_spot_157.jpg,7610,27799,55,30072,0.353345405581093
grape_leaf_spot_168.jpg,38874,2555,1979,22128,0.9448968182591575
grape_leaf_spot_170.jpg,2941,1398,1681,59516,0.6563999553621248
grape_leaf_spot_22.jpg,216,60,5397,59863,0.07335710646968925
grape_leaf_spot_47.jpg,18560,696,6613,39667,0.8354903328906795
grape_leaf_spot_53.jpg,12900,2547,9986,40103,0.6730493308637466
grape_leaf_spot_9.jpg,33153,5188,173,27022,0.9251956967642011
grape_leaf_spot_google_0004.jpg,2559,277,996,61704,0.8008136441871382
grape_leaf_spot_google_0028.jpg,3092,1440,2887,58117,0.5883360289220816
grape_leaf_spot_google_0046.jpg,1509,3118,409,60500,0.4611153552330023
grape_leaf_spot_google_0098.jpg,9116,443,3830,52147,0.8101310819817819
grape_leaf_spot_google_0124.jpg,288,17,1176,64055,0.32560768795929906
grape_leaf_spot_google_0173.jpg,30039,29335,96,6066,0.6711950753555508
grapevine_leafroll_disease_20.jpg,10317,438,32163,22618,0.3876021414482953
grapevine_leafroll_disease_google_0001.jpg,30432,0,33958,1146,0.6418763578072599
grapevine_leafroll_disease_google_0015.jpg,8499,6041,11933,39063,0.48604597964085555
grapevine_leafroll_disease_google_0018.jpg,37923,499,427,26687,0.9879383108424946
grapevine_leafroll_disease_google_0023.jpg,30029,5657,28223,1627,0.6393365837041453
grapevine_leafroll_disease_google_0030.jpg,6921,1122,12015,45478,0.5130657177804959
grapevine_leafroll_disease_google_0036.jpg,15031,66,8775,41664,0.7727424620209238
grapevine_leafroll_disease_google_0045.jpg,40885,1009,3523,20119,0.9474867326365554
grapevine_leafroll_disease_google_0050.jpg,28793,4297,15116,17330,0.7478798425953583
grapevine_leafroll_disease_google_0057.jpg,13226,1360,10221,40729,0.6955012752083717
grapevine_leafroll_disease_google_0093.jpg,45447,4306,5749,10034,0.9003952490861722
grapevine_leafroll_disease_google_0116.jpg,24230,293,27962,13051,0.6316887179821417
grapevine_leafroll_disease_google_0154.jpg,28410,9184,2734,25208,0.826617009514388
grapevine_leafroll_disease_google_0181.jpg,5214,420,28605,31297,0.2643145007984184
lettuce_downy_mildew_13.jpg,2479,858,3595,58604,0.5268303049622782
lettuce_downy_mildew_18.jpg,14694,948,1571,48323,0.9210518068135519
lettuce_downy_mildew_23.jpg,5811,8735,646,50344,0.5533495214969291
lettuce_downy_mildew_40.jpg,22537,7109,3245,32645,0.8131991051454138
lettuce_downy_mildew_47.jpg,20939,10324,1964,32309,0.7731418232839788
lettuce_downy_mildew_5.jpg,4645,894,10583,49414,0.4473443443925459
lettuce_downy_mildew_52.jpg,9630,12115,1710,42081,0.5821369200544053
lettuce_downy_mildew_53.jpg,10104,1148,2680,51604,0.8407388916625063
lettuce_downy_mildew_63.jpg,27219,53,13045,25219,0.8060589907604833
lettuce_downy_mildew_64.jpg,38547,957,3358,22674,0.9469960323797123
lettuce_downy_mildew_76.jpg,18542,25,13339,33630,0.7350935616872819
lettuce_downy_mildew_google_0015.jpg,45926,67,15161,4382,0.8577885692939858
lettuce_downy_mildew_google_0018.jpg,2941,159,1409,61027,0.7895302013422819
lettuce_downy_mildew_google_0022.jpg,5606,1120,994,57816,0.8413627495122318
lettuce_downy_mildew_google_0027.jpg,12661,6,3014,49855,0.8934443581963164
lettuce_downy_mildew_google_0057.jpg,18409,5263,1125,40739,0.8521501643290283
lettuce_downy_mildew_google_0147.jpg,10060,19,26802,28655,0.42862316524999466
lettuce_mosaic_virus_16.jpg,2444,7245,124,55723,0.3987925267194256
lettuce_mosaic_virus_24.jpg,371,7652,74,57439,0.08762399622106755
lettuce_mosaic_virus_31.jpg,6027,1800,3268,54441,0.7040065412919051
lettuce_mosaic_virus_8.jpg,20622,3989,595,40330,0.8999738151348521
lettuce_mosaic_virus_google_0049.jpg,4148,812,17219,43357,0.31511376153758497
lettuce_mosaic_virus_google_0050.jpg,4911,32137,132,28356,0.23335154783682974
lettuce_mosaic_virus_google_0070.jpg,1002,24052,81,40401,0.07667291578987642
lettuce_mosaic_virus_google_0076.jpg,4090,39678,49,21719,0.17074748992840294
maple_tar_spot_google_0005.jpg,9746,2544,5610,47636,0.7050567894089561
maple_tar_spot_google_0015.jpg,1627,9,10960,52940,0.22878436335512903
maple_tar_spot_google_0020.jpg,237,22,5828,59449,0.07495256166982922
maple_tar_spot_google_0022.jpg,6195,259,1060,58022,0.9037858341235685
maple_tar_spot_google_0033.jpg,2660,226,638,62012,0.8602846054333765
maple_tar_spot_google_0040.jpg,1227,98,377,63834,0.8378286104472517
maple_tar_spot_google_0041.jpg,1112,93,154,64177,0.9000404694455686
maple_tar_spot_google_0042.jpg,174,1069,1399,62894,0.12357954545454546
maple_tar_spot_google_0043.jpg,13603,614,6246,45073,0.7986261962073622
maple_tar_spot_google_0045.jpg,4282,4079,569,56606,0.6481986073266727
maple_tar_spot_google_0057.jpg,2560,462,971,61543,0.7813215321226918
maple_tar_spot_google_0066.jpg,3124,6160,3595,52657,0.390426794975942
maple_tar_spot_google_0074.jpg,2326,11468,38,51704,0.287906919173165
maple_tar_spot_google_0085.jpg,2918,62591,0,27,0.08528797112251012
maple_tar_spot_google_0088.jpg,1382,2,1453,62699,0.6551315477601327
maple_tar_spot_google_0089.jpg,2640,1973,2516,58407,0.5404852083120074
maple_tar_spot_google_0101.jpg,983,517,479,63557,0.6637407157326131
maple_tar_spot_google_0110.jpg,3651,211,5758,55916,0.5502222892020194
maple_tar_spot_google_0181.jpg,20380,297,997,43862,0.9692300375707423
maple_tar_spot_google_0190.jpg,10706,618,2802,51410,0.8622744845360825
maple_tar_spot_google_0191.jpg,1503,25,6846,57162,0.3043434241166346
maple_tar_spot_google_0200.jpg,13480,33,6532,45491,0.8041759880686055
maple_tar_spot_google_0205.jpg,5654,125,5573,54184,0.6649417852522639
peach_anthracnose_Bing_0002.jpg,6643,2251,275,56367,0.8402479129774855
peach_anthracnose_Bing_0013.jpg,11780,792,607,52357,0.9439480748427421
peach_anthracnose_Google_0197.jpg,11292,140,8244,45860,0.729268922758977
peach_brown_rot_Bing_0000.jpg,20408,715,69,44344,0.9811538461538462
peach_brown_rot_Bing_0009.jpg,4044,204,1943,59345,0.7902296042989742
peach_brown_rot_Bing_0011.jpg,15623,176,991,48746,0.9639959275599297
peach_brown_rot_Bing_0021.jpg,13934,84,2949,48569,0.901847836639591
peach_brown_rot_Bing_0040.jpg,24049,530,449,40508,0.9800517554047721
peach_brown_rot_Bing_0047.jpg,21953,3013,844,39726,0.9192471159684275
peach_brown_rot_Bing_0067.jpg,50870,18,1817,12831,0.9822833695389814
peach_brown_rot_Bing_0085.jpg,10954,1077,321,53184,0.9400154466660946
peach_brown_rot_Bing_0092.jpg,10150,1349,553,53484,0.9143320421583642
peach_brown_rot_Bing_0098.jpg,18993,2147,240,44156,0.9408763282391698
peach_brown_rot_Bing_0111.jpg,34549,1279,1072,28636,0.9670954107125362
peach_brown_rot_Bing_0114.jpg,15070,249,365,49852,0.9800351173831047
peach_brown_rot_Bing_0120.jpg,12178,411,317,52630,0.9709775155477596
peach_brown_rot_Bing_0124.jpg,4620,254,370,60292,0.9367396593673966
peach_brown_rot_Bing_0141.jpg,19109,780,99,45548,0.9775174565823465
peach_brown_rot_Bing_0148.jpg,17461,590,193,47292,0.9780702982775522
peach_brown_rot_Bing_0155.jpg,9443,577,1877,53639,0.8850046860356139
peach_brown_rot_Bing_0164.jpg,16397,1440,536,47163,0.9431693989071038
peach_brown_rot_Bing_0185.jpg,21431,3764,467,39874,0.9101564988427154
peach_brown_rot_Bing_0191.jpg,9831,592,469,54644,0.9488008492978816
peach_brown_rot_Bing_0199.jpg,1926,0,16956,46654,0.185121107266436
peach_brown_rot_Bing_0201.jpg,13134,7617,5532,39253,0.6664129690235178
peach_brown_rot_Bing_0206.jpg,9938,555,768,54275,0.9375913958205576
peach_brown_rot_Bing_0216.jpg,1950,5478,1,58107,0.41582258236485764
peach_brown_rot_Bing_0221.jpg,5432,213,2176,57715,0.8197389270353882
peach_brown_rot_Bing_0235.jpg,1533,7489,66,56448,0.28867338292062894
peach_brown_rot_Bing_0262.jpg,1068,0,6640,57828,0.24339106654512307
peach_brown_rot_Bing_0269.jpg,7425,535,369,57207,0.9426177478735559
peach_brown_rot_Bing_0284.jpg,3810,83,372,61271,0.9436532507739938
peach_brown_rot_Bing_0293.jpg,3305,6288,1477,54466,0.4598260869565217
peach_brown_rot_Bing_0298.jpg,1821,1065,244,62406,0.7356089678852757
peach_brown_rot_Bing_0306.jpg,20316,289,824,44107,0.9733381243262667
peach_brown_rot_Bing_0317.jpg,42506,980,795,21255,0.9795476281009828
peach_brown_rot_Google_0249.jpg,7989,86,742,56719,0.9507318814709033
peach_brown_rot_Google_0268.jpg,1836,223,1980,61497,0.6250212765957447
peach_leaf_curl_2.jpg,303,245,4218,60770,0.11955020714144801
peach_leaf_curl_34.jpg,367,3017,2297,59855,0.12136243386243387
peach_leaf_curl_35.jpg,15023,1702,227,48584,0.9396716184519156
peach_leaf_curl_48.jpg,3915,2226,514,58881,0.7407757805108799
peach_leaf_curl_49.jpg,3547,1458,3437,57094,0.591709066644424
peach_leaf_curl_6.jpg,414,1456,3892,59774,0.13406735751295337
peach_leaf_curl_google_0004.jpg,7245,2772,2411,53108,0.7365424693742693
peach_leaf_curl_google_0011.jpg,2687,442,968,61439,0.7921580188679245
peach_leaf_curl_google_0017.jpg,4951,1184,4279,55122,0.6444516758867556
peach_leaf_curl_google_0020.jpg,2071,517,4524,58424,0.4510508548404661
peach_leaf_curl_google_0035.jpg,7158,852,3947,53579,0.7489406225477374
peach_leaf_curl_google_0057.jpg,6134,5977,6676,46749,0.4922755908671402
peach_leaf_curl_google_0063.jpg,13032,235,2897,49372,0.8927250308261405
peach_leaf_curl_google_0064.jpg,10707,4126,1444,49259,0.7935813815594426
peach_leaf_curl_google_0069.jpg,2281,273,643,62339,0.832785688207375
peach_leaf_curl_google_0071.jpg,4173,6341,1225,53797,0.5245098039215687
peach_leaf_curl_google_0074.jpg,1159,114,3481,60782,0.3920175883646203
peach_leaf_curl_google_0085.jpg,2510,17,1421,61588,0.777330442861567
peach_leaf_curl_google_0093.jpg,6070,267,1781,57418,0.8556526642232873
peach_leaf_curl_google_0099.jpg,6885,468,301,57882,0.9471077790769654
peach_leaf_curl_google_0112.jpg,6330,1732,591,56883,0.8449576186344524
peach_leaf_curl_google_0128.jpg,1083,3452,3401,57600,0.24015966293380642
peach_leaf_curl_google_0149.jpg,13703,2371,172,49290,0.9150889846071655
peach_leaf_curl_google_0164.jpg,1475,2429,1179,60453,0.4498322659347362
peach_leaf_curl_google_0173.jpg,15925,367,1654,47590,0.9403324377786307
peach_leaf_curl_google_0181.jpg,2462,3613,2541,56920,0.44448456400072217
peach_leaf_curl_google_0183.jpg,3230,173,2239,59894,0.7281334535617674
peach_leaf_curl_google_0198.jpg,7511,228,3522,54275,0.8002343916471341
peach_leaf_curl_google_0199.jpg,368,1059,466,63643,0.32551968155683325
peach_leaf_curl_google_0200.jpg,8024,198,223,57091,0.974436820693424
peach_leaf_curl_google_0207.jpg,19471,3362,9342,33361,0.7540177361267087
peach_leaf_curl_google_0224.jpg,7723,212,120,57481,0.978958042844467
peach_leaf_curl_google_0233.jpg,734,1026,2429,61347,0.2981921592524883
peach_leaf_curl_google_0252.jpg,17836,4963,255,42482,0.8723893372462704
peach_leaf_curl_google_0269.jpg,3869,151,2342,59174,0.7563288046134298
peach_leaf_curl_google_0305.jpg,988,958,2226,61364,0.3829457364341085
peach_rust_Bing_0001.jpg,18564,554,10859,35559,0.7648791743062565
peach_rust_Bing_0021.jpg,17078,221,2957,45280,0.9148765200621417
peach_scab_Bing_0007.jpg,6597,21065,3,37871,0.3850913548537739
peach_scab_Bing_0038.jpg,3244,413,107,61772,0.9257990867579908
peach_scab_Bing_0046.jpg,25274,7931,113,32218,0.8627116329874386
peach_scab_Bing_0054.jpg,7339,100,1397,56700,0.9074497681607419
peach_scab_Bing_0070.jpg,8696,407,7036,49397,0.7003019931548218
peach_scab_Bing_0083.jpg,15770,1487,475,47804,0.941436332159274
peach_scab_Bing_0086.jpg,1959,748,593,62236,0.7450085567598402
peach_scab_Bing_0110.jpg,16455,2015,795,46271,0.9213325867861142
peach_scab_Bing_0130.jpg,566,1048,280,63642,0.46016260162601624
peach_scab_Bing_0136.jpg,1550,219,317,63450,0.8525852585258525
peach_scab_Bing_0176.jpg,3522,1111,65,60838,0.8569343065693431
peach_scab_Bing_0181.jpg,9107,5031,578,50820,0.7645552617218654
peach_scab_Bing_0192.jpg,4916,3508,453,56659,0.7128253461900964
peach_scab_Bing_0223.jpg,5351,918,249,59018,0.9016766366163956
peach_scab_Bing_0234.jpg,2412,36,2365,60723,0.667681660899654
peach_scab_Google_0131.jpg,1493,288,1733,62022,0.5963650888755742
plum_bacterial_spot_Bing_0013.jpg,3561,966,4970,56039,0.5454127737785266
plum_bacterial_spot_Bing_0082.jpg,2465,17,4929,58125,0.4991899554475496
plum_bacterial_spot_Google_0057.jpg,11032,837,3031,50636,0.8508406601881845
plum_brown_rot_Bing_0000.jpg,4285,3984,184,57083,0.6727900769351547
plum_brown_rot_Bing_0001.jpg,12886,987,286,51377,0.9529303013496025
plum_brown_rot_Bing_0005.jpg,10915,950,276,53395,0.9468251214434421
plum_brown_rot_Bing_0018.jpg,9253,435,1160,54688,0.9206507138948311
plum_brown_rot_Bing_0025.jpg,10201,2832,7980,44523,0.653616966745691
plum_brown_rot_Bing_0046.jpg,4661,1457,177,59241,0.8508579773640015
plum_brown_rot_Bing_0050.jpg,16680,147,1646,47063,0.948994395926379
plum_brown_rot_Bing_0062.jpg,6636,1628,288,56984,0.8738477745588623
plum_brown_rot_Bing_0075.jpg,40064,8215,293,16964,0.9040119138950313
plum_brown_rot_Bing_0077.jpg,17019,3841,671,44005,0.8829571984435798
plum_brown_rot_Bing_0079.jpg,5739,2382,582,56833,0.7947652679684254
plum_brown_rot_Bing_0084.jpg,12025,716,443,52352,0.9540243563806577
plum_brown_rot_Bing_0097.jpg,5636,17,2275,57608,0.831023296962548
plum_brown_rot_Bing_0154.jpg,2286,1063,38,62149,0.8059227921734532
plum_brown_rot_Bing_0170.jpg,492,466,2133,62445,0.2746301981579682
plum_brown_rot_Google_0177.jpg,9161,1440,1943,52992,0.8441372955540198
plum_pocket_disease_23.jpg,0,292,187,65057,0.0
plum_pocket_disease_google_0007.jpg,4277,1402,55,59802,0.8544600938967136
plum_pocket_disease_google_0020.jpg,7148,729,340,57319,0.9304262935242434
plum_pocket_disease_google_0028.jpg,0,123,1236,64177,0.0
plum_pocket_disease_google_0029.jpg,0,5010,2730,57796,0.0
plum_pocket_disease_google_0032.jpg,12160,79,410,52887,0.9802894111008101
plum_pocket_disease_google_0038.jpg,7745,4259,1357,52175,0.7339145266748792
plum_pocket_disease_google_0047.jpg,2364,134,490,62548,0.8834080717488789
plum_pocket_disease_google_0062.jpg,9752,854,92,54838,0.9537408312958435
plum_pocket_disease_google_0074.jpg,2347,2181,5524,55484,0.37857891765464957
plum_pocket_disease_google_0117.jpg,386,2734,6829,55587,0.07469762941461054
plum_pox_virus_Bing_0011.jpg,15013,2860,2643,45020,0.8451124433561316
plum_pox_virus_Bing_0052.jpg,9683,1624,3861,50368,0.779284535833568
plum_pox_virus_Bing_0054.jpg,7588,2820,7927,47201,0.5854260695135594
plum_pox_virus_Bing_0064.jpg,1684,98,1487,62267,0.6799919240864123
plum_pox_virus_Bing_0076.jpg,18130,29,5922,41455,0.8590177915709175
plum_pox_virus_Bing_0152.jpg,13748,12042,965,38781,0.678863294076982
plum_pox_virus_Google_0040.jpg,1056,130,5877,58473,0.2601305579504865
plum_rust_Bing_0007.jpg,23018,1107,6589,34822,0.856770639469962
plum_rust_Bing_0017.jpg,53112,346,3143,8935,0.9681988460802275
plum_rust_Bing_0022.jpg,43130,40,10357,12009,0.8924340709933062
plum_rust_Bing_0024.jpg,64021,930,63,522,0.9923044135312125
plum_rust_Bing_0036.jpg,38144,279,4752,22361,0.9381325397508578
plum_rust_Bing_0048.jpg,1014,2072,4142,58308,0.24605678233438485
plum_rust_Google_0036.jpg,16882,54,12877,35723,0.7230752757254524
potato_early_blight_33.jpg,261,308,110,64857,0.5553191489361702
potato_early_blight_59.jpg,1350,282,2619,61285,0.48205677557579
potato_early_blight_6.jpg,16168,9484,1136,38748,0.7527702765620635
potato_early_blight_google_0004.jpg,2215,1153,291,61877,0.7541709227102485
potato_early_blight_google_0014.jpg,1171,921,150,63294,0.6861998242015822
potato_early_blight_google_0018.jpg,20663,1380,969,42524,0.9462163709215798
potato_early_blight_google_0021.jpg,673,160,1563,63140,0.43857934180514824
potato_early_blight_google_0024.jpg,1794,2244,1528,59970,0.4875
potato_early_blight_google_0063.jpg,6658,1957,2020,54901,0.7700225524778812
potato_early_blight_google_0076.jpg,2490,2996,9149,50901,0.2908029197080292
potato_early_blight_google_0077.jpg,483,5634,1350,58069,0.12150943396226416
potato_early_blight_google_0095.jpg,4054,2824,2266,56392,0.614335505379603
potato_early_blight_google_0097.jpg,328,5852,876,58480,0.08884073672806067
potato_early_blight_google_0105.jpg,7875,1858,394,55409,0.8749027885790468
potato_early_blight_google_0118.jpg,4192,1002,20,60322,0.8913459493940038
potato_early_blight_google_0147.jpg,2411,413,148,62564,0.8957830206204719
potato_early_blight_google_0153.jpg,4013,15569,186,45768,0.3374963205920693
potato_early_blight_google_0182.jpg,1110,568,354,63504,0.7065563335455124
potato_early_blight_google_0192.jpg,12478,119,7154,45785,0.7743336746408515
potato_early_blight_google_0194.jpg,34367,1699,1359,28111,0.9574047247604189
potato_early_blight_google_0198.jpg,605,33,50,64848,0.9358081979891725
potato_early_blight_google_0224.jpg,1118,295,37,64086,0.8707165109034268
potato_early_blight_google_0252.jpg,2021,253,1468,61794,0.7013708138122505
potato_early_blight_google_0265.jpg,11671,2,24607,29256,0.4867885966924569
potato_early_blight_google_0277.jpg,10350,841,7168,47177,0.7210282489811557
potato_late_blight_11.jpg,3323,212,1029,60972,0.8426524660834285
potato_late_blight_36.jpg,32466,1305,1596,30169,0.9572332050771748
potato_late_blight_43.jpg,5428,339,581,59188,0.921875
potato_late_blight_6.jpg,2288,412,104,62732,0.8986645718774549
potato_late_blight_86.jpg,8230,168,734,56404,0.9480474599700496
potato_late_blight_95.jpg,3749,322,75,61390,0.9497150094996833
potato_late_blight_96.jpg,589,1036,1140,62771,0.35122242098986284
potato_late_blight_google_0032.jpg,827,165,7,64537,0.9058050383351588
potato_late_blight_google_0048.jpg,6102,2078,4654,52702,0.6444866920152091
potato_late_blight_google_0053.jpg,3289,626,1136,60485,0.7887290167865707
potato_late_blight_google_0082.jpg,1382,823,70,63261,0.7558107738583538
potato_late_blight_google_0084.jpg,5692,867,147,58830,0.9182126149378932
potato_late_blight_google_0100.jpg,1972,676,944,61944,0.7088425593098491
potato_late_blight_google_0102.jpg,2016,101,73,63346,0.9586305278174037
potato_late_blight_google_0107.jpg,4802,324,134,60276,0.9544822102961638
potato_late_blight_google_0135.jpg,0,0,7305,58231,0.0
potato_late_blight_google_0169.jpg,9464,501,2214,53357,0.8745552834634754
potato_late_blight_google_0179.jpg,13121,9044,1062,42309,0.7219654451414108
potato_late_blight_google_0183.jpg,4802,263,45,60426,0.9689265536723164
potato_late_blight_google_0205.jpg,2697,277,1008,61554,0.8076059290312921
potato_late_blight_google_0219.jpg,3796,476,28,61236,0.9377470355731226
potato_late_blight_google_0225.jpg,1602,1667,252,62015,0.6254147960179582
potato_late_blight_google_0234.jpg,1518,554,926,62538,0.6722763507528786
raspberry_fire_blight_Bing_0005.jpg,4169,610,1179,59578,0.8233435370790955
raspberry_fire_blight_Bing_0013.jpg,4184,794,1140,59418,0.8122694622403417
raspberry_fire_blight_Bing_0018.jpg,731,3135,747,60923,0.27357784431137727
raspberry_fire_blight_Bing_0041.jpg,2002,432,675,62427,0.7834083349638036
raspberry_fire_blight_Bing_0190.jpg,328,5281,4343,55584,0.06381322957198443
raspberry_fire_blight_Google_0005.jpg,27959,5661,180,31736,0.9054226914295892
raspberry_fire_blight_Google_0221.jpg,96,0,4703,60737,0.03922369765066394
raspberry_gray_mold_Bing_0000.jpg,4283,1889,471,58893,0.7840014643968516
raspberry_gray_mold_Bing_0001.jpg,4913,4314,3224,53085,0.5658834369960839
raspberry_gray_mold_Bing_0020.jpg,1089,182,277,63988,0.825938566552901
raspberry_gray_mold_Bing_0039.jpg,0,43,1992,63501,0.0
raspberry_gray_mold_Bing_0075.jpg,11430,11959,4441,37706,0.5822720326031584
raspberry_gray_mold_Bing_0089.jpg,26245,3997,8335,26959,0.8097559470550122
raspberry_gray_mold_Google_0005.jpg,363,22602,0,42571,0.031121399176954733
raspberry_gray_mold_Google_0078.jpg,4277,2493,2794,55972,0.6180189292681164
raspberry_leaf_spot_Bing_0073.jpg,30089,1081,6339,28027,0.8902334388591379
raspberry_leaf_spot_Bing_0112.jpg,2104,1944,2238,59250,0.5015494636471991
raspberry_leaf_spot_Google_0115.jpg,5348,15717,702,43769,0.39446800663839204
raspberry_yellow_rust_Bing_0006.jpg,48661,3410,135,13330,0.9648547096671855
raspberry_yellow_rust_Bing_0007.jpg,832,167,1576,62961,0.488406222483123
raspberry_yellow_rust_Bing_0010.jpg,31586,263,575,33112,0.9869082955788158
raspberry_yellow_rust_Bing_0018.jpg,17305,6642,624,40965,0.8264877256662527
raspberry_yellow_rust_Bing_0101.jpg,12444,340,132,52620,0.9813880126182966
raspberry_yellow_rust_Bing_0175.jpg,23124,364,487,41561,0.9819316758317587
raspberry_yellow_rust_Bing_0183.jpg,10530,1764,704,52538,0.8951037062223733
rice_blast_151.jpg,764,203,284,64285,0.7583126550868486
rice_blast_23.jpg,1767,230,356,63183,0.8577669902912621
rice_blast_38.jpg,641,800,648,63447,0.4695970695970696
rice_blast_42.jpg,405,306,1184,63641,0.3521739130434783
rice_blast_62.jpg,442,4116,1092,59886,0.14510833880499016
rice_blast_87.jpg,16180,17126,950,31280,0.6416052026330399
rice_blast_google_0004.jpg,797,279,577,63883,0.6506122448979592
rice_blast_google_0007.jpg,2733,768,598,61437,0.8000585480093677
rice_blast_google_0008.jpg,13710,1263,4029,46534,0.8382245047688921
rice_blast_google_0009.jpg,871,4068,528,60069,0.2748501104449353
rice_blast_google_0018.jpg,590,4221,7,60718,0.21819526627218935
rice_blast_google_0027.jpg,3271,931,166,61168,0.8563948160754026
rice_blast_google_0050.jpg,325,463,1114,63634,0.2918724741805119
rice_blast_google_0052.jpg,1792,300,1235,62209,0.7001367454580972
rice_blast_google_0062.jpg,4927,1244,757,58608,0.8312104597216364
rice_blast_google_0111.jpg,8977,3377,1344,51838,0.7917971334068358
rice_blast_google_0152.jpg,3236,610,104,61586,0.9006401335930977
rice_sheath_blight_133.jpg,1684,452,2068,61332,0.5720108695652174
rice_sheath_blight_148.jpg,4553,1585,5319,54079,0.5687695190505934
rice_sheath_blight_198.jpg,2416,2686,2980,57454,0.4602781482187083
rice_sheath_blight_21.jpg,1543,4086,3698,56209,0.28390064397424103
rice_sheath_blight_41.jpg,3360,3431,3683,55062,0.48575972242301574
rice_sheath_blight_43.jpg,4,782,752,63998,0.005188067444876783
rice_sheath_blight_52.jpg,6223,458,12363,46492,0.4925792535718526
rice_sheath_blight_57.jpg,248,1442,3126,60720,0.09794628751974724
rice_sheath_blight_58.jpg,3330,807,11691,49708,0.3476354525524585
rice_sheath_blight_61.jpg,807,1075,12033,51621,0.10963184349952453
rice_sheath_blight_8.jpg,296,1590,988,62662,0.18675078864353312
rice_sheath_blight_google_0000.jpg,2722,332,4477,58005,0.5309665463766703
rice_sheath_blight_google_0027.jpg,12155,1082,1496,50803,0.9041207973817317
rice_sheath_blight_google_0036.jpg,4181,499,8025,52831,0.4952031268506455
rice_sheath_blight_google_0043.jpg,533,451,4595,59957,0.1744109947643979
soybean_bacterial_blight_Baidu_0081.jpg,37980,211,14764,12581,0.835321933249024
soybean_bacterial_blight_Bing_0009.jpg,37261,1616,2294,24365,0.9501478988168095
soybean_bacterial_blight_Bing_0027.jpg,34852,1435,976,28273,0.9665672883588713
soybean_bacterial_blight_Bing_0032.jpg,32535,436,1890,30675,0.9654875660276574
soybean_bacterial_blight_Bing_0044.jpg,17875,1198,2526,43937,0.9056594213912955
soybean_bacterial_blight_Bing_0049.jpg,8876,903,9515,46242,0.6301739439119631
soybean_bacterial_blight_Bing_0055.jpg,25908,453,215,38960,0.9872723115616188
soybean_bacterial_blight_Bing_0057.jpg,2242,1473,341,61480,0.7119720546205145
soybean_bacterial_blight_Bing_0065.jpg,20926,145,14243,30222,0.744167852062589
soybean_bacterial_blight_Bing_0066.jpg,28678,380,15146,21332,0.7869707197936391
soybean_bacterial_blight_Bing_0105.jpg,18591,1721,5899,39325,0.8299183072184277
soybean_bacterial_blight_Bing_0121.jpg,29911,198,432,34995,0.9895785085687818
soybean_bacterial_blight_Bing_0172.jpg,3845,746,75,60870,0.9035365996945129
soybean_bacterial_blight_Bing_0216.jpg,13979,1270,1348,48939,0.9143772893772893
soybean_bacterial_blight_Bing_0227.jpg,11080,5592,141,48723,0.794464561000968
soybean_bacterial_blight_Google_0025.jpg,12255,553,3564,49164,0.8561847207182031
soybean_bacterial_blight_Google_0057.jpg,1359,100,1615,62462,0.6131288066771938
soybean_bacterial_blight_Google_0201.jpg,6267,1020,2767,55482,0.7679676490411127
soybean_brown_spot_Baidu_0009.jpg,19963,4847,208,40518,0.8876192170027345
soybean_brown_spot_Baidu_0010.jpg,9987,9719,72,45758,0.6710566101125482
soybean_brown_spot_Bing_0025.jpg,16396,751,123,48266,0.974039089882968
soybean_brown_spot_Bing_0061.jpg,5522,166,3179,56669,0.7675307526582806
soybean_brown_spot_Bing_0063.jpg,22228,603,359,42346,0.9788189704522436
soybean_brown_spot_Bing_0069.jpg,19667,7833,401,37635,0.8269004372687521
soybean_brown_spot_Bing_0081.jpg,2893,61,1405,61177,0.7978488692774407
soybean_brown_spot_Bing_0090.jpg,8685,1156,1000,54695,0.8895831199426406
soybean_brown_spot_Bing_0115.jpg,24816,776,873,39071,0.9678438407987364
soybean_brown_spot_Bing_0186.jpg,28524,155,9048,27809,0.8610888892243136
soybean_brown_spot_Bing_0223.jpg,33427,672,13608,17829,0.8239948726797643
soybean_brown_spot_Bing_0229.jpg,20582,2561,566,41827,0.9293987491815493
soybean_brown_spot_Bing_0353.jpg,3122,144,4244,58026,0.5872836719337848
soybean_brown_spot_Google_0154.jpg,3643,274,2052,59567,0.7580108198085727
soybean_downy_mildew_Baidu_0000.jpg,5467,471,5445,54153,0.6489020771513353
soybean_downy_mildew_Baidu_0004.jpg,16401,701,4747,43687,0.8575686274509804
soybean_downy_mildew_Baidu_0022.jpg,25730,267,8166,31373,0.8591989047134055
soybean_downy_mildew_Baidu_0031.jpg,3600,60,4939,56937,0.5902123124846299
soybean_downy_mildew_Bing_0012.jpg,17939,390,125,47082,0.9858489269914544
soybean_downy_mildew_Bing_0023.jpg,18822,2474,996,43244,0.9156005253684876
soybean_downy_mildew_Bing_0031.jpg,17323,474,6908,40831,0.8243551917769106
soybean_downy_mildew_Bing_0038.jpg,7834,18673,726,38303,0.44680183648444405
soybean_downy_mildew_Bing_0045.jpg,20912,688,4398,39538,0.8915796205499893
soybean_downy_mildew_Bing_0046.jpg,57380,2284,224,5648,0.9786130913804277
soybean_downy_mildew_Bing_0047.jpg,21159,3748,4166,36463,0.842451027233636
soybean_downy_mildew_Bing_0054.jpg,23823,948,2821,37944,0.9266945443936594
soybean_downy_mildew_Bing_0072.jpg,25237,651,213,39435,0.9831703611360006
soybean_downy_mildew_Bing_0075.jpg,17799,3227,332,44178,0.9091094823403223
soybean_downy_mildew_Bing_0078.jpg,34666,8587,3465,18818,0.8519119237196501
soybean_downy_mildew_Bing_0083.jpg,848,20,14961,49707,0.10169694789230677
soybean_downy_mildew_Bing_0087.jpg,24161,1405,1690,38280,0.9398059007721181
soybean_downy_mildew_Bing_0101.jpg,37956,3088,987,23505,0.9490542213109631
soybean_downy_mildew_Bing_0107.jpg,55024,237,1222,9053,0.986915619647197
soybean_downy_mildew_Bing_0110.jpg,22655,161,369,42351,0.9884380453752182
soybean_downy_mildew_Bing_0115.jpg,578,24,1156,63778,0.4948630136986301
soybean_downy_mildew_Bing_0121.jpg,44176,1056,14729,5575,0.8484208302524558
soybean_downy_mildew_Bing_0127.jpg,13448,864,4350,46874,0.8376206789162255
soybean_downy_mildew_Bing_0142.jpg,29193,1121,154,35068,0.9786292552924021
soybean_downy_mildew_Bing_0143.jpg,3860,830,2712,58134,0.6854910317883147
soybean_downy_mildew_Google_0052.jpg,11635,6486,9972,37443,0.5857329842931938
soybean_downy_mildew_Google_0061.jpg,26848,1842,427,36419,0.9594568033592424
soybean_downy_mildew_Google_0068.jpg,2326,8919,1039,53252,0.3184120465434634
soybean_downy_mildew_Google_0102.jpg,17308,489,6664,41075,0.8287485934544758
soybean_downy_mildew_Google_0256.jpg,115,14,281,65126,0.4380952380952381
soybean_downy_mildew_Google_0302.jpg,45421,687,51,19377,0.9919414719371041
soybean_frog_eye_leaf_spot_Baidu_0012.jpg,13231,3254,662,48389,0.8710909210612944
soybean_frog_eye_leaf_spot_Baidu_0023.jpg,32119,3432,2173,27812,0.9197485789556576
soybean_frog_eye_leaf_spot_Bing_0003.jpg,46673,619,1847,16397,0.9742620966058532
soybean_frog_eye_leaf_spot_Bing_0004.jpg,54261,1436,720,9119,0.9805200672220314
soybean_frog_eye_leaf_spot_Bing_0006.jpg,38181,3819,1822,21714,0.9312098337865687
soybean_frog_eye_leaf_spot_Bing_0007.jpg,3569,81,5778,56108,0.549203662383627
soybean_frog_eye_leaf_spot_Bing_0012.jpg,3297,565,4451,57223,0.5679586563307494
soybean_frog_eye_leaf_spot_Bing_0016.jpg,27332,1267,1799,35138,0.9468906980772562
soybean_frog_eye_leaf_spot_Bing_0017.jpg,41790,1316,761,21669,0.9757521276719942
soybean_frog_eye_leaf_spot_Bing_0029.jpg,10181,347,24329,30679,0.45210710955193395
soybean_frog_eye_leaf_spot_Bing_0047.jpg,13113,3007,1211,48205,0.8614505321245566
soybean_frog_eye_leaf_spot_Bing_0049.jpg,13161,5475,892,46008,0.8052249992352167
soybean_frog_eye_leaf_spot_Bing_0053.jpg,30506,2213,6186,26631,0.8789961245335753
soybean_frog_eye_leaf_spot_Bing_0056.jpg,30683,572,2522,31759,0.9520012410797394
soybean_frog_eye_leaf_spot_Bing_0068.jpg,31,0,333,65172,0.1569620253164557
soybean_frog_eye_leaf_spot_Bing_0086.jpg,8556,303,9787,46890,0.6290713918094257
soybean_frog_eye_leaf_spot_Bing_0089.jpg,854,122,849,63711,0.637551325121314
soybean_frog_eye_leaf_spot_Bing_0095.jpg,259,396,110,64771,0.505859375
soybean_frog_eye_leaf_spot_Bing_0096.jpg,19270,2229,1805,42232,0.9052473340536478
soybean_frog_eye_leaf_spot_Bing_0103.jpg,9207,8125,973,47231,0.6693079383541727
soybean_frog_eye_leaf_spot_Bing_0126.jpg,174,783,4184,60395,0.06547507055503293
soybean_frog_eye_leaf_spot_Bing_0141.jpg,4598,304,2705,57929,0.7534616960262187
soybean_frog_eye_leaf_spot_Bing_0143.jpg,1803,696,2142,60895,0.5595903165735568
soybean_frog_eye_leaf_spot_Bing_0155.jpg,54181,680,1119,9556,0.9836693566688756
soybean_frog_eye_leaf_spot_Bing_0164.jpg,61599,190,545,3202,0.9940693761952022
soybean_frog_eye_leaf_spot_Bing_0189.jpg,452,442,206,64436,0.5824742268041238
soybean_frog_eye_leaf_spot_Bing_0202.jpg,22522,352,7949,34713,0.8443902896241448
soybean_frog_eye_leaf_spot_Bing_0204.jpg,8893,3956,4908,47779,0.6673921200750469
soybean_frog_eye_leaf_spot_Bing_0213.jpg,27885,299,804,36548,0.9806059114166652
soybean_frog_eye_leaf_spot_Bing_0215.jpg,12987,15757,3309,33483,0.5766873889875667
soybean_frog_eye_leaf_spot_Bing_0216.jpg,45174,1811,709,17842,0.9728647112029978
soybean_frog_eye_leaf_spot_Bing_0224.jpg,2281,9,13580,49666,0.2513360145446532
soybean_frog_eye_leaf_spot_Bing_0233.jpg,8521,292,3901,52822,0.8025429715093007
soybean_frog_eye_leaf_spot_Bing_0240.jpg,48431,977,540,15588,0.9845800424887425
soybean_frog_eye_leaf_spot_Bing_0244.jpg,30392,392,2819,31933,0.9498242050160168
soybean_frog_eye_leaf_spot_Bing_0251.jpg,10186,3555,391,51404,0.8377333662307755
soybean_frog_eye_leaf_spot_Bing_0253.jpg,29451,313,3395,32377,0.9407762338284619
soybean_frog_eye_leaf_spot_Google_0048.jpg,36860,2507,3491,22678,0.9247597782182192
soybean_frog_eye_leaf_spot_Google_0056.jpg,23410,33999,33,8094,0.5790827685153119
soybean_frog_eye_leaf_spot_Google_0057.jpg,7127,665,5241,52503,0.7070436507936508
soybean_frog_eye_leaf_spot_Google_0061.jpg,22169,25,40993,2349,0.5194479591358545
soybean_frog_eye_leaf_spot_Google_0089.jpg,8887,2454,4257,49938,0.7259138247906882
soybean_frog_eye_leaf_spot_Google_0096.jpg,46699,3241,1699,13897,0.9497650958937542
soybean_frog_eye_leaf_spot_Google_0109.jpg,27821,562,826,36327,0.9756619323163247
soybean_frog_eye_leaf_spot_Google_0128.jpg,5401,11226,392,48517,0.48180196253345225
soybean_frog_eye_leaf_spot_Google_0221.jpg,3102,1413,3115,57906,0.5780842340663437
soybean_frog_eye_leaf_spot_Google_0362.jpg,5056,620,18222,41638,0.3492436278234441
soybean_frog_eye_leaf_spot_Google_0363.jpg,6495,111,15242,43688,0.4583142222065413
soybean_mosaic_Baidu_0059.jpg,25703,12542,1739,25552,0.7825901624370118
soybean_mosaic_Baidu_0089.jpg,2036,7801,914,54785,0.31844842418080865
soybean_mosaic_Baidu_0094.jpg,37713,690,628,26505,0.9828260189721673
soybean_mosaic_Bing_0000.jpg,19208,830,2263,43235,0.9254860391722277
soybean_mosaic_Bing_0010.jpg,14597,17017,124,33798,0.6300636667745765
soybean_mosaic_Bing_0013.jpg,17288,8015,640,39593,0.7997964423677454
soybean_mosaic_Bing_0018.jpg,11007,1773,3867,48889,0.7960512041657627
soybean_mosaic_Bing_0036.jpg,6318,1237,1569,56412,0.8182877865561455
soybean_mosaic_Bing_0062.jpg,30161,7427,1726,26222,0.8682547679021231
soybean_mosaic_Bing_0076.jpg,14058,2985,22753,25740,0.5220782114606157
soybean_mosaic_Bing_0105.jpg,25656,451,6573,32856,0.8795940756993966
soybean_mosaic_Bing_0108.jpg,42015,623,137,22761,0.9910366788536384
soybean_mosaic_Bing_0112.jpg,20983,266,89,44198,0.9916117294014791
soybean_mosaic_Bing_0118.jpg,1834,284,208,63210,0.8817307692307692
soybean_mosaic_Bing_0124.jpg,49780,841,791,14124,0.9838722428650486
soybean_mosaic_Bing_0176.jpg,8915,2311,550,53760,0.8617273210574646
soybean_mosaic_Bing_0177.jpg,24256,347,450,40483,0.9838366221176661
soybean_mosaic_Bing_0231.jpg,6817,1309,1064,56346,0.8517523583432248
soybean_mosaic_Google_0010.jpg,7006,401,323,57806,0.9508686210640608
soybean_mosaic_Google_0026.jpg,29229,1253,6790,28264,0.8790544503090179
soybean_mosaic_Google_0117.jpg,29366,572,4644,30954,0.9184337274035154
soybean_mosaic_Google_0142.jpg,11459,971,3165,49941,0.8471205736674798
soybean_mosaic_Google_0372.jpg,17960,4703,436,42437,0.8748386468253002
soybean_rust_Baidu_0010.jpg,22098,376,1334,41728,0.9627499673245328
soybean_rust_Baidu_0036.jpg,26109,4024,5520,29883,0.8454713254104466
soybean_rust_Bing_0001.jpg,16012,945,2884,45695,0.8932028003235434
soybean_rust_Bing_0008.jpg,18263,10,18964,28299,0.6581261261261261
soybean_rust_Bing_0019.jpg,17072,1348,2215,44901,0.9055082610655847
soybean_rust_Bing_0022.jpg,53580,725,5513,5718,0.9449902114675743
soybean_rust_Bing_0032.jpg,55142,67,1749,8578,0.9838001784121321
soybean_rust_Bing_0052.jpg,41749,278,1097,22412,0.9837993236954037
soybean_rust_Bing_0055.jpg,10692,8875,148,45821,0.7032591179662577
soybean_rust_Bing_0061.jpg,17998,2006,2393,43139,0.8911003837108553
soybean_rust_Bing_0071.jpg,29199,871,20,35446,0.9849719172190456
soybean_rust_Bing_0073.jpg,36002,1984,3891,23659,0.9245624622812312
soybean_rust_Bing_0074.jpg,41225,508,141,23662,0.992190038387947
soybean_rust_Bing_0075.jpg,57896,379,3632,3629,0.9665200370608416
soybean_rust_Bing_0077.jpg,24213,2575,93,38655,0.9477825184953224
soybean_rust_Bing_0089.jpg,30279,221,5224,29812,0.9175037498295532
soybean_rust_Bing_0096.jpg,13639,4688,13562,33647,0.5991477771920576
soybean_rust_Bing_0145.jpg,32342,524,108,32562,0.9903239635005205
soybean_rust_Bing_0149.jpg,42475,765,1849,20447,0.9701475492211411
soybean_rust_Bing_0150.jpg,24952,178,3017,37389,0.9398293753178026
soybean_rust_Bing_0167.jpg,49538,854,1361,13783,0.9781323118539653
soybean_rust_Bing_0170.jpg,40354,706,3461,21015,0.9509042709867452
soybean_rust_Google_0067.jpg,11825,1752,260,51699,0.9215961343620918
soybean_rust_Google_0218.jpg,38208,515,2893,23920,0.9573060733613951
squash_powdery_mildew_114.jpg,27190,970,7969,29407,0.8588259448190906
squash_powdery_mildew_129.jpg,25994,694,4750,34098,0.9052096392255189
squash_powdery_mildew_17.jpg,36736,508,3337,24955,0.9502696690249234
squash_powdery_mildew_20.jpg,49149,173,1849,14365,0.9798444976076555
squash_powdery_mildew_23.jpg,36264,1823,8212,19237,0.8784564514370844
squash_powdery_mildew_28.jpg,7748,361,1501,55926,0.8927295771402235
squash_powdery_mildew_32.jpg,7276,8254,16003,34003,0.3749645700739519
squash_powdery_mildew_35.jpg,25426,6609,7321,26180,0.7849711339569634
squash_powdery_mildew_37.jpg,34371,23182,3663,4320,0.7191563706361743
squash_powdery_mildew_41.jpg,12218,2088,14111,37119,0.6013535129814199
squash_powdery_mildew_47.jpg,39250,9022,661,16603,0.8901942551285396
squash_powdery_mildew_48.jpg,30957,2258,3947,28374,0.9089094085350636
squash_powdery_mildew_50.jpg,6871,2906,22978,32781,0.3467925099682027
squash_powdery_mildew_6.jpg,28554,9006,1559,26417,0.8438816071402184
squash_powdery_mildew_71.jpg,3538,339,38210,23449,0.1550904109589041
squash_powdery_mildew_google_0000.jpg,19329,1034,7386,37787,0.8211478822379881
squash_powdery_mildew_google_0001.jpg,28771,251,12201,24313,0.8220990370603195
squash_powdery_mildew_google_0006.jpg,28342,1539,5435,30220,0.8904458198498225
squash_powdery_mildew_google_0011.jpg,23990,1345,3748,36453,0.9040378346805343
squash_powdery_mildew_google_0033.jpg,19441,152,24241,21702,0.6144922955353616
squash_powdery_mildew_google_0035.jpg,53888,1440,1328,8880,0.9749601968446954
squash_powdery_mildew_google_0045.jpg,21138,1770,16925,25703,0.6933788194387496
squash_powdery_mildew_google_0047.jpg,12084,881,835,51736,0.9337042188224386
squash_powdery_mildew_google_0049.jpg,38329,366,5479,21362,0.9291540913663745
squash_powdery_mildew_google_0070.jpg,47973,808,9530,7225,0.9027323021339054
squash_powdery_mildew_google_0079.jpg,30311,235,12853,22137,0.8224392891059558
squash_powdery_mildew_google_0102.jpg,21189,801,1107,42439,0.9569164069909226
squash_powdery_mildew_google_0105.jpg,25394,13689,7916,18537,0.7015595430497423
squash_powdery_mildew_google_0109.jpg,28050,437,5438,31611,0.9052037111738604
squash_powdery_mildew_google_0119.jpg,19347,5876,10589,29724,0.7014993020178031
squash_powdery_mildew_google_0124.jpg,39602,1587,10249,14098,0.8699912126537785
squash_powdery_mildew_google_0150.jpg,24414,295,24675,16152,0.6616439469904334
squash_powdery_mildew_google_0183.jpg,20984,508,14147,29897,0.7411829115377143
squash_powdery_mildew_google_0191.jpg,5642,24,14720,45150,0.43353311818042106
squash_powdery_mildew_google_0196.jpg,20340,14258,1693,29245,0.7183344811145839
squash_powdery_mildew_google_0327.jpg,23976,317,6595,34648,0.8740157480314961
strawberry_anthracnose_5.jpg,141,62,297,65036,0.43993759750390016
strawberry_anthracnose_google_0001.jpg,8053,1488,265,55730,0.9018422084103254
strawberry_anthracnose_google_0002.jpg,5473,1923,2877,55263,0.6951606757271688
strawberry_anthracnose_google_0007.jpg,6005,2910,443,56178,0.7817483564407993
strawberry_anthracnose_google_0011.jpg,2458,46,203,62829,0.9517909002904162
strawberry_anthracnose_google_0014.jpg,6141,3813,2275,53307,0.6685900925421884
strawberry_anthracnose_google_0027.jpg,12739,4816,12,47969,0.8406916122220023
strawberry_anthracnose_google_0028.jpg,5856,1154,3260,55266,0.7262805407416595
strawberry_anthracnose_google_0067.jpg,7345,769,515,56907,0.9196193814949293
strawberry_anthracnose_google_0070.jpg,5680,1967,252,57637,0.8365859047057957
strawberry_anthracnose_google_0092.jpg,8731,2337,459,54009,0.8619804521670451
strawberry_anthracnose_google_0143.jpg,837,179,74,64446,0.8687078360145304
strawberry_leaf_scorch_google_0017.jpg,17600,6063,138,41735,0.8502210091543683
strawberry_leaf_scorch_google_0037.jpg,25253,4229,5321,30733,0.8409817503663247
strawberry_leaf_scorch_google_0043.jpg,24947,4317,1758,34514,0.8914577712662367
strawberry_leaf_scorch_google_0062.jpg,953,41,9096,55446,0.1725980258987594
strawberry_leaf_scorch_google_0117.jpg,18425,1684,5018,40409,0.8461149889786921
strawberry_leaf_scorch_google_0122.jpg,11119,3009,10552,40856,0.621190536048493
strawberry_leaf_scorch_google_0133.jpg,1482,162,580,63312,0.7997841338370211
strawberry_leaf_scorch_google_0186.jpg,10598,19935,3918,31085,0.47050988923172543
tobacco_blue_mold_Bing_0016.jpg,2576,2647,548,59765,0.617227746495747
tobacco_blue_mold_Bing_0024.jpg,18473,27090,209,19764,0.5750797727449607
tobacco_blue_mold_Bing_0028.jpg,2216,269,49,63002,0.9330526315789474
tobacco_blue_mold_Bing_0042.jpg,0,1560,2333,61643,0.0
tobacco_blue_mold_Bing_0079.jpg,4837,5110,650,54939,0.6267979784890502
tobacco_blue_mold_Bing_0083.jpg,3639,10545,1101,50251,0.38459099556119214
tobacco_blue_mold_Bing_0094.jpg,6515,1098,9841,48082,0.5436188410029622
tobacco_blue_mold_Bing_0096.jpg,9486,3770,3332,48948,0.7276213852880263
tobacco_blue_mold_Bing_0107.jpg,16449,10182,980,37925,0.7466636404902406
tobacco_blue_mold_Bing_0121.jpg,866,76,1018,63576,0.6128803963198868
tobacco_blue_mold_Bing_0127.jpg,704,76,1134,63622,0.5378151260504201
tobacco_blue_mold_Google_0008.jpg,10168,5169,762,49437,0.7742033730536414
tobacco_brown_spot_Bing_0001.jpg,40143,2919,2850,19624,0.9329614781244553
tobacco_brown_spot_Bing_0003.jpg,2840,196,699,61801,0.8638783269961977
tobacco_brown_spot_Bing_0004.jpg,8928,2747,635,53226,0.8407571334400603
tobacco_brown_spot_Bing_0020.jpg,3721,4685,770,56360,0.5770334186244863
tobacco_brown_spot_Bing_0041.jpg,20359,1935,0,43242,0.9546339061730711
tobacco_brown_spot_Bing_0044.jpg,2744,300,497,61995,0.8731901352426412
tobacco_brown_spot_Bing_0045.jpg,1557,850,527,62602,0.6933867735470942
tobacco_brown_spot_Bing_0047.jpg,4422,21759,7222,32133,0.23381361533377396
tobacco_brown_spot_Bing_0055.jpg,939,2703,69,61825,0.4038709677419355
tobacco_brown_spot_Bing_0122.jpg,3088,572,568,61308,0.8441771459814106
tobacco_brown_spot_Bing_0144.jpg,8438,10311,300,46487,0.6139629643104013
tobacco_brown_spot_Bing_0159.jpg,26202,429,2011,36894,0.9555101743125958
tobacco_brown_spot_Google_0029.jpg,22533,1650,394,40959,0.9566121842496286
tobacco_frogeye_leaf_spot_Bing_0000.jpg,3089,1793,14,60640,0.773700688791484
tobacco_frogeye_leaf_spot_Bing_0002.jpg,1007,11593,129,52807,0.14662201514269074
tobacco_frogeye_leaf_spot_Bing_0007.jpg,2477,834,258,61967,0.8193847171683758
tobacco_frogeye_leaf_spot_Bing_0039.jpg,2678,1012,266,61580,0.8073560446186313
tobacco_frogeye_leaf_spot_Google_0052.jpg,15619,9256,0,40661,0.771422926853361
tobacco_frogeye_leaf_spot_Google_0149.jpg,3076,1150,357,60953,0.8032380206293249
tobacco_mosaic_virus_115.jpg,27037,510,20935,17054,0.7160317271150306
tobacco_mosaic_virus_117.jpg,6912,151,46904,11569,0.22707337505543784
tobacco_mosaic_virus_127.jpg,52858,587,1559,10532,0.9801042072277539
tobacco_mosaic_virus_161.jpg,29338,162,30358,5678,0.6578321897842953
tobacco_mosaic_virus_36.jpg,1037,3061,38872,22566,0.04712886586224919
tobacco_mosaic_virus_4.jpg,43138,7428,6691,8279,0.8593655062503113
tobacco_mosaic_virus_47.jpg,30287,0,32461,2788,0.6510883001021122
tobacco_mosaic_virus_51.jpg,24273,240,35915,5108,0.5731455354718362
tomato_bacterial_leaf_spot_120.jpg,398,8458,1508,55172,0.073963947221706
tomato_bacterial_leaf_spot_14.jpg,5423,4372,1031,54710,0.6674872299833836
tomato_bacterial_leaf_spot_19.jpg,921,3652,3317,57646,0.209056860742254
tomato_bacterial_leaf_spot_2.jpg,21167,3730,122,40517,0.9165981033213528
tomato_bacterial_leaf_spot_200.jpg,15087,233,10998,39218,0.7287525661152034
tomato_bacterial_leaf_spot_27.jpg,13492,1752,18635,31657,0.5696312089675117
tomato_bacterial_leaf_spot_31.jpg,1680,1168,716,61972,0.6407322654462243
tomato_bacterial_leaf_spot_63.jpg,590,672,591,63683,0.4830126893164142
tomato_bacterial_leaf_spot_70.jpg,1,3209,2109,60217,0.00037593984962406017
tomato_bacterial_leaf_spot_71.jpg,1482,3703,2834,57517,0.3119671613514367
tomato_bacterial_leaf_spot_78.jpg,1919,2588,1026,60003,0.515029522275899
tomato_bacterial_leaf_spot_9.jpg,1083,1756,9470,53227,0.1617383512544803
tomato_bacterial_leaf_spot_google_0014.jpg,2935,1799,2876,57926,0.5566619250829777
tomato_bacterial_leaf_spot_google_0020.jpg,1939,3383,14774,45440,0.17599273882459723
tomato_bacterial_leaf_spot_google_0043.jpg,669,328,1090,63449,0.48548621190130625
tomato_bacterial_leaf_spot_google_0087.jpg,7936,399,10669,46532,0.5891610987379362
tomato_bacterial_leaf_spot_google_0103.jpg,995,0,40234,24307,0.047129594543387644
tomato_bacterial_leaf_spot_google_0163.jpg,3177,48,11411,50900,0.35670577667995285
tomato_bacterial_leaf_spot_google_0195.jpg,37498,3144,11642,13252,0.8353122006638302
tomato_bacterial_leaf_spot_google_0276.jpg,7894,398,25579,31665,0.3780198730994852
tomato_bacterial_leaf_spot_google_0319.jpg,38160,422,1406,25548,0.9766084864615857
tomato_bacterial_leaf_spot_google_0405.jpg,593,50,1507,63386,0.4323733138899016
tomato_early_blight_10.jpg,2055,836,1570,61075,0.6307550644567219
tomato_early_blight_118.jpg,14593,1479,1874,47590,0.8969544239220627
tomato_early_blight_136.jpg,1299,685,1236,62316,0.5749059526443904
tomato_early_blight_14.jpg,456,5,1729,63346,0.34467120181405897
tomato_early_blight_155.jpg,5344,2381,3164,54647,0.6584118770405963
tomato_early_blight_159.jpg,3987,2952,1667,56930,0.6332089255935838
tomato_early_blight_160.jpg,16129,700,4400,44307,0.8634830558381069
tomato_early_blight_172.jpg,5124,3500,1576,55336,0.6687548942834769
tomato_early_blight_173.jpg,4547,1062,397,59530,0.8617454752203165
tomato_early_blight_191.jpg,2624,1233,499,61180,0.7518624641833811
tomato_early_blight_202.jpg,10425,1564,1034,52513,0.8892016376663255
tomato_early_blight_321.jpg,318,856,413,63949,0.33385826771653543
tomato_early_blight_4.jpg,3979,825,6,60726,0.9054499943110706
tomato_early_blight_62.jpg,4915,1111,5017,54493,0.6159919789447299
tomato_early_blight_671.jpg,6127,1841,524,57044,0.8382242287434161
tomato_early_blight_96.jpg,3671,1807,1467,58591,0.6915975885455916
tomato_early_blight_google_0000.jpg,1018,1949,3811,58758,0.26115956900974857
tomato_early_blight_google_0041.jpg,8288,7719,0,49529,0.6822803045894217
tomato_early_blight_google_0056.jpg,804,790,2086,61856,0.3586083853702052
tomato_early_blight_google_0059.jpg,12041,2552,2386,48557,0.829841488628532
tomato_early_blight_google_0152.jpg,6273,1675,1814,55774,0.7824134705332086
tomato_early_blight_google_0163.jpg,3264,1363,632,60277,0.7659274903203097
tomato_early_blight_google_0177.jpg,8067,19231,353,37885,0.4517050226776415
tomato_early_blight_google_0188.jpg,5796,4915,1195,53630,0.6548412608744775
tomato_early_blight_google_0198.jpg,8522,2633,3301,51080,0.7417529811123683
tomato_early_blight_google_0209.jpg,1612,125,352,63447,0.8711159146176709
tomato_early_blight_google_0247.jpg,5962,1246,1199,57129,0.8298420210174682
tomato_early_blight_google_0249.jpg,695,1190,71,63580,0.5243304413428895
tomato_early_blight_google_0267.jpg,7344,428,1027,56737,0.9098680542650065
tomato_early_blight_google_0273.jpg,4586,3418,4155,53377,0.547745595700209
tomato_early_blight_google_0291.jpg,3972,591,4599,56374,0.6048423937871175
tomato_early_blight_google_0319.jpg,1559,335,357,63285,0.8183727034120735
tomato_early_blight_google_0326.jpg,11229,3361,1824,49122,0.8124299099229462
tomato_early_blight_google_0341.jpg,8515,7556,1807,47658,0.6452468457545562
tomato_early_blight_google_0355.jpg,5866,2441,4327,52902,0.6341621621621621
tomato_early_blight_google_0411.jpg,2247,2325,453,60511,0.6179867986798679
tomato_early_blight_google_0427.jpg,50424,2378,1550,11184,0.9625104985874627
tomato_late_blight_10.jpg,1089,671,25,63751,0.7578288100208769
tomato_late_blight_109.jpg,10601,598,1160,53177,0.9234320557491289
tomato_late_blight_113.jpg,1865,1444,57,62170,0.7130567769069012
tomato_late_blight_142.jpg,1467,8404,100,55565,0.25651337646441685
tomato_late_blight_147.jpg,1454,2936,1169,59977,0.41465849137316413
tomato_late_blight_182.jpg,3237,3076,751,58472,0.628482671585283
tomato_late_blight_185.jpg,4558,245,366,60367,0.9371851547239642
tomato_late_blight_19.jpg,1801,113,173,63449,0.926440329218107
tomato_late_blight_199.jpg,4149,1404,184,59799,0.8393688043698159
tomato_late_blight_204.jpg,4711,276,87,60462,0.9629024016351558
tomato_late_blight_205.jpg,2293,1655,2665,58923,0.5149337525263867
tomato_late_blight_207.jpg,5270,2150,2387,55729,0.6990780659282351
tomato_late_blight_209.jpg,11638,200,1826,51872,0.9199272784760097
tomato_late_blight_233.jpg,21678,322,3471,40065,0.9195529067424548
tomato_late_blight_61.jpg,25138,8871,1506,30021,0.828912007650075
tomato_late_blight_65.jpg,7557,174,971,56834,0.9295774647887324
tomato_late_blight_76.jpg,2486,885,37,62128,0.8435697319307771
tomato_late_blight_99.jpg,2836,1820,1699,59181,0.6171254488086171
tomato_late_blight_google_0024.jpg,7114,20,2906,55496,0.8294275387664685
tomato_late_blight_google_0045.jpg,10575,1150,768,53043,0.9168545170799376
tomato_late_blight_google_0059.jpg,4051,7457,703,53325,0.49821670151272907
tomato_late_blight_google_0067.jpg,6520,5499,4124,49393,0.5753871949874244
tomato_late_blight_google_0080.jpg,10790,33,2214,52499,0.9056952197087338
tomato_late_blight_google_0081.jpg,1305,54,3643,60534,0.4138259077215792
tomato_late_blight_google_0084.jpg,1277,21,6204,58034,0.2909215172570908
tomato_late_blight_google_0095.jpg,11033,1647,4477,48379,0.7827598439162824
tomato_late_blight_google_0118.jpg,1387,145,824,63180,0.7411167512690355
tomato_late_blight_google_0137.jpg,9906,212,1133,54285,0.9364276598761639
tomato_late_blight_google_0175.jpg,9490,5940,1549,48557,0.7170652461369904
tomato_late_blight_google_0217.jpg,4963,4305,111,56157,0.6920931529772696
tomato_late_blight_google_0221.jpg,3677,88,264,61507,0.9543213080716325
tomato_late_blight_google_0224.jpg,1448,564,200,63324,0.7912568306010929
tomato_late_blight_google_0226.jpg,4805,2974,2115,55642,0.6537859718348187
tomato_leaf_mold_10.jpg,6820,2218,3058,53440,0.7210826813279764
tomato_leaf_mold_148.jpg,1686,849,10266,52735,0.2327604058811348
tomato_leaf_mold_150.jpg,5255,902,965,58414,0.8491556920093722
tomato_leaf_mold_151.jpg,6623,1900,1537,55476,0.7939818977402145
tomato_leaf_mold_163.jpg,5160,6264,100,54012,0.6185567010309279
tomato_leaf_mold_182.jpg,24592,4833,5040,31071,0.8328225273887939
tomato_leaf_mold_190.jpg,1698,158,704,62976,0.7975575387505871
tomato_leaf_mold_196.jpg,1571,14462,1134,48369,0.16768064894866047
tomato_leaf_mold_202.jpg,13617,682,4746,46491,0.8338129936929766
tomato_leaf_mold_203.jpg,25789,2688,4286,32773,0.8808921983877579
tomato_leaf_mold_235.jpg,1683,1538,629,61686,0.6083499005964215
tomato_leaf_mold_25.jpg,12089,2344,385,50718,0.8985765785854982
tomato_leaf_mold_259.jpg,6198,4593,514,54231,0.708221447751814
tomato_leaf_mold_264.jpg,1459,4003,200,59874,0.4097739081589664
tomato_leaf_mold_265.jpg,12540,2819,897,49280,0.8709542992082233
tomato_leaf_mold_277.jpg,2623,1444,711,60758,0.7088231320091879
tomato_leaf_mold_31.jpg,1500,212,3049,60775,0.4791566842357451
tomato_leaf_mold_32.jpg,3420,1242,1920,58954,0.6838632273545291
tomato_leaf_mold_40.jpg,1663,22,406,63445,0.8859882791688866
tomato_leaf_mold_59.jpg,7471,755,4295,53015,0.7473989595838335
tomato_leaf_mold_99.jpg,4387,7612,1803,51734,0.4823794601132553
tomato_leaf_mold_google_0002.jpg,9530,3298,672,52036,0.8276161528441164
tomato_leaf_mold_google_0007.jpg,3957,873,457,60249,0.8561228905235828
tomato_leaf_mold_google_0024.jpg,15040,18641,2506,29349,0.5871903488394792
tomato_leaf_mold_google_0051.jpg,6592,1244,687,57013,0.8722461131326497
tomato_leaf_mold_google_0105.jpg,14417,11048,6331,33740,0.62393698742778
tomato_leaf_mold_google_0116.jpg,9535,2392,1273,52336,0.83879480976468
tomato_leaf_mold_google_0131.jpg,12094,1633,4107,47702,0.8082063619353114
tomato_leaf_mold_google_0135.jpg,3653,1055,610,60218,0.8144019618771597
tomato_leaf_mold_google_0152.jpg,1900,1453,3515,58668,0.4333941605839416
tomato_leaf_mold_google_0174.jpg,2072,7159,8621,47684,0.20799036338084723
tomato_mosaic_virus_143.jpg,4240,4752,429,56115,0.620745187028768
tomato_mosaic_virus_15.jpg,27985,832,7291,29428,0.8732622907337775
tomato_mosaic_virus_16.jpg,11255,5429,2138,46714,0.7484124081524088
tomato_mosaic_virus_194.jpg,10637,20156,3972,30771,0.4685696665345139
tomato_mosaic_virus_25.jpg,6564,6463,4224,48285,0.5512492126810834
tomato_mosaic_virus_33.jpg,9391,51247,7,4891,0.2681763664401165
tomato_mosaic_virus_55.jpg,0,5,31649,33882,0.0
tomato_mosaic_virus_google_0031.jpg,8323,11524,2684,43005,0.539508653659169
tomato_mosaic_virus_google_0042.jpg,3303,4895,2443,54895,0.4737521514629948
tomato_mosaic_virus_google_0049.jpg,33468,1636,6365,24067,0.8932303134633092
tomato_mosaic_virus_google_0113.jpg,15110,3269,775,46382,0.8819752509922951
tomato_mosaic_virus_google_0126.jpg,1565,13,14320,49638,0.17923609918112582
tomato_mosaic_virus_google_0140.jpg,8423,10941,270,45902,0.6004205724061732
tomato_septoria_leaf_spot_10.jpg,2240,895,484,61917,0.7646356033452808
tomato_septoria_leaf_spot_18.jpg,763,6109,497,58167,0.18765371372356124
tomato_septoria_leaf_spot_20.jpg,2555,2060,521,60400,0.6644129502015342
tomato_septoria_leaf_spot_243.jpg,2357,522,332,62325,0.8466235632183908
tomato_septoria_leaf_spot_61.jpg,4081,80,9683,51692,0.45534170153417014
tomato_septoria_leaf_spot_63.jpg,21399,9695,2397,32045,0.7797048642740025
tomato_septoria_leaf_spot_80.jpg,36646,967,9085,18838,0.8793914378959493
tomato_septoria_leaf_spot_google_0021.jpg,3354,1099,3874,57209,0.5742659018919613
tomato_septoria_leaf_spot_google_0022.jpg,6550,1103,7559,50324,0.601966730998989
tomato_septoria_leaf_spot_google_0023.jpg,5365,592,3304,56275,0.733625051278545
tomato_septoria_leaf_spot_google_0026.jpg,17558,347,6181,41450,0.8432427240418788
tomato_septoria_leaf_spot_google_0027.jpg,27389,698,12565,24884,0.8050734116194648
tomato_septoria_leaf_spot_google_0033.jpg,4703,131,21015,39687,0.30786855197695734
tomato_septoria_leaf_spot_google_0045.jpg,15064,622,8937,40913,0.759140272633356
tomato_septoria_leaf_spot_google_0051.jpg,4333,3614,493,57096,0.6784623815861583
tomato_septoria_leaf_spot_google_0053.jpg,2538,8406,695,53897,0.35804472032164775
tomato_septoria_leaf_spot_google_0061.jpg,16862,3521,1381,43772,0.8730906643193703
tomato_septoria_leaf_spot_google_0070.jpg,12362,973,9335,42866,0.7057547385247773
tomato_septoria_leaf_spot_google_0081.jpg,25522,1776,2304,35934,0.9259850518830274
tomato_septoria_leaf_spot_google_0128.jpg,9663,1475,8687,45711,0.6553852414541509
tomato_septoria_leaf_spot_google_0131.jpg,12003,2074,2235,49224,0.8478191771146035
tomato_septoria_leaf_spot_google_0151.jpg,10346,992,6315,47883,0.7390263937997785
tomato_septoria_leaf_spot_google_0189.jpg,3719,1016,382,60419,0.8417836124943413
tomato_septoria_leaf_spot_google_0205.jpg,2635,2,10578,52321,0.3324921135646688
tomato_septoria_leaf_spot_google_0208.jpg,13199,15263,278,36796,0.6294379932759484
tomato_septoria_leaf_spot_google_0243.jpg,15021,3530,1385,45600,0.8593986898189204
tomato_yellow_leaf_curl_virus_15.jpg,5686,2105,12486,45259,0.4380079343681393
tomato_yellow_leaf_curl_virus_17.jpg,7352,2229,3665,52290,0.7138557141470045
tomato_yellow_leaf_curl_virus_18.jpg,11675,6057,4338,43466,0.6919543636094236
tomato_yellow_leaf_curl_virus_227.jpg,14752,2799,4972,43013,0.7915224681421864
tomato_yellow_leaf_curl_virus_4.jpg,2965,618,13639,48314,0.29375340565710606
tomato_yellow_leaf_curl_virus_40.jpg,3669,5323,3779,52765,0.44635036496350367
tomato_yellow_leaf_curl_virus_44.jpg,7986,2125,5239,50186,0.6844360644497771
tomato_yellow_leaf_curl_virus_62.jpg,13628,2600,5575,43733,0.7692698484378087
tomato_yellow_leaf_curl_virus_99.jpg,2111,3230,7892,52303,0.27515641293013554
tomato_yellow_leaf_curl_virus_google_0010.jpg,3308,30,7931,54267,0.4538656788090828
tomato_yellow_leaf_curl_virus_google_0021.jpg,5205,740,4227,55364,0.676985107628276
tomato_yellow_leaf_curl_virus_google_0032.jpg,563,1271,2522,61180,0.22890831469810938
tomato_yellow_leaf_curl_virus_google_0037.jpg,17987,3652,6153,37744,0.7858188252255401
tomato_yellow_leaf_curl_virus_google_0061.jpg,3698,5228,3748,52862,0.45174688492548254
tomato_yellow_leaf_curl_virus_google_0072.jpg,6371,5357,4067,49741,0.5748443562212397
tomato_yellow_leaf_curl_virus_google_0078.jpg,17390,14304,3745,30097,0.6583505271725757
tomato_yellow_leaf_curl_virus_google_0114.jpg,4276,4392,5253,51615,0.4699675770731439
tomato_yellow_leaf_curl_virus_google_0146.jpg,141,426,241,64728,0.2971548998946259
tomato_yellow_leaf_curl_virus_google_0162.jpg,15175,7248,3638,39475,0.7360073721990493
wheat_bacterial_leaf_streak_(black_chaff)_Baidu_0031.jpg,753,752,1922,62109,0.36028708133971293
wheat_bacterial_leaf_streak_(black_chaff)_Baidu_0039.jpg,1497,125,3207,60707,0.47328485614922544
wheat_bacterial_leaf_streak_(black_chaff)_Baidu_0040.jpg,3477,16,10971,51072,0.3876038124965164
wheat_bacterial_leaf_streak_(black_chaff)_Baidu_0202.jpg,846,333,9397,54960,0.14813517772719315
wheat_bacterial_leaf_streak_(black_chaff)_Baidu_0217.jpg,264,505,7662,57105,0.060724554341575615
wheat_bacterial_leaf_streak_(black_chaff)_Baidu_0235.jpg,6363,1657,9189,48327,0.5398778211437298
wheat_bacterial_leaf_streak_(black_chaff)_Baidu_0241.jpg,240,63,2270,62963,0.17063633131887665
wheat_bacterial_leaf_streak_(black_chaff)_Baidu_0253.jpg,164,165,4132,61075,0.07091891891891892
wheat_bacterial_leaf_streak_(black_chaff)_Baidu_0275.jpg,37456,251,5938,21891,0.9236877473767278
wheat_bacterial_leaf_streak_(black_chaff)_Bing_0004.jpg,19122,427,672,45315,0.9720661871235036
wheat_bacterial_leaf_streak_(black_chaff)_Bing_0009.jpg,35786,2120,10410,17220,0.8510142446077382
wheat_bacterial_leaf_streak_(black_chaff)_Google_0141.jpg,5997,173,480,58886,0.9483672017079149
wheat_bacterial_leaf_streak_(black_chaff)_Google_0142.jpg,6463,52,17277,41744,0.4272351677408693
wheat_bacterial_leaf_streak_(black_chaff)_Google_0283.jpg,4603,787,2544,57602,0.7343064528994178
wheat_bacterial_leaf_streak_(black_chaff)_Google_0314.jpg,10785,867,4791,49093,0.7921992066989864
wheat_bacterial_leaf_streak_(black_chaff)_black_chaff (10).jpg,17532,2994,1712,43298,0.8816696002011567
wheat_bacterial_leaf_streak_(black_chaff)_black_chaff (2).jpg,8767,152,3406,53211,0.8313104494595107
wheat_bacterial_leaf_streak_(black_chaff)_black_chaff (23).jpg,2945,287,2960,59344,0.6446317171938273
wheat_bacterial_leaf_streak_(black_chaff)_black_chaff (25).jpg,10263,3163,4545,47565,0.7269958206417794
wheat_bacterial_leaf_streak_(black_chaff)_black_chaff (3).jpg,21869,1188,3076,39403,0.9111703679013374
wheat_bacterial_leaf_streak_(black_chaff)_black_chaff (9).jpg,3150,7961,497,53928,0.4268871120748069
wheat_bacterial_leaf_streak_(black_chaff)_google_black_chaff (15).jpg,595,154,190,64597,0.7757496740547588
wheat_bacterial_leaf_streak_(black_chaff)_google_black_chaff (5).jpg,876,277,263,64120,0.7643979057591623
wheat_head_scab_Baidu_0007.jpg,410,2056,389,62681,0.25114854517611024
wheat_head_scab_Baidu_0018.jpg,2073,1295,5697,56471,0.37223918118154065
wheat_head_scab_Baidu_0053.jpg,11124,1098,5069,48245,0.7829667429174731
wheat_head_scab_Baidu_0065.jpg,1777,849,492,62418,0.726046986721144
wheat_head_scab_Baidu_0081.jpg,20706,6888,624,37318,0.8464557272504293
wheat_head_scab_Baidu_0093.jpg,2204,2200,1590,59542,0.5376921200292755
wheat_head_scab_Baidu_0101.jpg,3627,326,991,60592,0.8463423171158558
wheat_head_scab_Baidu_0111.jpg,2639,301,9167,53429,0.35792757357927574
wheat_head_scab_Baidu_0127.jpg,4641,7813,2077,51005,0.4841435426663885
wheat_head_scab_Baidu_0137.jpg,465,372,145,64554,0.6427090532135452
wheat_head_scab_Baidu_0138.jpg,1887,240,4887,58522,0.4239973036737445
wheat_head_scab_Baidu_0144.jpg,3999,2909,2025,56603,0.6184658212186823
wheat_head_scab_Baidu_0162.jpg,3669,3031,1230,57606,0.632640744891801
wheat_head_scab_Baidu_0175.jpg,8896,497,3929,52214,0.8007921505085966
wheat_head_scab_Baidu_0185.jpg,3792,243,1093,60408,0.8502242152466367
wheat_head_scab_Baidu_0264.jpg,5477,948,4892,54219,0.6522567583660831
wheat_head_scab_Baidu_0281.jpg,2736,2309,656,59835,0.648571767215835
wheat_head_scab_Baidu_0297.jpg,837,0,756,63943,0.6888888888888889
wheat_head_scab_Baidu_0310.jpg,19336,303,2413,43484,0.9343771141393641
wheat_head_scab_Baidu_0332.jpg,14313,7846,3458,39919,0.7169045830202855
wheat_head_scab_Baidu_0368.jpg,7072,116,15249,43099,0.4793113965230946
wheat_head_scab_Baidu_0404.jpg,3220,2143,7176,52997,0.4086553715337268
wheat_head_scab_Baidu_0431.jpg,4193,387,1382,59574,0.8258000984736583
wheat_head_scab_Baidu_0434.jpg,20227,1364,5524,38421,0.8545055130750707
wheat_head_scab_Baidu_0474.jpg,13062,442,1535,50497,0.9296466317924629
wheat_head_scab_Baidu_0481.jpg,2042,57,1364,62073,0.7418710263396912
wheat_head_scab_Bing_0023.jpg,6151,357,799,58229,0.9141031356813791
wheat_head_scab_Bing_0040.jpg,805,434,2555,61742,0.350076103500761
wheat_head_scab_Bing_0043.jpg,5161,997,956,58422,0.8408961303462322
wheat_head_scab_Bing_0071.jpg,534,173,118,64711,0.7858719646799117
wheat_head_scab_Bing_0087.jpg,6576,3023,449,55488,0.7911453320500481
wheat_head_scab_Bing_0111.jpg,3349,1544,200,60443,0.7934138829661218
wheat_head_scab_Bing_0125.jpg,10968,14755,99,39714,0.5962489807012775
wheat_head_scab_Bing_0138.jpg,1429,638,95,63374,0.7958785853522695
wheat_head_scab_Bing_0140.jpg,0,0,776,64760,0.0
wheat_head_scab_Bing_0141.jpg,766,206,33,64531,0.8650479954827781
wheat_head_scab_Bing_0176.jpg,7563,412,1571,55990,0.8840960897773101
wheat_head_scab_Bing_0178.jpg,830,4638,1618,58450,0.20970186963112683
wheat_head_scab_Bing_0179.jpg,5993,5113,687,53743,0.6739008208703474
wheat_head_scab_Bing_0181.jpg,724,4119,0,60693,0.2601041853781211
wheat_head_scab_Bing_0186.jpg,6166,2852,1990,54528,0.7180621870269012
wheat_head_scab_Bing_0204.jpg,22078,926,6019,36513,0.8640926792039295
wheat_head_scab_Bing_0206.jpg,6986,2138,324,56088,0.8501886333211635
wheat_head_scab_Bing_0219.jpg,4329,790,35,60382,0.9130022144890857
wheat_head_scab_Bing_0245.jpg,839,240,68,64389,0.8449144008056395
wheat_head_scab_Bing_0257.jpg,2449,258,615,62214,0.8487263905735575
wheat_head_scab_Bing_0272.jpg,836,4816,10,59874,0.2573099415204678
wheat_head_scab_Bing_0279.jpg,3159,647,4729,57001,0.5402770651616213
wheat_head_scab_Bing_0287.jpg,0,2360,0,63176,0.0
wheat_head_scab_Bing_0288.jpg,1124,10278,298,53836,0.1752963194011229
wheat_head_scab_Bing_0298.jpg,893,309,98,64236,0.8144094847241222
wheat_head_scab_Bing_0311.jpg,467,540,91,64438,0.5968051118210863
wheat_head_scab_Bing_0319.jpg,2182,150,312,62892,0.904268545379196
wheat_head_scab_Google_0034.jpg,1134,149,265,63988,0.8456375838926175
wheat_head_scab_Google_0057.jpg,1208,114,528,63686,0.790058862001308
wheat_head_scab_Google_0083.jpg,6437,616,515,57968,0.9192431274544806
wheat_head_scab_Google_0085.jpg,5787,3718,368,55663,0.7390804597701149
wheat_head_scab_Google_0098.jpg,7427,2490,829,54790,0.8173664227150168
wheat_head_scab_Google_0189.jpg,1857,4827,1479,57373,0.37065868263473056
wheat_head_scab_Google_0202.jpg,3895,2409,67,59165,0.7588155075004871
wheat_head_scab_Google_0205.jpg,3344,1088,1628,59476,0.7111867290514675
wheat_head_scab_Google_0264.jpg,30,368,81,65057,0.11787819253438114
wheat_head_scab_Google_0309.jpg,14173,6597,2030,42736,0.7666675682254618
wheat_head_scab_Google_0394.jpg,581,2270,227,62458,0.3175731074063952
wheat_leaf_rust_Baidu_0025.jpg,40014,337,3855,21330,0.9502255996200427
wheat_leaf_rust_Baidu_0072.jpg,6030,4672,3528,51306,0.5952615992102666
wheat_leaf_rust_Baidu_0088.jpg,6810,109,550,58067,0.9538483087050914
wheat_leaf_rust_Baidu_0263.jpg,5849,164,600,58923,0.9386936286310383
wheat_leaf_rust_Baidu_0317.jpg,7567,146,1545,56278,0.8994947994056464
wheat_leaf_rust_Baidu_0365.jpg,6104,2686,348,56398,0.8009447579057867
wheat_leaf_rust_Bing_0008.jpg,28718,142,2064,34612,0.9630126420978505
wheat_leaf_rust_Bing_0020.jpg,11579,20,5259,48678,0.8143615711924606
wheat_leaf_rust_Bing_0031.jpg,58790,795,442,5509,0.9895890318725435
wheat_leaf_rust_Bing_0032.jpg,27154,120,1521,36741,0.9706697170637545
wheat_leaf_rust_Bing_0034.jpg,9499,876,1259,53902,0.8989731699238158
wheat_leaf_rust_Bing_0036.jpg,2722,768,1569,60477,0.6996530008996273
wheat_leaf_rust_Bing_0042.jpg,20714,1012,905,42905,0.9557734456107971
wheat_leaf_rust_Bing_0047.jpg,22809,84,568,42075,0.9859087961962395
wheat_leaf_rust_Bing_0055.jpg,6835,174,3604,54923,0.7834708849151766
wheat_leaf_rust_Google_0037.jpg,7237,8295,2560,47444,0.5714398515535553
wheat_leaf_rust_Google_0040.jpg,23936,4666,1474,35460,0.886321558172258
wheat_leaf_rust_Google_0058.jpg,25157,119,2449,37811,0.9514390529858932
wheat_leaf_rust_Google_0065.jpg,20410,2644,700,41782,0.9242822208133321
wheat_leaf_rust_Google_0069.jpg,18537,209,274,46516,0.9871395478872115
wheat_leaf_rust_Google_0103.jpg,8901,76,10378,46181,0.6300254813137033
wheat_leaf_rust_Google_0328.jpg,3973,453,496,60614,0.8933108487914558
wheat_leaf_rust_Google_0339.jpg,34969,473,4003,26091,0.9398500282204961
wheat_leaf_rust_Google_0358.jpg,7193,450,5722,52171,0.6997762428251776
wheat_leaf_rust_Google_0374.jpg,240,0,571,64725,0.45670789724072314
wheat_leaf_rust_Google_0376.jpg,11851,7733,319,45633,0.7464256471625622
wheat_loose_smut_Baidu_0009.jpg,2487,5323,326,57400,0.46822931375317706
wheat_loose_smut_Baidu_0016.jpg,2515,772,161,62088,0.8435351333221532
wheat_loose_smut_Baidu_0023.jpg,17576,1556,836,45568,0.9362880886426593
wheat_loose_smut_Baidu_0034.jpg,5299,496,627,59114,0.9041890623666923
wheat_loose_smut_Baidu_0036.jpg,13623,3896,1234,46783,0.8415492957746479
wheat_loose_smut_Bing_0004.jpg,13050,1131,859,50496,0.9291562833748666
wheat_loose_smut_Bing_0008.jpg,3082,124,898,61432,0.8577790147509046
wheat_loose_smut_Bing_0009.jpg,5974,421,515,58626,0.9273517541136294
wheat_loose_smut_Bing_0022.jpg,2093,395,1588,61460,0.6785540606257092
wheat_loose_smut_Bing_0027.jpg,3720,223,277,61316,0.9370277078085643
wheat_loose_smut_Bing_0095.jpg,69,120,5209,60138,0.025242363270532284
wheat_loose_smut_Bing_0097.jpg,2072,351,173,62940,0.8877463581833762
wheat_loose_smut_Bing_0107.jpg,7585,717,656,56578,0.9170041709484374
wheat_loose_smut_Bing_0109.jpg,4531,3015,922,57068,0.697130548503731
wheat_loose_smut_Bing_0113.jpg,5245,464,912,58915,0.8840384291252318
wheat_loose_smut_Bing_0123.jpg,16530,2146,530,46330,0.9251175285426461
wheat_loose_smut_Bing_0136.jpg,666,5150,11,59709,0.2051440012320961
wheat_loose_smut_Bing_0137.jpg,2190,1037,35,62274,0.8033749082905356
wheat_loose_smut_Bing_0176.jpg,4314,39,397,60786,0.9518976169461606
wheat_loose_smut_Bing_0178.jpg,0,8,974,64554,0.0
wheat_loose_smut_Bing_0199.jpg,771,1340,1880,61545,0.32381352372952543
wheat_loose_smut_Bing_0203.jpg,4273,80,244,60939,0.9634723788049605
wheat_loose_smut_Bing_0230.jpg,4525,407,124,60480,0.9445778102494521
wheat_loose_smut_Bing_0234.jpg,1895,425,1910,61306,0.6187755102040816
wheat_loose_smut_Bing_0239.jpg,8027,1732,1114,54663,0.8494179894179894
wheat_loose_smut_Bing_0245.jpg,292,1052,91,64101,0.3381586566299942
wheat_loose_smut_Bing_0263.jpg,1951,153,215,63217,0.9138173302107728
wheat_loose_smut_Bing_0264.jpg,1211,114,113,64098,0.9143072857682144
wheat_loose_smut_Bing_0283.jpg,601,11404,766,52765,0.08988932096918935
wheat_loose_smut_Bing_0290.jpg,885,102,108,64441,0.8939393939393939
wheat_loose_smut_Bing_0299.jpg,373,36,31,65096,0.9175891758917589
wheat_loose_smut_Bing_0305.jpg,4210,940,1095,59291,0.8053562888570062
wheat_loose_smut_Bing_0335.jpg,782,25,346,64383,0.8082687338501292
wheat_loose_smut_Bing_0400.jpg,4689,158,1618,59071,0.8407746100053792
wheat_loose_smut_Google_0043.jpg,3330,313,242,61651,0.9230769230769231
wheat_loose_smut_Google_0065.jpg,7527,311,961,56737,0.9220874678427049
wheat_loose_smut_Google_0068.jpg,11443,214,1707,52172,0.9225621800298303
wheat_loose_smut_Google_0079.jpg,3262,229,590,61455,0.888465204957102
wheat_loose_smut_Google_0081.jpg,4789,208,529,60010,0.9285506543868153
wheat_loose_smut_Google_0178.jpg,6748,112,1824,56852,0.8745463970969414
wheat_loose_smut_Google_0229.jpg,456,144,35,64901,0.8359303391384051
wheat_loose_smut_Google_0241.jpg,2851,170,389,62126,0.9107171378374062
wheat_loose_smut_Google_0253.jpg,1312,760,879,62585,0.6155289702087732
wheat_powdery_mildew_Baidu_0001.jpg,13539,2660,2699,46638,0.8347874341030305
wheat_powdery_mildew_Baidu_0007.jpg,7559,3713,1431,52833,0.7461257526404106
wheat_powdery_mildew_Baidu_0012.jpg,11165,12805,1659,39907,0.6068924281132794
wheat_powdery_mildew_Baidu_0019.jpg,631,123,212,64570,0.7902316844082655
wheat_powdery_mildew_Baidu_0034.jpg,11415,2257,2598,49266,0.8246342784901571
wheat_powdery_mildew_Baidu_0040.jpg,3314,4291,5543,52388,0.402624225489005
wheat_powdery_mildew_Baidu_0044.jpg,1190,1924,5446,56976,0.2441025641025641
wheat_powdery_mildew_Baidu_0049.jpg,53157,45,12188,146,0.8968088606206821
wheat_powdery_mildew_Baidu_0070.jpg,5921,27079,1324,31212,0.29424773263759474
wheat_powdery_mildew_Baidu_0082.jpg,9090,4217,1248,50981,0.768872911820681
wheat_powdery_mildew_Baidu_0083.jpg,1578,66,1314,62578,0.6957671957671958
wheat_powdery_mildew_Baidu_0089.jpg,2168,7116,1783,54469,0.3276161692482055
wheat_powdery_mildew_Baidu_0108.jpg,16165,1008,6381,41982,0.8139681260857524
wheat_powdery_mildew_Baidu_0141.jpg,4654,37,17900,42945,0.34164066801247933
wheat_powdery_mildew_Baidu_0181.jpg,37726,67,22462,5281,0.7700676661801777
wheat_powdery_mildew_Baidu_0206.jpg,5793,12953,1176,45614,0.45055415127357573
wheat_powdery_mildew_Baidu_0252.jpg,679,40,14815,50002,0.08375994572256831
wheat_powdery_mildew_Baidu_0279.jpg,6534,694,4816,53492,0.7034126386048014
wheat_powdery_mildew_Baidu_0286.jpg,64468,331,489,248,0.9936804463762755
wheat_powdery_mildew_Baidu_0295.jpg,394,1523,552,63067,0.27523576667830946
wheat_powdery_mildew_Bing_0005.jpg,25849,8414,19155,12118,0.6522007897359557
wheat_powdery_mildew_Bing_0014.jpg,35229,254,3893,26160,0.9444139132765901
wheat_powdery_mildew_Bing_0016.jpg,19791,799,100,44846,0.9777920505916355
wheat_powdery_mildew_Bing_0023.jpg,29146,830,617,34943,0.9757779674919232
wheat_powdery_mildew_Bing_0037.jpg,45004,533,548,19451,0.9881324858105809
wheat_powdery_mildew_Bing_0042.jpg,8226,4365,4102,48843,0.6602191099161283
wheat_powdery_mildew_Bing_0043.jpg,16962,6149,15273,27152,0.6129440248617787
wheat_powdery_mildew_Bing_0045.jpg,4426,2726,326,58058,0.7436155913978495
wheat_powdery_mildew_Bing_0054.jpg,3323,38184,1560,22469,0.14326363440396636
wheat_powdery_mildew_Bing_0073.jpg,13475,922,5304,45835,0.8123342175066313
wheat_powdery_mildew_Bing_0080.jpg,174,3643,6699,55020,0.03255378858746492
wheat_powdery_mildew_Bing_0088.jpg,25623,5981,2651,31281,0.855840208423795
wheat_powdery_mildew_Bing_0093.jpg,23275,3826,414,38021,0.9165189998031108
wheat_powdery_mildew_Bing_0115.jpg,0,5461,241,59834,0.0
wheat_powdery_mildew_Bing_0126.jpg,29862,159,676,34839,0.9862117934576199
wheat_powdery_mildew_Bing_0163.jpg,36043,163,20013,9317,0.7813184192842123
wheat_powdery_mildew_Bing_0170.jpg,9462,1922,2188,51964,0.8215681166970565
wheat_powdery_mildew_Bing_0177.jpg,62693,328,2215,300,0.9801217863033401
wheat_powdery_mildew_Bing_0188.jpg,25604,496,1015,38421,0.9713386065744798
wheat_powdery_mildew_Bing_0203.jpg,9350,122,1861,54203,0.9041241599381135
wheat_powdery_mildew_Bing_0214.jpg,11333,2151,10954,41098,0.633641776858349
wheat_powdery_mildew_Bing_0219.jpg,12553,26,5608,47349,0.8167208848405986
wheat_powdery_mildew_Google_0014.jpg,8198,3650,2022,51666,0.7429762552111655
wheat_powdery_mildew_Google_0051.jpg,20228,170,664,44474,0.9798014046984742
wheat_powdery_mildew_Google_0056.jpg,13337,894,1316,49989,0.9234870516548954
wheat_powdery_mildew_Google_0079.jpg,3012,4223,2409,55892,0.47597977243994943
wheat_powdery_mildew_Google_0101.jpg,12557,521,74,52384,0.9768563538060602
wheat_powdery_mildew_Google_0115.jpg,38629,214,8936,17757,0.8941070271271179
wheat_powdery_mildew_Google_0122.jpg,8255,1315,162,55804,0.9178851392672486
wheat_powdery_mildew_Google_0203.jpg,5281,3602,6529,50124,0.5104141497124631
wheat_powdery_mildew_Google_0218.jpg,3280,6577,1866,53813,0.437245884156502
wheat_powdery_mildew_Google_0263.jpg,10685,1717,10921,42213,0.6283815572806398
wheat_powdery_mildew_Google_0317.jpg,1119,0,807,63610,0.734975369458128
wheat_powdery_mildew_Google_0329.jpg,13134,796,534,51072,0.9518081020363794
wheat_septoria_blotch_Baidu_0007.jpg,6176,79,1365,57916,0.8953319802841403
wheat_septoria_blotch_Baidu_0033.jpg,1763,253,651,62869,0.7959367945823927
wheat_septoria_blotch_Baidu_0098.jpg,14405,684,1499,48948,0.9295647404252573
wheat_septoria_blotch_Baidu_0123.jpg,3434,1183,2663,58256,0.641030427478066
wheat_septoria_blotch_Bing_0041.jpg,6536,24,1286,57690,0.9089139201780003
wheat_septoria_blotch_Bing_0044.jpg,15431,1499,521,48085,0.9385682136123107
wheat_septoria_blotch_Bing_0045.jpg,8702,1267,3917,51650,0.7704976093500974
wheat_septoria_blotch_Bing_0051.jpg,5486,1296,2685,56069,0.733765799505116
wheat_septoria_blotch_Google_0016.jpg,15822,240,563,48911,0.975251949332758
wheat_septoria_blotch_Google_0021.jpg,28079,21142,9513,6802,0.6468846831695714
wheat_septoria_blotch_Google_0027.jpg,2408,639,3146,59343,0.5599348912917103
wheat_septoria_blotch_Google_0049.jpg,19456,72,5508,40500,0.8745841949114448
wheat_septoria_blotch_Google_0058.jpg,14158,1726,2450,47202,0.8714760556444663
wheat_septoria_blotch_Google_0061.jpg,3614,124,1751,60047,0.7940239481489619
wheat_septoria_blotch_Google_0115.jpg,13050,538,7041,44907,0.7749636271860804
wheat_septoria_blotch_Google_0119.jpg,31408,138,5788,28202,0.913793605074045
wheat_septoria_blotch_Google_0140.jpg,2250,17509,2027,43750,0.1872191712431353
wheat_septoria_blotch_Google_0174.jpg,3999,691,1844,59002,0.759327826829963
wheat_septoria_blotch_Google_0206.jpg,3804,183,1253,60296,0.8412206988058382
wheat_septoria_blotch_Google_0309.jpg,10921,696,1036,52883,0.9265292271146178
wheat_septoria_blotch_blotch (10).jpg,10789,2316,16,52415,0.9024675867837725
wheat_septoria_blotch_blotch (101).jpg,3274,94,1497,60671,0.8045214399803415
wheat_septoria_blotch_blotch (111).jpg,8405,2149,2049,52933,0.8001713632901751
wheat_septoria_blotch_blotch (113).jpg,11295,1810,164,52267,0.9196384953590621
wheat_septoria_blotch_blotch (12).jpg,6914,1176,691,56755,0.8810449187639375
wheat_septoria_blotch_blotch (129).jpg,5808,1507,3601,54620,0.6945706768715618
wheat_septoria_blotch_blotch (130).jpg,25547,660,29473,9856,0.6290272938801138
wheat_septoria_blotch_blotch (19).jpg,17041,1671,387,46437,0.943054786939679
wheat_septoria_blotch_blotch (2).jpg,13409,892,1701,49534,0.911835707728401
wheat_septoria_blotch_blotch (22).jpg,6542,2227,779,55988,0.8131758856432567
wheat_septoria_blotch_blotch (24).jpg,1039,1721,3243,59533,0.29508662311843226
wheat_septoria_blotch_blotch (27).jpg,13116,4906,554,46960,0.8277167739492617
wheat_septoria_blotch_blotch (29).jpg,18952,3492,569,42523,0.9032288812105326
wheat_septoria_blotch_blotch (34).jpg,1943,483,36,63074,0.8821793416572077
wheat_septoria_blotch_blotch (35).jpg,344,810,0,64382,0.45927903871829107
wheat_septoria_blotch_blotch (39).jpg,2293,865,225,62153,0.8079633544749824
wheat_septoria_blotch_blotch (50).jpg,14657,3365,1050,46464,0.8691037386225503
wheat_septoria_blotch_blotch (64).jpg,13058,80,6119,46279,0.808169580690082
wheat_septoria_blotch_blotch (69).jpg,2556,520,3349,59111,0.5692016479233938
wheat_septoria_blotch_blotch (79).jpg,0,122,5457,59957,0.0
wheat_septoria_blotch_blotch (87).jpg,7348,742,1752,55694,0.8549156486329261
wheat_septoria_blotch_google_septoria (16).jpg,1734,79,1808,61915,0.6476190476190476
wheat_septoria_blotch_google_septoria (18).jpg,11952,443,597,52544,0.9583066067992303
wheat_septoria_blotch_google_septoria (2).jpg,9598,2891,1857,51190,0.801703975943869
wheat_septoria_blotch_google_septoria (23).jpg,2889,2707,3876,56064,0.4674379095542432
wheat_septoria_blotch_google_septoria (27).jpg,6939,2505,7716,48376,0.5758745176148388
wheat_stem_rust_Baidu_0001.jpg,16069,7072,496,41899,0.8093990832619755
wheat_stem_rust_Baidu_0003.jpg,2831,1627,18,61060,0.7748734090598056
wheat_stem_rust_Baidu_0004.jpg,3976,1821,1747,57992,0.6902777777777778
wheat_stem_rust_Baidu_0007.jpg,538,2578,4187,58233,0.13722739446499171
wheat_stem_rust_Baidu_0127.jpg,5886,5611,1443,52596,0.6253054286624881
wheat_stem_rust_Bing_0002.jpg,2297,745,150,62344,0.8369466205137548
wheat_stem_rust_Bing_0005.jpg,12858,6848,2185,43645,0.7400500733834067
wheat_stem_rust_Bing_0011.jpg,5232,4092,8336,47876,0.45710291804997377
wheat_stem_rust_Bing_0016.jpg,8327,2954,1163,53092,0.8017909585479756
wheat_stem_rust_Bing_0018.jpg,17435,1094,6261,40746,0.8258140911782119
wheat_stem_rust_Bing_0040.jpg,697,304,217,64318,0.7279373368146214
wheat_stem_rust_Bing_0070.jpg,19829,1719,2704,41284,0.8996619858896123
wheat_stem_rust_Bing_0143.jpg,1592,2107,2213,59624,0.42430703624733473
wheat_stem_rust_Bing_0206.jpg,3364,709,99,61364,0.8927813163481954
wheat_stem_rust_Bing_0217.jpg,27177,756,10471,27132,0.8288071240145773
wheat_stem_rust_Bing_0233.jpg,2304,9091,64,54077,0.3348107244060161
wheat_stem_rust_Bing_0247.jpg,15801,652,383,48700,0.9682875264270613
wheat_stem_rust_Bing_0254.jpg,13393,3547,139,48457,0.8790364925177212
wheat_stem_rust_Bing_0261.jpg,2495,6315,79,56647,0.4383345045678145
wheat_stem_rust_Bing_0278.jpg,33,968,2090,62445,0.02112676056338028
wheat_stem_rust_Bing_0279.jpg,1049,4904,0,59583,0.2996286775207084
wheat_stem_rust_Bing_0286.jpg,1617,3249,5824,54846,0.2627772812220687
wheat_stem_rust_Google_0006.jpg,4344,2208,4422,54562,0.5671758715236976
wheat_stem_rust_Google_0066.jpg,956,261,2472,61847,0.4116254036598493
wheat_stem_rust_Google_0071.jpg,3958,3710,206,57662,0.6690331304935767
wheat_stem_rust_Google_0101.jpg,7591,28342,134,29469,0.34774840808099317
wheat_stem_rust_Google_0140.jpg,10998,5004,230,49304,0.807785530664708
wheat_stem_rust_Google_0274.jpg,429,3797,39,61271,0.1827865360034086
wheat_stem_rust_Google_0291.jpg,12941,12053,17,40525,0.6819666947723441
wheat_stem_rust_Google_0333.jpg,1505,6388,76,57567,0.3177116318344944
wheat_stripe_rust_Baidu_0011.jpg,3102,3158,4353,54923,0.45235144002916516
wheat_stripe_rust_Baidu_0029.jpg,809,226,1062,63439,0.5567790777701308
wheat_stripe_rust_Baidu_0030.jpg,3808,302,262,61164,0.9310513447432763
wheat_stripe_rust_Baidu_0047.jpg,2706,1634,3133,58063,0.5316828765104628
wheat_stripe_rust_Baidu_0060.jpg,572,724,445,63795,0.49459576307825337
wheat_stripe_rust_Baidu_0068.jpg,512,70,1361,63593,0.41710794297352344
wheat_stripe_rust_Baidu_0106.jpg,3974,1323,1221,59018,0.7575295463210064
wheat_stripe_rust_Baidu_0120.jpg,7344,1881,1906,54405,0.795020297699594
wheat_stripe_rust_Baidu_0139.jpg,1284,612,1396,62244,0.5611888111888111
wheat_stripe_rust_Baidu_0143.jpg,1794,197,986,62559,0.7520435967302452
wheat_stripe_rust_Baidu_0156.jpg,141,86,47,65262,0.6795180722891566
wheat_stripe_rust_Baidu_0158.jpg,578,1771,652,62535,0.3229952500698519
wheat_stripe_rust_Baidu_0205.jpg,248,71,1095,64122,0.29843561973525873
wheat_stripe_rust_Baidu_0235.jpg,3573,7534,382,54047,0.4744389855264905
wheat_stripe_rust_Baidu_0243.jpg,455,2524,706,61851,0.21980676328502416
wheat_stripe_rust_Baidu_0259.jpg,152,30,248,65106,0.5223367697594502
wheat_stripe_rust_Baidu_0273.jpg,537,86,110,64803,0.8456692913385827
wheat_stripe_rust_Baidu_0286.jpg,5634,401,3584,55917,0.7387399200157346
wheat_stripe_rust_Baidu_0317.jpg,5377,810,328,59021,0.9043054154053145
wheat_stripe_rust_Baidu_0320.jpg,1825,66,336,63309,0.9007897334649556
wheat_stripe_rust_Baidu_0336.jpg,951,117,132,64336,0.8842398884239888
wheat_stripe_rust_Baidu_0349.jpg,13920,2926,2693,45997,0.8320631220299471
wheat_stripe_rust_Baidu_0355.jpg,5093,587,4770,55086,0.6553432413305025
wheat_stripe_rust_Baidu_0401.jpg,1193,939,92,63312,0.6982733391864209
wheat_stripe_rust_Baidu_0420.jpg,24269,2436,150,38681,0.9494171035130271
wheat_stripe_rust_Baidu_0448.jpg,5636,541,1138,58221,0.870357501351247
wheat_stripe_rust_Baidu_0484.jpg,3979,564,630,60363,0.8695367132867133
wheat_stripe_rust_Bing_0002.jpg,16504,650,859,47523,0.9562824115653157
wheat_stripe_rust_Bing_0005.jpg,7630,2976,3232,51698,0.7108254145705236
wheat_stripe_rust_Bing_0007.jpg,11072,217,170,54077,0.9828236651724291
wheat_stripe_rust_Bing_0011.jpg,12656,5039,15,47826,0.8335638543107423
wheat_stripe_rust_Bing_0022.jpg,11195,819,3846,49676,0.8275734614673813
wheat_stripe_rust_Bing_0053.jpg,26113,1029,54,38340,0.9796844810444766
wheat_stripe_rust_Bing_0066.jpg,7932,2696,8,54900,0.8543731150366222
wheat_stripe_rust_Bing_0072.jpg,5827,1932,78,57699,0.8528981264637002
wheat_stripe_rust_Bing_0080.jpg,3494,361,592,61089,0.8799899257020526
wheat_stripe_rust_Bing_0083.jpg,2813,180,2312,60231,0.6930278393693028
wheat_stripe_rust_Bing_0084.jpg,17042,602,5112,42780,0.8564249459771848
wheat_stripe_rust_Bing_0093.jpg,16567,3037,5,45927,0.9159111012826183
wheat_stripe_rust_Bing_0097.jpg,4972,274,2870,57420,0.7597799511002445
wheat_stripe_rust_Bing_0105.jpg,320,148,85,64983,0.7331042382588774
wheat_stripe_rust_Bing_0108.jpg,1457,411,493,63175,0.7632268203247774
wheat_stripe_rust_Bing_0111.jpg,10292,1186,432,53626,0.9271236825511215
wheat_stripe_rust_Bing_0113.jpg,18312,5300,905,41019,0.8551215298045717
wheat_stripe_rust_Bing_0135.jpg,5080,1701,2443,56312,0.7102908277404921
wheat_stripe_rust_Bing_0137.jpg,2934,145,374,62083,0.9187411930483795
wheat_stripe_rust_Bing_0142.jpg,2431,1652,737,60716,0.6705282030064819
wheat_stripe_rust_Bing_0159.jpg,20315,10538,3,34680,0.7940044165640695
wheat_stripe_rust_Bing_0160.jpg,11154,1668,425,52289,0.9142248268513585
wheat_stripe_rust_Bing_0173.jpg,5105,461,683,59287,0.8992425576889203
wheat_stripe_rust_Bing_0177.jpg,44018,705,771,20042,0.983510590758781
wheat_stripe_rust_Bing_0178.jpg,1430,926,105,63075,0.73502955538422
wheat_stripe_rust_Bing_0181.jpg,13677,665,1797,49397,0.9174268848940166
wheat_stripe_rust_Bing_0209.jpg,3572,1320,6337,54307,0.48267008985879334
wheat_stripe_rust_Bing_0224.jpg,4806,553,2200,57977,0.7773554387383744
wheat_stripe_rust_Bing_0225.jpg,2058,599,111,62768,0.8528802320762536
wheat_stripe_rust_Bing_0228.jpg,15976,6601,95,42864,0.826743945352929
wheat_stripe_rust_Bing_0233.jpg,7203,964,7361,50008,0.6337600633496107
wheat_stripe_rust_Bing_0241.jpg,8714,676,33,56113,0.9609086397970998
wheat_stripe_rust_Bing_0252.jpg,17040,1941,408,46147,0.9355184056658157
wheat_stripe_rust_Bing_0257.jpg,9667,3375,157,52337,0.8455348552435931
wheat_stripe_rust_Bing_0287.jpg,4259,216,833,60228,0.8903522525347549
wheat_stripe_rust_Google_0029.jpg,11969,4846,376,48345,0.8209190672153636
wheat_stripe_rust_Google_0045.jpg,16601,553,686,47696,0.9640254348015447
wheat_stripe_rust_Google_0064.jpg,8538,273,7440,49285,0.6888539271451047
wheat_stripe_rust_Google_0115.jpg,11534,949,88,52965,0.9569798796930098
wheat_stripe_rust_Google_0148.jpg,2019,334,353,62830,0.8546031746031746
wheat_stripe_rust_Google_0223.jpg,7512,431,179,57414,0.9609824740949213
wheat_stripe_rust_Google_0229.jpg,4758,523,282,59973,0.9220036818137778
wheat_stripe_rust_Google_0322.jpg,10157,24206,6346,24827,0.3993630322808949
wheat_stripe_rust_Google_0334.jpg,3573,955,272,60736,0.8534575420996059
wheat_stripe_rust_Google_0341.jpg,15048,19310,49,31129,0.6085532302092812
zucchini_bacterial_wilt_Bing_0003.jpg,5300,227,14763,45246,0.41422430636967567
zucchini_bacterial_wilt_Bing_0010.jpg,7655,439,15474,41968,0.49034365691957854
zucchini_bacterial_wilt_Bing_0012.jpg,24391,13969,5885,21291,0.7107348913106825
zucchini_bacterial_wilt_Bing_0015.jpg,2337,574,5929,56696,0.4181801914646148
zucchini_bacterial_wilt_Bing_0019.jpg,25536,4879,3277,31844,0.8622948605389343
zucchini_bacterial_wilt_Bing_0026.jpg,5104,1160,10391,48881,0.46913920676501675
zucchini_bacterial_wilt_Bing_0105.jpg,3148,6432,9944,46012,0.27769936485532815
zucchini_bacterial_wilt_Bing_0140.jpg,10717,2011,8025,44783,0.6810931045440102
zucchini_bacterial_wilt_Bing_0170.jpg,12493,3672,11539,37832,0.6215886757718238
zucchini_bacterial_wilt_Bing_0188.jpg,1379,0,11878,52279,0.18843946433451764
zucchini_bacterial_wilt_Bing_0260.jpg,8133,1292,9361,46750,0.6042572160927226
zucchini_bacterial_wilt_Google_0024.jpg,2583,509,30632,31812,0.1422866113972512
zucchini_bacterial_wilt_Google_0057.jpg,335,384,4359,60458,0.12377609458710512
zucchini_bacterial_wilt_Google_0060.jpg,2599,312,7059,55566,0.41355716445222374
zucchini_bacterial_wilt_Google_0277.jpg,14379,1432,6557,43168,0.7825944975100008
zucchini_downy_mildew_Bing_0025.jpg,23830,12423,7452,21831,0.7057081513289406
zucchini_downy_mildew_Bing_0035.jpg,5185,11209,236,48906,0.47536099014439603
zucchini_downy_mildew_Bing_0047.jpg,4542,19002,67,41925,0.32266543529996805
zucchini_downy_mildew_Bing_0084.jpg,20162,14859,219,30296,0.7278437601530631
zucchini_downy_mildew_Bing_0159.jpg,14873,38857,162,11644,0.43257471097215155
zucchini_downy_mildew_Bing_0169.jpg,4064,4381,354,56737,0.6318899168156729
zucchini_downy_mildew_Bing_0214.jpg,6723,11532,1192,46089,0.5137944210928544
zucchini_downy_mildew_Bing_0234.jpg,2646,43751,0,19139,0.10790530758721938
zucchini_downy_mildew_Bing_0259.jpg,18132,1233,4740,41431,0.8585837062291356
zucchini_powdery_mildew_Bing_0002.jpg,21851,2638,3077,37970,0.884351538944088
zucchini_powdery_mildew_Bing_0003.jpg,39864,1299,5662,18711,0.9197014615464476
zucchini_powdery_mildew_Bing_0004.jpg,43840,15164,58,6474,0.8520728460088239
zucchini_powdery_mildew_Bing_0009.jpg,12528,7988,83,44937,0.7563618800374317
zucchini_powdery_mildew_Bing_0010.jpg,3378,45127,89,16942,0.1299930731932579
zucchini_powdery_mildew_Bing_0020.jpg,13460,2472,3850,45754,0.8098189037964021
zucchini_powdery_mildew_Bing_0029.jpg,42846,1582,2722,18386,0.9521756522512111
zucchini_powdery_mildew_Bing_0046.jpg,4703,24434,396,36003,0.27474003972426686
zucchini_powdery_mildew_Bing_0047.jpg,26154,6706,3422,29254,0.8377858927541803
zucchini_powdery_mildew_Bing_0052.jpg,51811,1149,7445,5131,0.9234155557139802
zucchini_powdery_mildew_Bing_0054.jpg,48154,4557,1223,11602,0.943382180079931
zucchini_powdery_mildew_Bing_0068.jpg,5610,1883,701,57342,0.812807881773399
zucchini_powdery_mildew_Bing_0100.jpg,21872,13215,64,30385,0.7671290531890641
zucchini_powdery_mildew_Bing_0109.jpg,2169,366,281,62720,0.870210631895687
zucchini_powdery_mildew_Bing_0110.jpg,11453,7439,97,46547,0.7524472767886473
zucchini_powdery_mildew_Bing_0124.jpg,26800,7374,375,30987,0.8736898726955614
zucchini_powdery_mildew_Bing_0155.jpg,9854,4525,8012,43145,0.6111955341913475
zucchini_powdery_mildew_Bing_0170.jpg,13054,11002,6260,35220,0.6019829375144109
zucchini_powdery_mildew_Bing_0194.jpg,6612,18246,7,40671,0.42011627537567114
zucchini_powdery_mildew_Bing_0195.jpg,3270,8407,696,53163,0.41807837371348205
zucchini_powdery_mildew_Bing_0218.jpg,10995,1761,693,52087,0.899607265586647
zucchini_powdery_mildew_Bing_0224.jpg,16915,7976,4019,36626,0.7382433169667212
zucchini_powdery_mildew_Bing_0233.jpg,25534,2821,6384,30797,0.8472782174439633
zucchini_powdery_mildew_Bing_0239.jpg,22839,3616,6036,33045,0.8255557563708658
zucchini_powdery_mildew_Bing_0248.jpg,417,570,20237,44312,0.03853796035303359
zucchini_powdery_mildew_Bing_0251.jpg,27473,6743,1931,29389,0.8636592266582835
zucchini_powdery_mildew_Bing_0267.jpg,11945,14997,1,38593,0.6143283275046286
zucchini_powdery_mildew_Bing_0289.jpg,30064,14384,320,20768,0.8035065212743211
zucchini_powdery_mildew_Bing_0308.jpg,25896,5752,730,33158,0.8887668600061777
zucchini_powdery_mildew_Bing_0312.jpg,9502,12549,2043,41442,0.565662578878438
zucchini_powdery_mildew_Bing_0336.jpg,59927,1219,267,4123,0.9877534201417505
zucchini_powdery_mildew_Bing_0337.jpg,35179,9159,374,20824,0.8806749195779249
zucchini_powdery_mildew_Bing_0347.jpg,26039,5609,741,33147,0.8913192305059218
zucchini_powdery_mildew_Google_0045.jpg,4997,197,8291,52051,0.5407423439021751
zucchini_powdery_mildew_Google_0118.jpg,12706,26280,209,26341,0.48962447737037823
zucchini_powdery_mildew_Google_0157.jpg,34906,5019,732,24879,0.9238913224726387
zucchini_powdery_mildew_Google_0186.jpg,27118,7416,126,30876,0.8779177053319952
zucchini_powdery_mildew_Google_0281.jpg,16694,8237,91,40514,0.8003643685875923
zucchini_powdery_mildew_Google_0282.jpg,21380,3153,938,40065,0.91268062581375
zucchini_powdery_mildew_Google_0314.jpg,24762,10061,285,30428,0.8271922498747286
zucchini_powdery_mildew_Google_0327.jpg,14422,6146,611,44357,0.8102019606190838
zucchini_powdery_mildew_Google_0389.jpg,1148,9475,525,54388,0.1867273910214704
zucchini_powdery_mildew_Google_0394.jpg,22942,1199,777,40618,0.9587129126619306
zucchini_yellow_mosaic_virus_11.jpg,0,11049,0,54487,0.0
zucchini_yellow_mosaic_virus_164.jpg,21747,272,32923,10594,0.5671478308492743
zucchini_yellow_mosaic_virus_179.jpg,24457,2929,10632,27518,0.782937174869948
zucchini_yellow_mosaic_virus_236.jpg,340,1312,7711,56173,0.07008141811810781
zucchini_yellow_mosaic_virus_66.jpg,19842,91,25467,20136,0.6082584837987799
zucchini_yellow_mosaic_virus_67.jpg,231,14037,9146,42122,0.019539014590822586
zucchini_yellow_mosaic_virus_9.jpg,0,168,0,65368,0.0
zucchini_yellow_mosaic_virus_google_0028.jpg,27771,565,3251,33949,0.9357121196805822
zucchini_yellow_mosaic_virus_google_0033.jpg,42340,1650,2078,19468,0.9578318704189666
zucchini_yellow_mosaic_virus_google_0038.jpg,27068,1923,14220,22325,0.7703012279628338
zucchini_yellow_mosaic_virus_google_0042.jpg,36268,1823,2566,24879,0.9429444263893403
zucchini_yellow_mosaic_virus_google_0053.jpg,593,2678,5748,56517,0.12338743237619643
zucchini_yellow_mosaic_virus_google_0067.jpg,10577,3813,5179,45967,0.7017183042526371
zucchini_yellow_mosaic_virus_google_0088.jpg,43321,1027,150,21038,0.9865974333572461
zucchini_yellow_mosaic_virus_google_0123.jpg,13204,2889,1046,48397,0.8703160531259269
zucchini_yellow_mosaic_virus_google_0147.jpg,24349,3927,2770,34490,0.8791046123296327
zucchini_yellow_mosaic_virus_google_0200.jpg,25353,5586,3214,31383,0.8521157530333076
zucchini_yellow_mosaic_virus_google_0235.jpg,48017,180,8224,9115,0.9195312051169114
zucchini_yellow_mosaic_virus_google_0239.jpg,12206,1013,465,51852,0.9429123213595983
