image,tp,fp,fn,tn,dice
apple_black_rot_143.jpg,15181,1830,174,48351,0.9380831737007971
apple_black_rot_144.jpg,12700,49,1336,51451,0.9482919544521187
apple_black_rot_149.jpg,28190,864,4173,32309,0.9179868765976846
apple_black_rot_167.jpg,5980,1080,8319,50157,0.5599513085818625
apple_black_rot_175.jpg,5084,526,225,59701,0.9312208077662789
apple_black_rot_18.jpg,2096,108,5010,58322,0.45026852846401716
apple_black_rot_7.jpg,2166,12,561,62797,0.8831804281345565
apple_black_rot_google_0001.jpg,4,6728,0,58804,0.0011876484560570072
apple_black_rot_google_0008.jpg,3396,269,84,61787,0.9505948215535339
apple_black_rot_google_0037.jpg,3871,270,1444,59951,0.8187394247038917
apple_black_rot_google_0052.jpg,117,5825,463,59131,0.035878564857405704
apple_black_rot_google_0058.jpg,2879,234,73,62350,0.9493816982687552
apple_black_rot_google_0077.jpg,483,40,5844,59169,0.14102189781021898
apple_black_rot_google_0097.jpg,109,601,1581,63245,0.09083333333333334
apple_black_rot_google_0113.jpg,2563,540,5419,57014,0.46242670275146597
apple_black_rot_google_0156.jpg,1048,561,4680,59247,0.2856753441461088
apple_black_rot_google_0160.jpg,6444,0,48209,10883,0.21094325416959916
apple_mosaic_virus_100.jpg,16811,6361,288,42076,0.8348935958878597
apple_mosaic_virus_16.jpg,16185,4230,1487,43634,0.8498962900727283
apple_mosaic_virus_18.jpg,6495,1993,3290,53758,0.7108849121654901
apple_mosaic_virus_23.jpg,5465,3823,669,55579,0.7087277914667358
apple_mosaic_virus_31.jpg,17454,1030,1931,45121,0.9218093955478096
apple_mosaic_virus_34.jpg,6243,1889,1237,56167,0.7997694081475788
apple_mosaic_virus_36.jpg,11184,2534,3580,48238,0.785338108278913
apple_mosaic_virus_41.jpg,22740,959,3495,38342,0.9108022589818561
apple_mosaic_virus_43.jpg,14879,2513,1071,47073,0.8925079479335373
apple_mosaic_virus_5.jpg,7958,2333,839,54406,0.8338222967309304
apple_mosaic_virus_51.jpg,36413,1037,154,27932,0.9839091019630626
apple_mosaic_virus_57.jpg,40,4773,218,60505,0.015775981068822716
apple_mosaic_virus_google_0006.jpg,19502,220,11148,34666,0.77431906614786
apple_mosaic_virus_google_0014.jpg,7445,1817,1938,54336,0.798605524269241
apple_mosaic_virus_google_0029.jpg,22750,520,2707,39559,0.9337738830627783
apple_mosaic_virus_google_0074.jpg,11753,453,798,52532,0.9494688370965787
apple_mosaic_virus_google_0084.jpg,4378,1398,446,59314,0.8260377358490566
apple_mosaic_virus_google_0091.jpg,13903,81,6756,44796,0.8026441128077823
apple_rust_147.jpg,639,103,146,64648,0.8369351669941061
apple_rust_152.jpg,1992,592,4992,57960,0.41638795986622074
apple_rust_177.jpg,2026,1307,49,62154,0.7492603550295858
apple_rust_2.jpg,5615,479,12824,46618,0.4577507846574002
apple_rust_33.jpg,4155,535,1706,59140,0.7876030707989764
apple_rust_4.jpg,25184,287,10600,29465,0.8222675699942862
apple_rust_45.jpg,2630,6737,2097,54072,0.37320845749964526
apple_rust_48.jpg,496,154,42,64844,0.835016835016835
apple_rust_49.jpg,2251,349,200,62736,0.8913086517521283
apple_rust_54.jpg,3213,7379,465,54479,0.4503153468815697
apple_rust_6.jpg,33340,1267,5835,25094,0.903743460464612
apple_rust_71.jpg,424,4267,141,60704,0.1613394216133942
apple_rust_74.jpg,2109,135,369,62923,0.8932655654383735
apple_rust_95.jpg,5125,1709,110,58592,0.849283287762035
apple_rust_96.jpg,2220,10,4642,58664,0.48834139903211615
apple_rust_google_0007.jpg,11871,1838,348,51479,0.9156896019746992
apple_rust_google_0011.jpg,148,1374,21,63993,0.17504435245416913
apple_rust_google_0019.jpg,11207,1322,92,52915,0.9406580493537016
apple_rust_google_0035.jpg,27893,814,7119,29710,0.8755002432555439
apple_rust_google_0037.jpg,7416,1576,3552,52992,0.7430861723446894
apple_rust_google_0041.jpg,2252,212,45,63027,0.9460197437513127
apple_rust_google_0049.jpg,1716,2441,414,60965,0.5458883410211548
apple_rust_google_0058.jpg,2064,181,1339,61952,0.7308781869688386
apple_rust_google_0088.jpg,448,274,783,64031,0.45878136200716846
apple_rust_google_0147.jpg,5519,5790,399,53828,0.6407383758054217
apple_rust_google_0197.jpg,2678,1416,923,60519,0.6960363872644575
apple_rust_google_0201.jpg,12357,422,137,52620,0.9778815336525145
apple_rust_google_0215.jpg,6143,792,478,58123,0.9063145470640307
apple_scab_14.jpg,291,7803,23,57419,0.0692197906755471
apple_scab_18.jpg,403,1064,624,63445,0.3231756214915798
apple_scab_2.jpg,5016,4912,6397,49211,0.4700810646174031
apple_scab_23.jpg,11039,3276,5388,45833,0.7181705809641533
apple_scab_25.jpg,15682,1106,951,47797,0.9384518715777506
apple_scab_26.jpg,507,567,1661,62801,0.31276989512646514
apple_scab_32.jpg,3112,6,5504,56914,0.5304244077041077
apple_scab_43.jpg,79,152,2,65303,0.5064102564102564
apple_scab_50.jpg,948,246,300,64042,0.7764127764127764
apple_scab_51.jpg,492,988,475,63581,0.4021250510829587
apple_scab_66.jpg,2226,473,63,62774,0.892542101042502
apple_scab_67.jpg,425,4708,97,60306,0.15030946065428824
apple_scab_77.jpg,3421,1373,399,60343,0.7942883677733922
apple_scab_8.jpg,1242,5448,127,58719,0.30822682714977045
apple_scab_85.jpg,194,186,54,65102,0.6178343949044586
apple_scab_google_0000.jpg,1748,794,206,62788,0.7775800711743772
apple_scab_google_0018.jpg,1613,2476,203,61244,0.5463166807790009
apple_scab_google_0020.jpg,2948,2184,436,59968,0.6923438233912635
apple_scab_google_0023.jpg,3300,1012,516,60708,0.812007874015748
apple_scab_google_0031.jpg,5044,1644,2126,56722,0.7279549718574109
apple_scab_google_0036.jpg,8640,4735,163,51998,0.7791505095139327
apple_scab_google_0037.jpg,12760,3755,382,48639,0.8605051084061098
apple_scab_google_0045.jpg,5191,1856,1269,57220,0.7686384837491671
apple_scab_google_0065.jpg,263,1911,2781,60581,0.10080490609428899
apple_scab_google_0093.jpg,2084,1573,240,61639,0.6968734325363651
apple_scab_google_0106.jpg,1776,1554,615,61591,0.6208704771893025
apple_scab_google_0107.jpg,2830,2407,2868,57431,0.5176040237768633
apple_scab_google_0119.jpg,1398,2475,16,61647,0.5288443351617175
apple_scab_google_0121.jpg,74,2632,15,62815,0.05295169946332737
apple_scab_google_0124.jpg,34,1048,295,64159,0.04819277108433735
apple_scab_google_0130.jpg,1984,3515,1862,58175,0.42461209202782235
apple_scab_google_0132.jpg,445,2922,111,62058,0.22686719347438186
apple_scab_google_0153.jpg,312,1085,131,64008,0.3391304347826087
apple_scab_google_0200.jpg,3743,1133,1692,58968,0.7260207545339928
apple_scab_google_0203.jpg,9226,2164,125,54021,0.8896388795140061
apple_scab_google_0230.jpg,12272,1379,808,51077,0.918184878979462
apple_scab_google_0238.jpg,9010,9030,64,47432,0.6646013129748469
apple_scab_google_0244.jpg,9308,3707,506,52015,0.8154540277716938
apple_scab_google_0245.jpg,16657,485,9600,38794,0.7676213737643724
apple_scab_google_0247.jpg,1976,1077,78,62405,0.7738398276874877
apple_scab_google_0256.jpg,5819,7442,153,52122,0.6051058077263037
apple_scab_google_0268.jpg,0,1766,191,63579,0.0
apple_scab_google_0270.jpg,9148,815,175,55398,0.9486674271492275
apple_scab_google_0273.jpg,1447,1827,72,62190,0.603797204256207
apple_scab_google_0283.jpg,1942,918,178,62498,0.7799196787148595
apple_scab_google_0284.jpg,69,8408,0,57059,0.016147905452843437
apple_scab_google_0288.jpg,903,2700,2285,59648,0.2659402149904285
apple_scab_google_0297.jpg,863,1844,217,62612,0.45576973857935044
apple_scab_google_0300.jpg,2160,2164,1863,59349,0.5175512160057506
apple_scab_google_0305.jpg,2685,1687,96,61068,0.7507339577799524
apple_scab_google_0320.jpg,3044,1949,2822,57721,0.5606409429965927
apple_scab_google_0323.jpg,6014,2084,547,56891,0.8205198171771608
banana_anthracnose_Baidu_0008.jpg,20479,6168,6269,32620,0.76707556887349
banana_anthracnose_Baidu_0059.jpg,16667,3310,10722,34837,0.7037537474137567
banana_anthracnose_Bing_0004.jpg,1352,822,2222,61140,0.4704244954766875
banana_anthracnose_Bing_0005.jpg,7654,476,7734,49672,0.6509056892592907
banana_anthracnose_Bing_0006.jpg,21967,158,7836,35575,0.8460560776459713
banana_anthracnose_Bing_0007.jpg,2162,28,781,62565,0.8423923631404636
banana_anthracnose_Bing_0022.jpg,1034,575,865,63062,0.5895096921322691
banana_anthracnose_Bing_0025.jpg,6313,4122,1310,53791,0.6991914940746483
banana_anthracnose_Bing_0032.jpg,8878,440,2397,53821,0.8622347399601806
banana_anthracnose_Bing_0191.jpg,4713,2051,1322,57450,0.7364637862332994
banana_anthracnose_Bing_0213.jpg,2346,3816,2802,56572,0.41485411140583556
banana_anthracnose_Google_0035.jpg,10310,6445,2469,46312,0.6981783706914065
banana_anthracnose_Google_0206.jpg,23721,17448,761,23606,0.7226394114331846
banana_anthracnose_Google_0227.jpg,8354,7572,6496,43114,0.5428905640759033
banana_black_leaf_streak_Baidu_0006.jpg,26234,2290,1491,35521,0.9327810272182616
banana_black_leaf_streak_Baidu_0026.jpg,35981,220,10648,18687,0.8687915006640107
banana_black_leaf_streak_Baidu_0037.jpg,42914,1188,2701,18733,0.956652585351717
banana_black_leaf_streak_Baidu_0038.jpg,25915,7365,7178,25078,0.7808898196555828
banana_black_leaf_streak_Baidu_0056.jpg,27759,5371,647,31759,0.9022035881435257
banana_black_leaf_streak_Baidu_0075.jpg,3955,337,4193,57051,0.6358520900321544
banana_black_leaf_streak_Bing_0010.jpg,39632,39,21009,4856,0.7901746550761624
banana_black_leaf_streak_Bing_0013.jpg,8001,777,1325,55433,0.8838930623066725
banana_black_leaf_streak_Bing_0015.jpg,14055,3965,1826,45690,0.829179080263119
banana_black_leaf_streak_Bing_0017.jpg,16114,1222,8927,39273,0.7605068787313873
banana_black_leaf_streak_Bing_0031.jpg,12843,2507,3565,46621,0.8088040808615152
banana_black_leaf_streak_Bing_0094.jpg,46112,1122,144,18158,0.9864584447534496
banana_black_leaf_streak_Bing_0124.jpg,23285,4543,5748,31960,0.8190147904539139
banana_black_leaf_streak_Bing_0251.jpg,23319,252,5731,36234,0.8863001463294122
banana_black_leaf_streak_Bing_0358.jpg,57181,3098,404,4853,0.9702877893165004
banana_black_leaf_streak_banana black sigatoka (100).jpg,26749,4268,10169,24350,0.7874880400382719
banana_black_leaf_streak_banana black sigatoka (103).jpg,37586,284,18248,9418,0.80222829334927
banana_black_leaf_streak_banana black sigatoka (12).jpg,12549,9207,1065,42715,0.7095843935538592
banana_black_leaf_streak_banana black sigatoka (2).jpg,18248,211,14226,32851,0.7165491920758643
banana_black_leaf_streak_banana black sigatoka (21).jpg,7724,2333,2774,52705,0.7515446363415228
banana_black_leaf_streak_banana black sigatoka (22).jpg,33096,130,22455,9855,0.7455985221397434
banana_black_leaf_streak_banana black sigatoka (26).jpg,16048,1322,5118,43048,0.8328835374714553
banana_black_leaf_streak_banana black sigatoka (28).jpg,13892,4128,1956,45560,0.8203614030943663
banana_black_leaf_streak_banana black sigatoka (36).jpg,11872,2335,4032,47297,0.7885490352362924
banana_black_leaf_streak_banana black sigatoka (42).jpg,50368,754,1139,13275,0.981554921123659
banana_black_leaf_streak_banana black sigatoka (48).jpg,21476,2329,1359,40372,0.920926243567753
banana_black_leaf_streak_banana black sigatoka (5).jpg,39075,486,4235,21740,0.9430319412098321
banana_black_leaf_streak_banana black sigatoka (56).jpg,34291,3037,334,27874,0.9531499728989757
banana_black_leaf_streak_banana black sigatoka (58).jpg,3459,125,1972,59980,0.76738768718802
banana_black_leaf_streak_banana black sigatoka (77).jpg,59994,356,673,4513,0.9914970623961923
banana_black_leaf_streak_banana black sigatoka (81).jpg,21154,14935,1870,27577,0.715713971546022
banana_black_leaf_streak_banana black sigatoka (82).jpg,36686,182,2846,25822,0.9603664921465969
banana_black_leaf_streak_banana black sigatoka (91).jpg,41038,1183,388,22927,0.9812186928401497
banana_bunchy_top_Baidu_0000.jpg,1432,3088,1411,59605,0.3889718864593236
banana_bunchy_top_Baidu_0014.jpg,247,3137,6960,55192,0.04664337645170428
banana_bunchy_top_Baidu_0017.jpg,2338,2772,6690,53736,0.33073985004951195
banana_bunchy_top_Baidu_0019.jpg,2641,11843,498,50554,0.2997219542643137
banana_bunchy_top_Baidu_0034.jpg,1658,4954,1212,57712,0.3497152499472685
banana_bunchy_top_Baidu_0047.jpg,1119,258,464,63695,0.7560810810810811
banana_bunchy_top_Baidu_0056.jpg,1214,64,4625,59633,0.3411549810313334
banana_bunchy_top_Baidu_0064.jpg,1670,8231,864,54771,0.2685967028548452
banana_bunchy_top_Baidu_0084.jpg,952,4315,1250,59019,0.2549203373945642
banana_bunchy_top_Baidu_0140.jpg,265,2083,1250,61938,0.1371990680818017
banana_bunchy_top_Bing_0020.jpg,0,78,731,64727,0.0
banana_bunchy_top_Bing_0035.jpg,101,1751,573,63111,0.07996832937450514
banana_bunchy_top_Bing_0098.jpg,1063,4393,1191,58889,0.27574578469520106
banana_bunchy_top_Bing_0100.jpg,605,1989,71,62871,0.37003058103975534
banana_bunchy_top_Bing_0105.jpg,118,456,1397,63565,0.11297271421732887
banana_bunchy_top_Bing_0136.jpg,592,900,4226,59818,0.18763866877971475
banana_bunchy_top_Bing_0140.jpg,3774,1095,614,60053,0.8153829534406395
banana_bunchy_top_Bing_0152.jpg,4072,4947,1694,54823,0.5508285424416638
banana_bunchy_top_Bing_0165.jpg,0,78,1757,63701,0.0
banana_bunchy_top_Bing_0173.jpg,2808,2083,1815,58830,0.5902879966365356
banana_bunchy_top_Bing_0256.jpg,707,98,9391,55340,0.12968907640099056
banana_bunchy_top_Bing_0260.jpg,0,6,4684,60846,0.0
banana_bunchy_top_Bing_0262.jpg,1566,19728,1219,43023,0.13007184683749326
banana_bunchy_top_Bing_0291.jpg,627,504,1422,62983,0.39433962264150946
banana_bunchy_top_Bing_0306.jpg,4504,3968,7678,49386,0.436138278299603
banana_bunchy_top_Bing_0333.jpg,2359,23,8013,55141,0.3699231613611416
banana_bunchy_top_Bing_0334.jpg,9097,1700,3265,51474,0.7856125048577227
banana_bunchy_top_Google_0037.jpg,3977,4831,668,56060,0.5912435887906043
banana_bunchy_top_Google_0050.jpg,5177,217,22888,37254,0.3094533608296721
banana_bunchy_top_Google_0096.jpg,1721,13,13253,50549,0.20600909743835288
banana_bunchy_top_Google_0104.jpg,4124,763,5537,55112,0.5669507836128678
banana_cigar_end_rot_Bing_0002.jpg,11896,1645,446,51549,0.919213383301781
banana_cigar_end_rot_Bing_0007.jpg,8166,529,203,56638,0.9571026722925458
banana_cigar_end_rot_Bing_0014.jpg,6299,1128,2328,55781,0.7847265479008347
banana_cigar_end_rot_Bing_0022.jpg,2371,351,28,62786,0.9259910173794181
banana_cigar_end_rot_Bing_0024.jpg,6280,832,23,58401,0.9362653745806933
banana_cigar_end_rot_Bing_0025.jpg,1218,175,1373,62770,0.6114457831325302
banana_cigar_end_rot_Bing_0072.jpg,7276,5170,3069,50021,0.6384976525821596
banana_cigar_end_rot_Bing_0260.jpg,754,1056,433,63293,0.5031698365031698
banana_cigar_end_rot_Google_0101.jpg,2201,3708,3027,56600,0.3952590464218371
banana_cigar_end_rot_Google_0131.jpg,9089,3012,2414,51021,0.7701237078461278
banana_cigar_end_rot_Google_0201.jpg,422,10999,2203,51912,0.060088281361241634
banana_cigar_end_rot_Google_0306.jpg,1989,6659,54,56834,0.37208867271536805
banana_cordana_leaf_spot_Baidu_0064.jpg,5919,571,635,58411,0.9075436982520699
banana_cordana_leaf_spot_Baidu_0114.jpg,15680,479,990,48387,0.9552529775503366
banana_cordana_leaf_spot_Bing_0007.jpg,10739,900,387,53510,0.9434658466944872
banana_cordana_leaf_spot_Bing_0011.jpg,9667,71,733,55065,0.9600754791935644
banana_cordana_leaf_spot_Bing_0012.jpg,5423,764,391,58958,0.9037580201649863
banana_cordana_leaf_spot_Bing_0021.jpg,5924,875,2139,56598,0.7972009150854529
banana_cordana_leaf_spot_Bing_0024.jpg,8250,353,438,56495,0.9542536579723555
banana_cordana_leaf_spot_Bing_0026.jpg,11634,644,295,52963,0.9612095674804808
banana_cordana_leaf_spot_Bing_0037.jpg,21876,1591,3161,38908,0.9020286986640277
banana_cordana_leaf_spot_Bing_0093.jpg,30266,851,4645,29774,0.9167625855697583
banana_cordana_leaf_spot_Bing_0147.jpg,1926,144,311,63155,0.8943580218249362
banana_panama_disease_116.jpg,1266,933,7799,55538,0.22478693181818182
banana_panama_disease_121.jpg,12054,1569,9764,42149,0.6802291131740075
banana_panama_disease_126.jpg,1448,15332,2053,46703,0.14279374784280854
banana_panama_disease_14.jpg,4271,982,1709,58574,0.7604379951927357
banana_panama_disease_15.jpg,3777,669,1891,59199,0.746885505240261
banana_panama_disease_42.jpg,543,176,2200,62617,0.31369150779896016
banana_panama_disease_6.jpg,1607,2083,2105,59741,0.4342069710888949
banana_panama_disease_google_0003.jpg,2876,1059,3953,57648,0.5343738387216648
banana_panama_disease_google_0011.jpg,31524,3217,1232,29563,0.9340859593759723
banana_panama_disease_google_0014.jpg,31031,731,20712,13062,0.7432129812586072
banana_panama_disease_google_0064.jpg,23351,3461,1630,37094,0.9017048635916051
banana_panama_disease_google_0083.jpg,1532,604,960,62440,0.662057044079516
banana_panama_disease_google_0116.jpg,33444,2102,429,29561,0.9635402411443553
basil_downy_mildew_google_0003.jpg,5194,1091,3738,55513,0.68265755405139
basil_downy_mildew_google_0031.jpg,18351,5689,155,41341,0.8626427866309406
basil_downy_mildew_google_0046.jpg,18366,654,430,46086,0.9713348847048868
basil_downy_mildew_google_0049.jpg,9221,12414,64,43837,0.5964424320827943
basil_downy_mildew_google_0050.jpg,5290,1731,3459,55056,0.6708941027266963
basil_downy_mildew_google_0067.jpg,12482,3445,317,49292,0.8690385017057718
basil_downy_mildew_google_0068.jpg,4489,4789,546,55712,0.6272619297142458
basil_downy_mildew_google_0073.jpg,10305,6730,57,48444,0.7522721465853925
basil_downy_mildew_google_0079.jpg,11366,734,3175,50261,0.8532712736008408
basil_downy_mildew_google_0083.jpg,775,6916,0,57845,0.18308528230569338
basil_downy_mildew_google_0084.jpg,9502,1762,106,54166,0.9105021080873898
basil_downy_mildew_google_0091.jpg,6886,1348,2232,55070,0.7936837252189949
basil_downy_mildew_google_0167.jpg,6433,7703,14,51386,0.6250789486469417
bean_halo_blight_11.jpg,4498,460,5167,55411,0.6151952403747522
bean_halo_blight_2.jpg,14463,1952,3007,46114,0.8536520584329349
bean_halo_blight_7.jpg,10119,765,5466,49186,0.7645925422191998
bean_halo_blight_google_0075.jpg,5323,681,951,58581,0.8670793288809252
bean_halo_blight_google_0093.jpg,199,1315,655,63367,0.16807432432432431
bean_halo_blight_google_0113.jpg,3315,353,5196,56672,0.5443796699236391
bean_halo_blight_google_0118.jpg,8514,1755,4086,51181,0.7445887445887446
bean_halo_blight_google_0120.jpg,8342,14104,1131,41959,0.5226980795137692
bean_halo_blight_google_0136.jpg,3072,3747,1835,56882,0.5239638410370118
bean_halo_blight_google_0189.jpg,1197,5141,1008,58190,0.2802294276015451
bean_halo_blight_google_0212.jpg,1163,149,2468,61756,0.4705644345539146
bean_mosaic_virus_188.jpg,9406,19,7991,48120,0.7013645514875848
bean_mosaic_virus_24.jpg,5622,2068,1500,56346,0.7591142317040238
bean_mosaic_virus_30.jpg,23300,97,419,41720,0.989048306307836
bean_mosaic_virus_32.jpg,8747,1222,28543,27024,0.37017287712393404
bean_mosaic_virus_5.jpg,2785,27354,1205,34192,0.16320431304755487
bean_mosaic_virus_google_0016.jpg,28884,1362,371,34919,0.9708744390850574
bean_mosaic_virus_google_0023.jpg,8612,229,690,56005,0.9493468555365706
bean_mosaic_virus_google_0025.jpg,5607,82,5403,54444,0.6715372177974729
bean_mosaic_virus_google_0069.jpg,7988,39,23914,33595,0.400110195597185
bean_mosaic_virus_google_0098.jpg,23977,3313,523,37723,0.9259316470361073
bean_mosaic_virus_google_0113.jpg,21857,154,274,43251,0.9903040188482625
bean_mosaic_virus_google_0139.jpg,10100,1989,649,52798,0.8844907610123478
bean_rust_16.jpg,41197,2187,768,21384,0.9653774502337461
bean_rust_178.jpg,58241,202,836,6257,0.9911674608577263
bean_rust_189.jpg,15200,358,2122,47856,0.9245742092457421
bean_rust_19.jpg,15776,1513,10472,37775,0.7247169074580242
bean_rust_3.jpg,36920,134,6829,21653,0.9138274569013527
bean_rust_40.jpg,18317,74,3416,43729,0.913019639118732
bean_rust_42.jpg,41075,3937,501,20023,0.9487457846352844
bean_rust_8.jpg,7048,1201,18772,38515,0.41374856908039565
bean_rust_google_0009.jpg,32841,420,1486,30789,0.9717997277623247
bean_rust_google_0018.jpg,36918,1319,638,26661,0.9741796735846319
bean_rust_google_0026.jpg,43277,0,15999,6260,0.8439928622273362
bean_rust_google_0031.jpg,15057,6302,943,43234,0.806070826306914
bean_rust_google_0042.jpg,51171,601,2530,11234,0.9703146776900249
bean_rust_google_0045.jpg,24913,8113,87,32423,0.858684038189777
bean_rust_google_0051.jpg,32335,451,5355,27395,0.917617344911743
bean_rust_google_0052.jpg,13070,24977,6,27483,0.5113158460966688
bean_rust_google_0063.jpg,47429,3136,344,14627,0.9646118489292034
bean_rust_google_0068.jpg,39703,12,18522,7299,0.810761690831121
bean_rust_google_0072.jpg,17164,59,9284,39029,0.7860593986856266
bean_rust_google_0096.jpg,3716,7893,3110,50817,0.40314618931380525
bean_rust_google_0102.jpg,14277,128,44230,6901,0.3916227781435155
bean_rust_google_0103.jpg,16995,5474,3425,39642,0.7925109002308284
bean_rust_google_0130.jpg,19652,5653,334,39897,0.8678103817535493
bell_pepper_bacterial_spot_Bing_0002.jpg,2489,1127,466,61454,0.7575711459443008
bell_pepper_bacterial_spot_Bing_0003.jpg,7349,1814,599,55774,0.8589796037636608
bell_pepper_bacterial_spot_Bing_0005.jpg,942,978,518,63098,0.557396449704142
bell_pepper_bacterial_spot_Bing_0008.jpg,4327,16293,31,44885,0.34646488910241013
bell_pepper_bacterial_spot_Bing_0019.jpg,2450,725,1587,60774,0.6794231835829173
bell_pepper_bacterial_spot_Bing_0022.jpg,3446,1832,207,60051,0.7716940992050162
bell_pepper_bacterial_spot_Bing_0028.jpg,2953,7246,344,54993,0.4376111440426793
bell_pepper_bacterial_spot_Bing_0036.jpg,1466,19090,1,44979,0.13313354220587567
bell_pepper_bacterial_spot_Bing_0054.jpg,532,486,122,64396,0.6363636363636364
bell_pepper_bacterial_spot_Bing_0055.jpg,439,142,141,64814,0.756244616709733
bell_pepper_bacterial_spot_Bing_0079.jpg,4280,2866,366,58024,0.7259158751696065
bell_pepper_bacterial_spot_Bing_0105.jpg,5164,14677,262,45433,0.40875450191949975
bell_pepper_bacterial_spot_Bing_0111.jpg,132,75,5,65324,0.7674418604651163
bell_pepper_bacterial_spot_Bing_0119.jpg,420,4122,1360,59634,0.1328693451439418
bell_pepper_bacterial_spot_Bing_0164.jpg,1080,760,246,63450,0.6822488945041061
bell_pepper_blossom_end_rot_Bing_0002.jpg,3489,7548,163,54336,0.4750493566614473
bell_pepper_blossom_end_rot_Bing_0004.jpg,17097,558,1307,46574,0.9482792090740176
bell_pepper_blossom_end_rot_Bing_0008.jpg,3045,289,83,62119,0.9424326833797586
bell_pepper_blossom_end_rot_Bing_0019.jpg,2565,150,30,62791,0.9661016949152542
bell_pepper_blossom_end_rot_Bing_0023.jpg,2390,2450,255,60441,0.6386105544422178
bell_pepper_blossom_end_rot_Bing_0039.jpg,5613,302,872,58749,0.9053225806451612
bell_pepper_blossom_end_rot_Bing_0046.jpg,16166,683,263,48424,0.9715728108660376
bell_pepper_blossom_end_rot_Bing_0051.jpg,1708,568,47,63213,0.8474323989084594
bell_pepper_blossom_end_rot_Bing_0053.jpg,7180,403,63,57890,0.9685687306083907
bell_pepper_blossom_end_rot_Bing_0064.jpg,11364,732,92,53348,0.9650135869565217
bell_pepper_blossom_end_rot_Bing_0074.jpg,17844,86,1357,46249,0.9611375939242143
bell_pepper_blossom_end_rot_Bing_0077.jpg,6629,6525,5157,47225,0.5315958299919807
bell_pepper_blossom_end_rot_Bing_0083.jpg,2378,701,309,62148,0.8248352410683316
bell_pepper_blossom_end_rot_Bing_0112.jpg,2578,141,50,62767,0.964279034972882
bell_pepper_blossom_end_rot_Bing_0195.jpg,1065,2215,836,61420,0.41111754487550667
bell_pepper_blossom_end_rot_Bing_0198.jpg,5107,458,111,59860,0.9472317536863581
bell_pepper_blossom_end_rot_Bing_0229.jpg,3043,400,2366,59727,0.6875282422051514
bell_pepper_blossom_end_rot_Google_0044.jpg,2884,1208,39,61405,0.8222380612972202
bell_pepper_blossom_end_rot_Google_0058.jpg,11492,1222,1352,51470,0.8992878942014242
bell_pepper_blossom_end_rot_Google_0089.jpg,155,793,1134,63454,0.13857845328565044
bell_pepper_blossom_end_rot_Google_0247.jpg,1398,270,1052,62816,0.6789703739679456
bell_pepper_blossom_end_rot_Google_0352.jpg,18015,578,1403,45540,0.947883507405751
bell_pepper_frogeye_leaf_spot_Bing_0002.jpg,764,2619,210,61943,0.3507000229515722
bell_pepper_frogeye_leaf_spot_Bing_0008.jpg,4284,41706,43,19503,0.1702804221237355
bell_pepper_frogeye_leaf_spot_Bing_0085.jpg,481,113,218,64724,0.7440061871616396
bell_pepper_frogeye_leaf_spot_Bing_0112.jpg,598,4857,20,60061,0.19693726329655853
bell_pepper_frogeye_leaf_spot_Google_0019.jpg,3383,1940,770,59443,0.7140143520472774
bell_pepper_frogeye_leaf_spot_Google_0049.jpg,1163,179,319,63875,0.8236543909348442
bell_pepper_powdery_mildew_Bing_0001.jpg,7217,219,336,57764,0.9629728467542865
bell_pepper_powdery_mildew_Bing_0010.jpg,597,234,830,63875,0.5287865367581931
bell_pepper_powdery_mildew_Bing_0035.jpg,4667,14431,2262,44176,0.3586275790525224
bell_pepper_powdery_mildew_Bing_0079.jpg,22313,4619,216,38388,0.902246214188957
bell_pepper_powdery_mildew_Google_0012.jpg,3459,55,25392,36630,0.21374942067047736
bell_pepper_powdery_mildew_Google_0118.jpg,15034,25615,11,24876,0.5398786224727978
blueberry_anthracnose_Bing_0004.jpg,4320,17571,27,43618,0.3292933912645781
blueberry_anthracnose_Bing_0005.jpg,19947,9059,1559,34971,0.7897925245486221
blueberry_anthracnose_Bing_0006.jpg,2238,225,3236,59837,0.5639410356557893
blueberry_anthracnose_Bing_0011.jpg,9334,8561,1552,46089,0.6486223550258852
blueberry_anthracnose_Bing_0067.jpg,31036,163,936,33401,0.9826027765905241
blueberry_anthracnose_Bing_0128.jpg,1214,8334,124,55864,0.22303876538673525
blueberry_anthracnose_Bing_0141.jpg,23326,226,349,41635,0.9878247612594491
blueberry_anthracnose_Bing_0145.jpg,33265,6279,2878,23114,0.8790148902717771
blueberry_botrytis_blight_Bing_0015.jpg,2061,866,79,62530,0.8134991119005328
blueberry_botrytis_blight_Bing_0021.jpg,1985,1649,65,61837,0.6984517945109078
blueberry_botrytis_blight_Bing_0033.jpg,1257,9211,1909,53159,0.18439196127328736
blueberry_botrytis_blight_Bing_0058.jpg,947,4925,28,59636,0.2766174967138893
blueberry_botrytis_blight_Bing_0158.jpg,481,2485,33,62537,0.2764367816091954
blueberry_botrytis_blight_Google_0224.jpg,1754,2834,42,60906,0.5494987468671679
blueberry_botrytis_blight_Google_0237.jpg,417,101,569,64449,0.5545212765957447
blueberry_mummy_berry_Bing_0006.jpg,3710,279,21353,40194,0.25540410298774613
blueberry_mummy_berry_Bing_0024.jpg,4971,2909,69,57587,0.7695046439628483
blueberry_mummy_berry_Bing_0041.jpg,4418,4492,162,56464,0.6550037064492217
blueberry_mummy_berry_Bing_0174.jpg,14582,268,182,50504,0.9848044843655028
blueberry_mummy_berry_Bing_0210.jpg,1477,2811,14,61234,0.5111611005364249
blueberry_mummy_berry_Bing_0253.jpg,8970,1033,659,54874,0.9138141809290954
blueberry_mummy_berry_Google_0038.jpg,24469,164,6814,34089,0.8752056656413191
blueberry_mummy_berry_Google_0051.jpg,5023,7756,43,52714,0.5629588119921547
blueberry_mummy_berry_Google_0068.jpg,18929,3095,23490,20022,0.5874648914544637
blueberry_rust_6.jpg,1037,1364,699,62436,0.5013294657964709
blueberry_rust_google_0004.jpg,12455,9477,733,42871,0.7092824601366743
blueberry_rust_google_0016.jpg,7234,4066,389,53847,0.7645722137081858
blueberry_rust_google_0024.jpg,5593,219,2645,57079,0.7961565836298933
blueberry_rust_google_0029.jpg,10658,12766,4051,38061,0.5589909002701072
blueberry_rust_google_0031.jpg,1362,893,4103,59178,0.3528497409326425
blueberry_rust_google_0044.jpg,6542,1225,1315,56454,0.8374295954941117
blueberry_rust_google_0053.jpg,3160,69,5458,56849,0.533468388621592
blueberry_rust_google_0075.jpg,3461,3092,1008,57975,0.6280166938849574
blueberry_scorch_Bing_0011.jpg,12201,755,124,52456,0.9652308057434437
blueberry_scorch_Bing_0031.jpg,4207,720,3218,57391,0.6811852331606217
blueberry_scorch_Bing_0039.jpg,455,252,1658,63171,0.32269503546099293
blueberry_scorch_Bing_0040.jpg,4914,2732,289,57601,0.7648844268036423
blueberry_scorch_Bing_0050.jpg,7365,382,652,57137,0.9344075107840649
blueberry_scorch_Bing_0062.jpg,7199,3212,2666,52459,0.7101006115604656
blueberry_scorch_Bing_0213.jpg,3673,1305,3001,57557,0.6304497082046001
blueberry_scorch_Bing_0221.jpg,84,561,2332,62559,0.05488402482848742
blueberry_scorch_Google_0108.jpg,91,5,4407,61033,0.039616891597736174
broccoli_alternaria_leaf_spot_Bing_0000.jpg,2811,2395,757,59573,0.6407567813995897
broccoli_alternaria_leaf_spot_Bing_0019.jpg,374,0,11551,53611,0.0608179526790796
broccoli_alternaria_leaf_spot_Bing_0021.jpg,0,12871,0,52665,0.0
broccoli_alternaria_leaf_spot_Bing_0023.jpg,0,7512,0,58024,0.0
broccoli_alternaria_leaf_spot_Bing_0045.jpg,0,12382,0,53154,0.0
broccoli_alternaria_leaf_spot_Bing_0048.jpg,7535,788,32,57181,0.948395217117684
broccoli_alternaria_leaf_spot_Bing_0054.jpg,0,38797,0,26739,0.0
broccoli_alternaria_leaf_spot_Bing_0059.jpg,1065,837,237,63397,0.6647940074906367
broccoli_alternaria_leaf_spot_Bing_0060.jpg,9208,3783,266,52279,0.8197640774538171
broccoli_alternaria_leaf_spot_Bing_0119.jpg,558,636,0,64342,0.636986301369863
broccoli_alternaria_leaf_spot_Google_0005.jpg,7775,22980,65,34716,0.40290193030185256
broccoli_alternaria_leaf_spot_Google_0052.jpg,2032,3734,83,59687,0.5156706001776424
broccoli_alternaria_leaf_spot_Google_0057.jpg,10874,16784,281,37597,0.5603277252466957
broccoli_downy_mildew_30.jpg,39663,10453,1573,13847,0.8683553726245731
broccoli_downy_mildew_40.jpg,26962,3474,717,34383,0.9278843672029596
broccoli_downy_mildew_9.jpg,1275,10778,1688,51795,0.1698188598827917
broccoli_downy_mildew_google_0048.jpg,3811,10510,157,51058,0.41675323965225
broccoli_downy_mildew_google_0222.jpg,24235,1878,2677,36746,0.914097123998114
broccoli_downy_mildew_google_0256.jpg,11491,2453,10475,41117,0.6399888610414927
broccoli_ring_spot_Bing_0002.jpg,3460,1746,946,59384,0.71993341656263
broccoli_ring_spot_Bing_0018.jpg,8823,3581,50,53082,0.829346242421394
broccoli_ring_spot_Bing_0047.jpg,7211,1112,3,57210,0.9282358241616786
cabbage_alternaria_leaf_spot_16.jpg,43373,922,7039,14202,0.9159407435564425
cabbage_alternaria_leaf_spot_29.jpg,10892,2516,9992,42136,0.6352502041292429
cabbage_alternaria_leaf_spot_3.jpg,15484,1525,12310,36217,0.6912037140370064
cabbage_alternaria_leaf_spot_48.jpg,8521,4464,195,52356,0.7853094327450348
cabbage_alternaria_leaf_spot_6.jpg,15742,140,22724,26930,0.5793037462280121
cabbage_alternaria_leaf_spot_google_0020.jpg,8236,205,4341,52754,0.7837092016366923
cabbage_alternaria_leaf_spot_google_0021.jpg,25113,4670,3812,31941,0.8555222456905363
cabbage_alternaria_leaf_spot_google_0026.jpg,15364,3157,2613,44402,0.841909145706614
cabbage_alternaria_leaf_spot_google_0057.jpg,7803,1080,503,56150,0.9079062190936064
cabbage_alternaria_leaf_spot_google_0128.jpg,22307,789,21691,20749,0.6649476853369899
cabbage_alternaria_leaf_spot_google_0148.jpg,7319,1829,622,55766,0.8565744045877465
cabbage_alternaria_leaf_spot_google_0206.jpg,801,438,909,63388,0.54323499491353
cabbage_alternaria_leaf_spot_google_0341.jpg,6728,1046,264,57498,0.9112826764187999
cabbage_black_rot_Bing_0002.jpg,3989,2028,843,58676,0.7353673149599042
cabbage_black_rot_Bing_0006.jpg,3051,11951,1473,49061,0.31250640172078253
cabbage_black_rot_Bing_0007.jpg,1343,982,745,62466,0.6086562429186494
cabbage_black_rot_Bing_0015.jpg,12151,867,581,51937,0.9437669902912621
cabbage_black_rot_Bing_0018.jpg,2079,1621,4271,57565,0.4137313432835821
cabbage_black_rot_Bing_0019.jpg,1558,870,917,62191,0.6355292677952274
cabbage_black_rot_Bing_0039.jpg,17333,4474,9148,34581,0.717900927766733
cabbage_black_rot_Bing_0052.jpg,1093,613,358,63472,0.6924295216978144
cabbage_black_rot_Bing_0058.jpg,3060,26414,909,35153,0.18299793678796758
cabbage_black_rot_Bing_0070.jpg,8377,8306,883,47970,0.6458004085880584
cabbage_black_rot_Bing_0080.jpg,5652,2619,50,57215,0.8089887640449438
cabbage_black_rot_Bing_0097.jpg,7629,385,3333,54189,0.8040682967959528
cabbage_black_rot_Bing_0106.jpg,2130,2737,1267,59402,0.5154888673765731
cabbage_black_rot_Bing_0114.jpg,4641,1586,196,59113,0.838937093275488
cabbage_black_rot_Bing_0145.jpg,409,1252,441,63434,0.32576662684189567
cabbage_black_rot_Bing_0195.jpg,482,193,263,64598,0.6788732394366197
cabbage_black_rot_Bing_0210.jpg,913,930,285,63408,0.6004603748766854
cabbage_black_rot_Bing_0217.jpg,1751,394,567,62824,0.7846739861079991
cabbage_black_rot_Bing_0218 - Copy.jpg,8382,1463,4382,51309,0.7414746339953115
cabbage_black_rot_Google_0101.jpg,9709,861,1070,53896,0.9095507986322544
cabbage_black_rot_Google_0110.jpg,9506,2213,531,53286,0.8738738738738738
cabbage_black_rot_Google_0151.jpg,2038,2285,423,60790,0.6008254716981132
cabbage_black_rot_Google_0208.jpg,3009,892,431,61204,0.8197793216183081
cabbage_black_rot_Google_0262.jpg,4520,1239,477,59300,0.8404611379695054
cabbage_black_rot_Google_0328.jpg,30293,249,10703,24291,0.8469065391819732
cabbage_black_rot_Google_0343.jpg,59,1454,586,63437,0.05468025949953661
cabbage_downy_mildew_Bing_0008.jpg,6802,4514,150,54070,0.744690168600832
cabbage_downy_mildew_Bing_0012.jpg,5536,15487,35,44478,0.4163345115439573
cabbage_downy_mildew_Bing_0026.jpg,6347,1023,722,57444,0.879146755315465
cabbage_downy_mildew_Bing_0035.jpg,4466,13996,18,47056,0.38926174496644295
cabbage_downy_mildew_Bing_0039.jpg,1868,827,575,62266,0.7271311794472557
cabbage_downy_mildew_Bing_0043.jpg,2709,10533,872,51422,0.3220590857754265
cabbage_downy_mildew_Bing_0046.jpg,17534,27489,135,20378,0.5593696165379953
cabbage_downy_mildew_Bing_0053.jpg,3883,1237,970,59446,0.7787024967412013
cabbage_downy_mildew_Bing_0055.jpg,9096,13694,149,42597,0.5678788824722959
cabbage_downy_mildew_Bing_0065.jpg,2286,1491,446,61313,0.7024120448609618
cabbage_downy_mildew_Bing_0081.jpg,3020,763,364,61389,0.8427514999302358
cabbage_downy_mildew_Bing_0124.jpg,4779,589,372,59796,0.9086415058465633
cabbage_downy_mildew_Bing_0133.jpg,3557,413,266,61300,0.9128705248299757
cabbage_downy_mildew_Bing_0159.jpg,20217,769,317,44233,0.9738439306358382
cabbage_downy_mildew_Bing_0163.jpg,59300,188,319,5729,0.9957433232303727
cabbage_downy_mildew_Bing_0190.jpg,4797,504,50,60185,0.9454079621600315
cabbage_downy_mildew_Google_0295.jpg,13683,9696,6200,35957,0.6325643752022561
carrot_alternaria_leaf_blight_Bing_0014.jpg,10158,3845,3991,47542,0.7216538789428815
carrot_alternaria_leaf_blight_Bing_0019.jpg,5081,1179,6435,52841,0.5716696669666966
carrot_alternaria_leaf_blight_Bing_0046.jpg,10964,15201,143,39228,0.588323674608285
carrot_alternaria_leaf_blight_Bing_0063.jpg,1590,610,22399,40937,0.12142502577418
carrot_alternaria_leaf_blight_Bing_0071.jpg,1519,908,4261,58848,0.3701718045570854
carrot_alternaria_leaf_blight_Bing_0073.jpg,16628,436,5261,43211,0.8537468230944985
carrot_alternaria_leaf_blight_Bing_0075.jpg,7229,323,4226,53758,0.7606671226390277
carrot_alternaria_leaf_blight_Bing_0091.jpg,4455,15352,11265,34464,0.25079516987080247
carrot_alternaria_leaf_blight_Bing_0110.jpg,20325,20483,455,24273,0.6600311749042022
carrot_alternaria_leaf_blight_Bing_0161.jpg,11500,1003,5130,47903,0.7894827171935606
carrot_alternaria_leaf_blight_Bing_0184.jpg,4214,1201,4022,56099,0.6173906673503773
carrot_alternaria_leaf_blight_Google_0060.jpg,1861,17214,247,46214,0.17570693480621252
carrot_cavity_spot_1.jpg,8554,875,3497,52610,0.7964618249534451
carrot_cavity_spot_google_0000.jpg,5472,3871,1409,54784,0.6745562130177515
carrot_cavity_spot_google_0003.jpg,1933,2384,252,60967,0.5945862811442633
carrot_cavity_spot_google_0008.jpg,23274,958,9882,31422,0.8111103366557468
carrot_cavity_spot_google_0022.jpg,2588,685,3762,58501,0.5378780006235062
carrot_cavity_spot_google_0033.jpg,6296,1428,2556,55256,0.7596525096525096
carrot_cavity_spot_google_0108.jpg,77,320,562,64577,0.14864864864864866
carrot_cavity_spot_google_0137.jpg,1379,858,6507,56792,0.27244887879087226
carrot_cavity_spot_google_0140.jpg,317,0,3757,61462,0.1443862445912093
carrot_cavity_spot_google_0152.jpg,257,456,628,64195,0.3216520650813517
carrot_cavity_spot_google_0161.jpg,3506,149,22118,39763,0.23948905358789577
carrot_cavity_spot_google_0177.jpg,1001,2091,126,62318,0.4745200284427589
carrot_cavity_spot_google_0180.jpg,1461,1067,654,62354,0.629334482015938
carrot_cavity_spot_google_0193.jpg,676,287,2094,62479,0.3621751942137691
carrot_cercospora_leaf_blight_Bing_0001.jpg,85,54,1111,64286,0.12734082397003746
carrot_cercospora_leaf_blight_Bing_0009.jpg,6780,5103,2543,51110,0.6394416674526078
carrot_cercospora_leaf_blight_Bing_0055.jpg,4073,3657,2509,55297,0.5691727221911682
carrot_cercospora_leaf_blight_Bing_0212.jpg,351,134,477,64574,0.5346534653465347
cauliflower_alternaria_leaf_spot_148.jpg,1867,254,75,63340,0.9190253507260645
cauliflower_alternaria_leaf_spot_154.jpg,8733,1865,1447,53491,0.8406006352873231
cauliflower_alternaria_leaf_spot_google_0002.jpg,3026,2343,215,59952,0.7029036004645761
cauliflower_alternaria_leaf_spot_google_0003.jpg,28932,6524,387,29693,0.8933076032419915
cauliflower_alternaria_leaf_spot_google_0024.jpg,5578,6026,2049,51883,0.5801050387395351
cauliflower_alternaria_leaf_spot_google_0028.jpg,24980,8908,100,31548,0.8472391805725139
cauliflower_alternaria_leaf_spot_google_0037.jpg,17083,5462,768,42223,0.8457768095851075
cauliflower_alternaria_leaf_spot_google_0042.jpg,6011,878,510,58137,0.8964951528709918
cauliflower_alternaria_leaf_spot_google_0045.jpg,4772,25898,1,34865,0.2692774313686765
cauliflower_alternaria_leaf_spot_google_0061.jpg,18285,2754,11156,33341,0.724445324881141
cauliflower_alternaria_leaf_spot_google_0203.jpg,6962,692,2044,55838,0.8357743097238896
cauliflower_bacterial_soft_rot_Bing_0009.jpg,10476,93,31895,23072,0.39576879486210803
cauliflower_bacterial_soft_rot_Bing_0021.jpg,19349,105,3552,42530,0.913658363829536
cauliflower_bacterial_soft_rot_Bing_0034.jpg,10717,10904,225,43690,0.6582317354052145
cauliflower_bacterial_soft_rot_Bing_0094.jpg,11272,1659,725,51880,0.9043645699614891
cauliflower_bacterial_soft_rot_Bing_0124.jpg,2564,4546,1005,57421,0.4801947747916472
cauliflower_bacterial_soft_rot_Bing_0132.jpg,9279,10356,156,45745,0.638390092879257
cauliflower_bacterial_soft_rot_Bing_0205.jpg,1713,3144,27,60652,0.5193269668030923
celery_anthracnose_google_0003.jpg,145,1105,161,64125,0.18637532133676094
celery_anthracnose_google_0005.jpg,0,3512,46,61978,0.0
celery_anthracnose_google_0007.jpg,1162,2005,2234,60135,0.3541063538016151
celery_anthracnose_google_0035.jpg,884,4289,1,60362,0.2918454935622318
celery_anthracnose_google_0087.jpg,3565,223,3138,58610,0.6796301591840626
celery_anthracnose_google_0090.jpg,1703,3555,20,60258,0.48789571694599626
celery_early_blight_2.jpg,6698,873,207,57758,0.9253937551809892
celery_early_blight_52.jpg,694,19658,52,45132,0.06578822637216798
celery_early_blight_58.jpg,7965,1243,1244,55084,0.8649617201498615
celery_early_blight_9.jpg,3077,2171,872,59416,0.6691312384473198
celery_early_blight_google_0001.jpg,5447,8062,2249,49778,0.513746757840132
celery_early_blight_google_0009.jpg,1182,466,367,63521,0.7394432280262746
celery_early_blight_google_0163.jpg,5534,7207,774,52021,0.5810278754790278
cherry_leaf_spot_12.jpg,1430,4973,345,58788,0.34971875764245536
cherry_leaf_spot_15.jpg,15020,10018,505,39993,0.7405763873480758
cherry_leaf_spot_32.jpg,1636,3781,209,59910,0.45056458275957034
cherry_leaf_spot_34.jpg,4015,5252,26,56243,0.6033964532611963
cherry_leaf_spot_35.jpg,323,88,158,64967,0.7242152466367713
cherry_leaf_spot_63.jpg,3059,2597,298,59582,0.6787972927992899
cherry_leaf_spot_70.jpg,13082,4181,654,47619,0.8440272266847317
cherry_leaf_spot_google_0024.jpg,394,966,166,64010,0.41041666666666665
cherry_leaf_spot_google_0042.jpg,195,1175,38,64128,0.24329382407985028
cherry_leaf_spot_google_0053.jpg,13833,7983,860,42860,0.7577857514585444
cherry_leaf_spot_google_0054.jpg,2511,810,119,62096,0.8438917828936313
cherry_leaf_spot_google_0064.jpg,53,58,98,65327,0.40458015267175573
cherry_leaf_spot_google_0065.jpg,4548,6281,917,53790,0.5582422977783233
cherry_leaf_spot_google_0079.jpg,1715,1378,987,61456,0.5918895599654875
cherry_leaf_spot_google_0088.jpg,34151,3451,487,27447,0.9454872646733112
cherry_leaf_spot_google_0154.jpg,2237,2353,75,60871,0.6482179078527963
cherry_leaf_spot_google_0180.jpg,2264,5392,1219,56661,0.40649968578867046
cherry_leaf_spot_google_0216.jpg,1242,3791,12,60491,0.3951010020677589
cherry_leaf_spot_google_0227.jpg,26522,1509,116,37389,0.9702756589657758
cherry_leaf_spot_google_0260.jpg,1530,6360,91,57555,0.32173273052255286
cherry_leaf_spot_google_0345.jpg,4515,5366,2501,53154,0.5344143930875304
cherry_powdery_mildew_107.jpg,1955,1170,5259,57152,0.3781797079021182
cherry_powdery_mildew_2.jpg,9461,1490,643,53942,0.8986938969365946
cherry_powdery_mildew_60.jpg,1057,236,5937,58306,0.2550983468082539
cherry_powdery_mildew_65.jpg,6796,1725,10264,46751,0.5313318478558305
cherry_powdery_mildew_67.jpg,16655,1433,1102,46346,0.9292788394476217
cherry_powdery_mildew_76.jpg,7386,6412,2402,49336,0.6263037395064869
cherry_powdery_mildew_google_0062.jpg,19031,237,8181,38087,0.8188898450946643
citrus_canker_101.jpg,5717,1533,1973,56313,0.7653279785809907
citrus_canker_103.jpg,236,1,161,65138,0.7444794952681388
citrus_canker_105.jpg,12560,5155,1795,46026,0.7832865606485813
citrus_canker_107.jpg,1631,152,1624,62129,0.647479158396189
citrus_canker_11.jpg,2542,809,2,62183,0.8624257845631892
citrus_canker_125.jpg,6553,137,1323,57523,0.899766579706165
citrus_canker_13.jpg,3234,385,69,61848,0.9344120196475008
citrus_canker_130.jpg,711,3144,539,61142,0.27855044074436824
citrus_canker_147.jpg,3456,137,1278,60665,0.8300708538489252
citrus_canker_149.jpg,12251,3017,1251,49017,0.8516510253736531
citrus_canker_156.jpg,5547,913,963,58113,0.8553585196607556
citrus_canker_159.jpg,7866,378,1151,56141,0.9114188053994554
citrus_canker_162.jpg,2196,610,931,61799,0.7402663070959042
citrus_canker_163.jpg,2618,680,3131,59107,0.5787553885265834
citrus_canker_174.jpg,1908,1356,1801,60471,0.5472536928151441
citrus_canker_184.jpg,846,28,1620,63042,0.5065868263473053
citrus_canker_196.jpg,405,1848,64,63219,0.2975753122703894
citrus_canker_197.jpg,311,406,160,64659,0.5235690235690236
citrus_canker_21.jpg,3212,43,875,61406,0.874965949332607
citrus_canker_22.jpg,5055,167,6223,54091,0.6127272727272727
citrus_canker_224.jpg,4961,1527,399,58649,0.837440918298447
citrus_canker_23.jpg,4481,392,972,59691,0.8679062560526826
citrus_canker_247.jpg,492,104,784,64156,0.5256410256410257
citrus_canker_251.jpg,3057,1855,799,59825,0.697308394160584
citrus_canker_255.jpg,8459,1886,1516,53675,0.8325787401574803
citrus_canker_256.jpg,4183,866,624,59863,0.848823051948052
citrus_canker_26.jpg,3686,2796,903,58151,0.6658838406647999
citrus_canker_264.jpg,15718,392,3883,45543,0.880288986586766
citrus_canker_27.jpg,1534,1234,151,62617,0.6889737255782619
citrus_canker_273.jpg,23969,315,4268,36984,0.9127396660383466
citrus_canker_276.jpg,8910,3424,2355,50847,0.7551167422348405
citrus_canker_281.jpg,5442,1874,481,57739,0.8221164740539315
citrus_canker_282.jpg,3579,447,4356,57154,0.598444946074743
citrus_canker_285.jpg,496,429,877,63734,0.4316797214969539
citrus_canker_298.jpg,6993,1903,2071,54569,0.7787305122494432
citrus_canker_314.jpg,538,331,760,63907,0.49653899400092294
citrus_canker_321.jpg,4252,139,1443,59702,0.843148919294071
citrus_canker_340.jpg,9337,1165,2228,52806,0.8462409933384692
citrus_canker_352.jpg,6190,117,5419,53810,0.691002455905336
citrus_canker_354.jpg,6391,546,2686,55913,0.7981765954789559
citrus_canker_36.jpg,4177,2778,1247,57334,0.6748525729057274
citrus_canker_363.jpg,1661,2278,40,61557,0.5890070921985816
citrus_canker_370.jpg,8979,3459,7015,46083,0.6316122678671919
citrus_canker_388.jpg,946,95,376,64119,0.8006771053745239
citrus_canker_394.jpg,1419,177,460,63480,0.8166906474820144
citrus_canker_4.jpg,6333,111,22126,36966,0.36289144199639
citrus_canker_40.jpg,9846,12,3824,51854,0.8369602176130568
citrus_canker_48.jpg,17537,6375,1635,39989,0.8140841147525764
citrus_canker_5.jpg,602,1950,892,62092,0.2975778546712803
citrus_canker_50.jpg,2394,4004,68,59070,0.5404063205417607
citrus_canker_60.jpg,1958,833,153,62592,0.7988576091391268
citrus_canker_62.jpg,5634,1478,418,58006,0.8559708295350957
citrus_canker_64.jpg,1456,2246,840,60994,0.48549516505501833
citrus_canker_66.jpg,3383,3789,1535,56829,0.5596360628618693
citrus_canker_76.jpg,16484,83,2214,46755,0.9348645966255494
citrus_canker_89.jpg,1255,1388,692,62201,0.5468409586056645
citrus_canker_90.jpg,766,1231,96,63443,0.5358516963973418
citrus_canker_96.jpg,0,953,0,64583,0.0
citrus_canker_google_0009.jpg,1366,5,1459,62706,0.6510962821734986
citrus_canker_google_0020.jpg,3785,883,558,60310,0.8400843413605593
citrus_canker_google_0027.jpg,3020,1534,1302,59680,0.6804867057232988
citrus_canker_google_0028.jpg,1772,939,583,62242,0.6995657323332017
citrus_canker_google_0029.jpg,3610,908,1801,59217,0.7271628562795851
citrus_canker_google_0045.jpg,1004,360,73,64099,0.8226136829168373
citrus_canker_google_0051.jpg,1764,778,4327,58667,0.4086644271979613
citrus_canker_google_0058.jpg,1948,228,1387,61973,0.7069497368898566
citrus_canker_google_0071.jpg,3502,937,522,60575,0.8276025050218598
citrus_canker_google_0078.jpg,2883,2417,809,59427,0.6412366548042705
citrus_canker_google_0085.jpg,1938,645,160,62793,0.8280281991027558
citrus_canker_google_0093.jpg,5651,2211,86,57588,0.8310905213618649
citrus_canker_google_0108.jpg,837,613,59,64027,0.7135549872122762
citrus_canker_google_0117.jpg,2544,1427,68,61497,0.772899893665502
citrus_canker_google_0139.jpg,151,1512,1817,62056,0.08317267970256127
citrus_canker_google_0175.jpg,560,1293,153,63530,0.436477007014809
citrus_canker_google_0199.jpg,1576,65,2440,61455,0.5571857875198869
citrus_canker_google_0206.jpg,848,19,187,64482,0.8916929547844374
citrus_canker_google_0265.jpg,3995,3300,1024,57217,0.648854961832061
citrus_canker_google_0277.jpg,3118,4182,532,57704,0.5694977168949772
citrus_greening_disease_24.jpg,0,53,6275,59208,0.0
citrus_greening_disease_29.jpg,8380,1210,3025,52921,0.7982853060252441
citrus_greening_disease_48.jpg,4326,4551,1632,55027,0.5832153690596562
citrus_greening_disease_60.jpg,2493,46,6748,56249,0.4232597623089983
citrus_greening_disease_85.jpg,0,0,579,64957,0.0
citrus_greening_disease_93.jpg,307,10,2916,62303,0.17344632768361581
citrus_greening_disease_google_0002.jpg,2440,141,2812,60143,0.6230052342652879
citrus_greening_disease_google_0009.jpg,6552,3888,4936,50160,0.5975921196643561
citrus_greening_disease_google_0022.jpg,5656,4958,2856,52066,0.5914461988915612
citrus_greening_disease_google_0064.jpg,234,3293,12559,49450,0.028676470588235293
citrus_greening_disease_google_0066.jpg,1254,2783,399,61100,0.4407732864674868
citrus_greening_disease_google_0071.jpg,14915,6870,2391,41360,0.7630912486250032
citrus_greening_disease_google_0078.jpg,1382,6614,1151,56389,0.2625130591699117
citrus_greening_disease_google_0079.jpg,1275,6075,2357,55829,0.23219814241486067
citrus_greening_disease_google_0081.jpg,5042,2906,5674,51914,0.54029147021003
citrus_greening_disease_google_0086.jpg,0,0,796,64740,0.0
citrus_greening_disease_google_0110.jpg,0,10,2757,62769,0.0
citrus_greening_disease_google_0120.jpg,1155,1402,121,62858,0.6026611009653013
citrus_greening_disease_google_0126.jpg,1441,642,2750,60703,0.45935607268090534
citrus_greening_disease_google_0156.jpg,9793,268,1387,54088,0.9220846476154607
citrus_greening_disease_google_0172.jpg,6957,6448,798,51333,0.6575614366729678
citrus_greening_disease_google_0182.jpg,3124,9826,3015,49571,0.3273089213683273
citrus_greening_disease_google_0183.jpg,1958,488,4206,58884,0.4548199767711963
citrus_greening_disease_google_0186.jpg,52,4910,422,60152,0.01913171449595291
citrus_greening_disease_google_0221.jpg,1418,5785,2518,55815,0.25460095161145524
citrus_greening_disease_google_0251.jpg,9952,3549,726,51309,0.8231936804665205
citrus_greening_disease_google_0253.jpg,22387,2841,1410,38898,0.9132891381947986
coffee_berry_blotch_Bing_0001.jpg,3295,0,11712,50529,0.3600699377117255
coffee_berry_blotch_Bing_0002.jpg,1412,72,569,63483,0.815007215007215
coffee_berry_blotch_Bing_0006.jpg,3565,929,735,60307,0.8107800773254492
coffee_berry_blotch_Bing_0010.jpg,1449,1765,1550,60772,0.466441332689522
coffee_berry_blotch_Bing_0017.jpg,1391,258,333,63554,0.8247850578120368
coffee_berry_blotch_Bing_0018.jpg,405,323,1035,63773,0.3736162361623616
coffee_berry_blotch_Bing_0027.jpg,7732,215,301,57288,0.9677096370463079
coffee_berry_blotch_Bing_0037.jpg,2338,833,323,62042,0.8017832647462277
coffee_berry_blotch_Bing_0044.jpg,1239,1053,866,62378,0.563566067773482
coffee_berry_blotch_Bing_0049.jpg,3477,1706,917,59436,0.7261146496815286
coffee_berry_blotch_Bing_0058.jpg,2787,1211,948,60590,0.7208069313332471
coffee_berry_blotch_Bing_0065.jpg,0,29,522,64985,0.0
coffee_berry_blotch_Bing_0073.jpg,837,1809,297,62593,0.44285714285714284
coffee_berry_blotch_Bing_0078.jpg,189,5645,230,59472,0.06045098352790661
coffee_berry_blotch_Bing_0099.jpg,219,127,226,64964,0.5537294563843237
coffee_berry_blotch_Bing_0105.jpg,400,904,90,64142,0.4459308807134894
coffee_berry_blotch_Bing_0106.jpg,310,10332,87,54807,0.05616450765467887
coffee_berry_blotch_Bing_0114.jpg,1269,197,404,63666,0.8085377508760752
coffee_berry_blotch_Bing_0117.jpg,849,201,133,64353,0.8356299212598425
coffee_berry_blotch_Bing_0120.jpg,3664,3349,0,58523,0.6863351128594174
coffee_berry_blotch_Bing_0122.jpg,3639,345,1715,59837,0.7793960162775755
coffee_berry_blotch_Bing_0140.jpg,2411,767,305,62053,0.8181201221581269
coffee_berry_blotch_Bing_0170.jpg,291,503,389,64353,0.3948439620081411
coffee_berry_blotch_Google_0099.jpg,0,2708,159,62669,0.0
coffee_black_rot_Bing_0001.jpg,5485,1983,882,57186,0.7929165160823997
coffee_brown_eye_spot_Bing_0006.jpg,15124,5058,1871,43483,0.8136213250127767
coffee_brown_eye_spot_Bing_0036.jpg,3519,975,743,60299,0.8037916857012335
coffee_brown_eye_spot_Bing_0061.jpg,1309,1540,324,62363,0.5841142347166444
coffee_brown_eye_spot_Google_0003.jpg,702,149,356,64329,0.7354635935044526
coffee_leaf_rust_15.jpg,15661,7985,475,41415,0.7873410084963048
coffee_leaf_rust_171.jpg,5518,1056,662,58300,0.8652971616747687
coffee_leaf_rust_33.jpg,1848,2211,1117,60360,0.5261958997722096
coffee_leaf_rust_4.jpg,4433,5576,788,54739,0.5821405121470782
coffee_leaf_rust_46.jpg,10092,1863,903,52678,0.8794771241830065
coffee_leaf_rust_google_0008.jpg,30718,854,567,33397,0.9773931304389328
coffee_leaf_rust_google_0016.jpg,2400,193,586,62357,0.8603692417996056
coffee_leaf_rust_google_0018.jpg,3888,2135,1083,58430,0.7072948881207931
coffee_leaf_rust_google_0019.jpg,18407,3489,1280,42360,0.8853137099295385
coffee_leaf_rust_google_0022.jpg,4431,1261,732,59112,0.8163979732842008
coffee_leaf_rust_google_0033.jpg,1843,1946,1398,60349,0.5243243243243243
coffee_leaf_rust_google_0042.jpg,10144,6406,114,48872,0.7567890182035213
coffee_leaf_rust_google_0043.jpg,22352,4623,1040,37521,0.8875652709115095
coffee_leaf_rust_google_0045.jpg,7475,9974,1760,46327,0.5602608304602009
coffee_leaf_rust_google_0048.jpg,34765,3692,1282,25797,0.9332384838397938
coffee_leaf_rust_google_0077.jpg,20127,85,776,44548,0.9790587376869756
coffee_leaf_rust_google_0086.jpg,4893,4260,583,55800,0.6689452457447536
coffee_leaf_rust_google_0090.jpg,24713,113,5464,35246,0.8986055306074214
coffee_leaf_rust_google_0096.jpg,8121,2409,1419,53587,0.8092675635276532
coffee_leaf_rust_google_0107.jpg,833,7,736,63960,0.6915732669157326
coffee_leaf_rust_google_0108.jpg,12585,555,11554,40842,0.6751790552321683
coffee_leaf_rust_google_0109.jpg,446,4314,624,60152,0.1530017152658662
coffee_leaf_rust_google_0122.jpg,2132,160,4145,59099,0.49760765550239233
coffee_leaf_rust_google_0125.jpg,62614,2140,110,672,0.9823498956682721
coffee_leaf_rust_google_0130.jpg,6728,257,732,57819,0.9315334025614399
coffee_leaf_rust_google_0132.jpg,3487,549,2247,59253,0.7138178096212897
coffee_leaf_rust_google_0135.jpg,821,166,1886,62663,0.44450460205739034
coffee_leaf_rust_google_0156.jpg,7589,778,5133,52036,0.719711698041633
coffee_leaf_rust_google_0184.jpg,4474,22,5446,55594,0.6206992230854605
coffee_leaf_rust_google_0237.jpg,186,173,5,65172,0.6763636363636364
coffee_leaf_rust_google_0246.jpg,2678,247,1627,60984,0.7408022130013832
coffee_leaf_rust_google_0281.jpg,42396,1363,850,20927,0.9745646801907937
corn_gray_leaf_spot_31.jpg,4512,14238,434,46352,0.3808237677245105
corn_gray_leaf_spot_35.jpg,5554,1315,4032,54635,0.6750531753266484
corn_gray_leaf_spot_42.jpg,9711,20,26254,29551,0.42502626050420167
corn_gray_leaf_spot_google_0014.jpg,1131,34,1427,62944,0.6075745366639806
corn_gray_leaf_spot_google_0015.jpg,1669,558,1001,62308,0.6816418215233817
corn_gray_leaf_spot_google_0020.jpg,12260,527,13132,39617,0.6422378794625317
corn_gray_leaf_spot_google_0024.jpg,18760,1940,1226,43610,0.9221845352209606
corn_gray_leaf_spot_google_0035.jpg,13538,17242,484,34272,0.6043480201776706
corn_gray_leaf_spot_google_0047.jpg,3602,2055,1517,58362,0.6685226429101707
corn_gray_leaf_spot_google_0050.jpg,15227,317,1513,48479,0.9433155742782803
corn_gray_leaf_spot_google_0053.jpg,6230,172,249,58885,0.9673162021582176
corn_gray_leaf_spot_google_0061.jpg,10818,13238,87,41393,0.6188610165613112
corn_gray_leaf_spot_google_0066.jpg,2461,1178,650,61247,0.7291851851851852
corn_gray_leaf_spot_google_0074.jpg,1736,53,3013,60734,0.5310492505353319
corn_gray_leaf_spot_google_0081.jpg,13368,0,38236,13932,0.4115003386074001
corn_gray_leaf_spot_google_0089.jpg,5979,1228,21984,36345,0.3400056866647711
corn_gray_leaf_spot_google_0145.jpg,7854,4723,784,52175,0.7404195144944614
corn_gray_leaf_spot_google_0168.jpg,53259,204,10999,1074,0.9048343116351373
corn_gray_leaf_spot_google_0172.jpg,50253,200,259,14824,0.9954538701530233
corn_gray_leaf_spot_google_0270.jpg,9506,15466,435,40129,0.5445536046744766
corn_gray_leaf_spot_google_0293.jpg,38110,290,9604,17532,0.8851057899993032
corn_northern_leaf_blight_101.jpg,6822,935,1007,56772,0.875401000898242
corn_northern_leaf_blight_14.jpg,1518,1034,214,62770,0.7086834733893558
corn_northern_leaf_blight_2.jpg,2795,4731,5417,52593,0.3551912568306011
corn_northern_leaf_blight_28.jpg,5240,2179,554,57563,0.79315825323545
corn_northern_leaf_blight_30.jpg,11216,3119,5255,45946,0.7281698370447316
corn_northern_leaf_blight_33.jpg,4866,1651,4862,54157,0.5990766389658356
corn_northern_leaf_blight_37.jpg,16265,882,4409,43980,0.860104174929272
corn_northern_leaf_blight_49.jpg,13914,1212,6726,43684,0.778057372924006
corn_northern_leaf_blight_53.jpg,4775,765,215,59781,0.9069325735992403
corn_northern_leaf_blight_62.jpg,5972,1351,243,57970,0.8822573496823756
corn_northern_leaf_blight_69.jpg,966,2555,6090,55925,0.18266048974189278
corn_northern_leaf_blight_81.jpg,1626,7548,2834,53528,0.2385213436995746
corn_northern_leaf_blight_google_0000.jpg,4839,2017,244,58436,0.8106206549962308
corn_northern_leaf_blight_google_0012.jpg,11061,2765,7297,44413,0.6873601789709173
corn_northern_leaf_blight_google_0018.jpg,2204,445,222,62665,0.8685714285714285
corn_northern_leaf_blight_google_0023.jpg,1981,1564,17225,44766,0.17414619137620324
corn_northern_leaf_blight_google_0040.jpg,1024,1993,15,62504,0.504930966469428
corn_northern_leaf_blight_google_0041.jpg,194,43,657,64642,0.35661764705882354
corn_northern_leaf_blight_google_0042.jpg,6847,2487,1196,55006,0.7880531737353974
corn_northern_leaf_blight_google_0059.jpg,593,933,1349,62661,0.3419838523644752
corn_northern_leaf_blight_google_0064.jpg,2719,705,34,62078,0.8803626355836166
corn_northern_leaf_blight_google_0069.jpg,7653,1798,43,56042,0.8926342800489881
corn_northern_leaf_blight_google_0088.jpg,2966,16119,41,46410,0.26851348904580846
corn_northern_leaf_blight_google_0099.jpg,189,3728,310,61309,0.08559782608695653
corn_northern_leaf_blight_google_0101.jpg,3773,1613,819,59331,0.7562637803166967
corn_northern_leaf_blight_google_0133.jpg,20414,4196,5555,35371,0.8072124794875344
corn_rust_1.jpg,37488,1270,487,26291,0.9771024200800177
corn_rust_10.jpg,17932,3837,3183,40584,0.8363025837142057
corn_rust_15.jpg,18028,20939,227,26342,0.6301073013875782
corn_rust_2.jpg,15497,1027,5099,43913,0.8349676724137931
corn_rust_27.jpg,8749,3344,25,53418,0.8385489049695691
corn_rust_32.jpg,1927,13,7113,56483,0.3510018214936248
corn_rust_42.jpg,19729,816,523,44468,0.9671789592371988
corn_rust_60.jpg,2616,49,1049,61822,0.8265402843601896
corn_rust_69.jpg,4784,926,1894,57932,0.7723603487245722
corn_rust_74.jpg,7325,4194,433,53584,0.7599730248482648
corn_rust_80.jpg,52554,1653,560,10769,0.9793796181548812
corn_rust_82.jpg,35057,6240,689,23550,0.9100632114533442
corn_rust_google_0000.jpg,36639,1573,14322,13002,0.8217509784351765
corn_rust_google_0013.jpg,56537,2265,814,5920,0.973491859874476
corn_rust_google_0029.jpg,17971,6889,669,40007,0.8262528735632184
corn_rust_google_0035.jpg,27067,378,239,37852,0.9887307994374532
corn_rust_google_0037.jpg,31923,291,3525,29797,0.9436020218143123
corn_rust_google_0053.jpg,2549,1318,3922,57747,0.4931321338750242
corn_rust_google_0056.jpg,15162,11757,106,38511,0.7187996302178397
corn_rust_google_0059.jpg,22467,2978,1664,38427,0.9063659835404227
corn_rust_google_0068.jpg,29648,4134,10637,21117,0.800572454669421
corn_rust_google_0071.jpg,41274,449,10772,13041,0.8803335857266261
corn_rust_google_0078.jpg,6073,1469,5593,52401,0.6323406913785923
corn_rust_google_0080.jpg,28314,10117,2107,24998,0.822459768779411
corn_rust_google_0094.jpg,27334,6630,110,31462,0.8902423137050547
corn_rust_google_0097.jpg,10357,2737,121,52321,0.8787544544374681
corn_rust_google_0117.jpg,12671,776,2815,49274,0.8758856668855632
corn_rust_google_0131.jpg,54637,1379,3722,5798,0.9554010928961748
corn_rust_google_0132.jpg,18003,627,713,46193,0.9641193166604188
corn_rust_google_0152.jpg,8809,82,4441,52204,0.7957183505713382
corn_rust_google_0156.jpg,16801,7524,1635,39576,0.785809499310119
corn_rust_google_0174.jpg,12135,2422,1019,49960,0.875825484464653
corn_rust_google_0177.jpg,36948,3589,279,24720,0.950259760300396
corn_rust_google_0196.jpg,29550,7195,3093,25698,0.8517322880036894
corn_rust_google_0211.jpg,44196,7449,364,13527,0.9187880047814563
corn_smut_13.jpg,17421,2204,118,45793,0.9375201808201485
corn_smut_16.jpg,2455,2833,370,59878,0.6052015284111919
corn_smut_17.jpg,2045,158,21,63312,0.9580698055750761
corn_smut_224.jpg,12694,2046,605,50191,0.9054531188701451
corn_smut_85.jpg,9789,711,751,54285,0.9305133079847909
corn_smut_google_0001.jpg,16952,34,2543,46007,0.9293604890216826
corn_smut_google_0002.jpg,11787,2326,253,51170,0.9013879860819026
corn_smut_google_0011.jpg,8348,211,660,56317,0.9504183981328628
corn_smut_google_0012.jpg,4623,1191,413,59309,0.8521658986175116
corn_smut_google_0013.jpg,15154,4908,2197,43277,0.8100927485098762
corn_smut_google_0023.jpg,23478,3138,415,38505,0.9296561008929102
corn_smut_google_0024.jpg,5071,3027,57,57381,0.7668229245425676
corn_smut_google_0025.jpg,20905,2551,4592,37488,0.8540845300594447
corn_smut_google_0034.jpg,17985,7563,2070,37918,0.7887638971120321
corn_smut_google_0046.jpg,12095,3594,57,49790,0.8688624690205093
corn_smut_google_0049.jpg,6314,296,273,58653,0.9568841403349246
corn_smut_google_0053.jpg,4799,1818,98,58821,0.8335938857043599
corn_smut_google_0059.jpg,4277,2204,203,58852,0.7804032478788432
corn_smut_google_0063.jpg,14091,540,2506,48399,0.902459331369284
corn_smut_google_0079.jpg,13972,631,436,50497,0.9632208472648306
corn_smut_google_0081.jpg,14814,137,201,50384,0.9887205499566175
corn_smut_google_0084.jpg,18106,563,3279,43588,0.9040794926848754
corn_smut_google_0090.jpg,4320,792,1009,59415,0.8275069437793314
corn_smut_google_0099.jpg,13723,7613,468,43732,0.7725391955414193
corn_smut_google_0101.jpg,3445,814,3679,57598,0.6052885882456295
corn_smut_google_0115.jpg,4513,2089,1212,57722,0.7322138395392228
corn_smut_google_0118.jpg,20108,1414,553,43461,0.9533698409311808
corn_smut_google_0120.jpg,29407,2791,2395,30943,0.91896875
corn_smut_google_0124.jpg,10306,414,512,54304,0.9570062215618906
corn_smut_google_0132.jpg,4044,547,1193,59752,0.8229548229548229
corn_smut_google_0134.jpg,11970,2270,12271,39025,0.6221252046464489
corn_smut_google_0162.jpg,3303,591,20,61622,0.9153387834280172
corn_smut_google_0169.jpg,10411,830,1885,52410,0.8846497004715979
corn_smut_google_0194.jpg,14797,679,1374,48686,0.9351281322084242
corn_smut_google_0200.jpg,3553,10286,1589,50108,0.3743743743743744
corn_smut_google_0225.jpg,14103,11110,104,40219,0.7155251141552511
corn_smut_google_0235.jpg,7156,5886,3079,49415,0.6148558663057955
corn_smut_google_0248.jpg,10074,8200,485,46777,0.698782644886068
corn_smut_google_0298.jpg,24089,143,13063,28241,0.784862504887267
corn_smut_google_0332.jpg,8742,368,9097,47329,0.6487810308360236
cucumber_angular_leaf_spot_1.jpg,26091,6296,5226,27923,0.8191322365942484
cucumber_angular_leaf_spot_130.jpg,21946,5321,9419,28850,0.7486014463091827
cucumber_angular_leaf_spot_14.jpg,6655,30317,62,28502,0.30465334523564286
cucumber_angular_leaf_spot_141.jpg,26191,2231,2046,35068,0.9245133165075274
cucumber_angular_leaf_spot_154.jpg,54277,3155,693,7411,0.965765733705806
cucumber_angular_leaf_spot_156.jpg,21091,16662,0,27783,0.7168445381007409
cucumber_angular_leaf_spot_172.jpg,14327,5243,97,45869,0.842913455315644
cucumber_angular_leaf_spot_175.jpg,8481,5176,1800,50079,0.7085804996240287
cucumber_angular_leaf_spot_20.jpg,6213,28169,152,31002,0.30495496600976757
cucumber_angular_leaf_spot_214.jpg,17907,19741,1461,26427,0.6281394696225621
cucumber_angular_leaf_spot_217.jpg,28904,859,5952,29821,0.8945975641839088
cucumber_angular_leaf_spot_243.jpg,38576,7545,109,19306,0.9097469518666133
cucumber_angular_leaf_spot_261.jpg,20832,3338,4270,37096,0.8455918168533852
cucumber_angular_leaf_spot_286.jpg,12356,3429,6121,43630,0.7212655419998832
cucumber_angular_leaf_spot_292.jpg,6783,6847,452,51454,0.6501797268152408
cucumber_angular_leaf_spot_311.jpg,18772,5265,5022,36477,0.7849302753444419
cucumber_angular_leaf_spot_328.jpg,19663,3907,12833,29133,0.7014233225127529
cucumber_angular_leaf_spot_33.jpg,8841,3010,1401,52284,0.8003440003621056
cucumber_angular_leaf_spot_4.jpg,26853,1878,17622,19183,0.7336283911154824
cucumber_angular_leaf_spot_41.jpg,45554,1314,1362,17306,0.9714663482043845
cucumber_angular_leaf_spot_42.jpg,18476,2856,9025,35179,0.7567014109311326
cucumber_angular_leaf_spot_48.jpg,2773,11140,456,51167,0.3235328433088321
cucumber_angular_leaf_spot_6.jpg,58738,387,923,5488,0.9889717643493341
cucumber_angular_leaf_spot_7.jpg,6478,3802,2534,52722,0.6715737093095584
cucumber_angular_leaf_spot_75.jpg,9835,18993,694,36014,0.49978402825418605
cucumber_angular_leaf_spot_79.jpg,29090,1206,6134,29106,0.8879731379731379
cucumber_angular_leaf_spot_9.jpg,45070,5541,184,14741,0.9402806029312053
cucumber_angular_leaf_spot_google_0018.jpg,9097,726,15914,39799,0.5223057931905609
cucumber_angular_leaf_spot_google_0020.jpg,9318,7126,876,48216,0.6996020722276447
cucumber_angular_leaf_spot_google_0021.jpg,29956,3744,1135,30701,0.924696331280579
cucumber_angular_leaf_spot_google_0028.jpg,41257,4084,9167,11028,0.8616300318487965
cucumber_angular_leaf_spot_google_0043.jpg,15400,941,9879,39316,0.7400288322921672
cucumber_angular_leaf_spot_google_0083.jpg,6947,1670,4726,52193,0.6847708230655495
cucumber_angular_leaf_spot_google_0085.jpg,1998,16639,1030,45869,0.18444495730440802
cucumber_angular_leaf_spot_google_0097.jpg,8386,1362,1045,54743,0.8744981490171542
cucumber_angular_leaf_spot_google_0116.jpg,3246,778,6877,54635,0.45889587898494383
cucumber_bacterial_wilt_109.jpg,8558,1571,13760,41647,0.5275063950442259
cucumber_bacterial_wilt_12.jpg,11749,163,12966,40658,0.641548584377645
cucumber_bacterial_wilt_139.jpg,11336,1911,6463,45826,0.7302712104618952
cucumber_bacterial_wilt_14.jpg,3184,647,13979,47726,0.3033247594550824
cucumber_bacterial_wilt_184.jpg,4245,0,34937,26354,0.19550049508370368
cucumber_bacterial_wilt_313.jpg,1354,2424,221,61537,0.5058845507192229
cucumber_bacterial_wilt_38.jpg,1213,3222,41,61060,0.426436983652663
cucumber_bacterial_wilt_50.jpg,2482,9821,1153,52080,0.31145689546994604
cucumber_bacterial_wilt_58.jpg,1988,2031,17804,43713,0.16698164713787744
cucumber_bacterial_wilt_69.jpg,4205,3690,9639,48002,0.38686232117392705
cucumber_bacterial_wilt_google_0017.jpg,792,8222,4858,51664,0.10801963993453355
cucumber_bacterial_wilt_google_0020.jpg,7106,66,44104,14260,0.24343119454626425
cucumber_bacterial_wilt_google_0024.jpg,13529,1013,5380,45614,0.808884637230576
cucumber_bacterial_wilt_google_0027.jpg,1698,2295,2163,59380,0.43239113827349124
cucumber_bacterial_wilt_google_0030.jpg,10783,20745,1526,32482,0.49195884754887426
cucumber_bacterial_wilt_google_0043.jpg,8692,1949,8737,46158,0.6193088706804417
cucumber_bacterial_wilt_google_0066.jpg,1243,1644,4207,58442,0.2981887969293511
cucumber_bacterial_wilt_google_0076.jpg,5554,12087,5880,42015,0.3820464316423044
cucumber_bacterial_wilt_google_0099.jpg,1001,8352,3043,53140,0.14943644099425243
cucumber_bacterial_wilt_google_0133.jpg,13018,5289,3304,43925,0.7518553813277888
cucumber_bacterial_wilt_google_0143.jpg,1670,6283,2171,55412,0.2831948448363575
cucumber_bacterial_wilt_google_0249.jpg,742,14607,587,49600,0.088979493944118
cucumber_powdery_mildew_10.jpg,28792,31,13816,22897,0.8061485909479078
cucumber_powdery_mildew_125.jpg,30697,3499,2607,28733,0.9095407407407408
cucumber_powdery_mildew_13.jpg,602,2882,341,61711,0.2719674723288909
cucumber_powdery_mildew_178.jpg,31132,6137,617,27650,0.9021414703410704
cucumber_powdery_mildew_18.jpg,14706,4894,18696,27240,0.5549224557563865
cucumber_powdery_mildew_183.jpg,277,1343,150,63766,0.2706399609184172
cucumber_powdery_mildew_197.jpg,187,107,547,64695,0.3638132295719844
cucumber_powdery_mildew_198.jpg,5923,2346,7553,49714,0.5447689123936537
cucumber_powdery_mildew_22.jpg,303,218,71,64944,0.6770949720670391
cucumber_powdery_mildew_227.jpg,9885,26703,72,28876,0.4247502417015791
cucumber_powdery_mildew_24.jpg,282,6395,57,58802,0.08038768529076397
cucumber_powdery_mildew_26.jpg,16637,3391,761,44747,0.8890610805322503
cucumber_powdery_mildew_28.jpg,0,2369,315,62852,0.0
cucumber_powdery_mildew_32.jpg,17029,3409,8557,36541,0.7400052146706066
cucumber_powdery_mildew_35.jpg,19591,11351,251,34343,0.7715422180214241
cucumber_powdery_mildew_38.jpg,2194,1125,847,61370,0.689937106918239
cucumber_powdery_mildew_58.jpg,20003,1984,2990,40559,0.8894175188972877
cucumber_powdery_mildew_59.jpg,20460,2407,45,42624,0.9434658304897169
cucumber_powdery_mildew_64.jpg,21909,229,2439,40959,0.9426063761132384
cucumber_powdery_mildew_69.jpg,9836,33530,32,22138,0.36953826501859716
cucumber_powdery_mildew_70.jpg,3472,41838,0,20226,0.14234758722479604
cucumber_powdery_mildew_73.jpg,627,29605,0,35304,0.04063644317703101
cucumber_powdery_mildew_77.jpg,15570,12555,437,36974,0.7056104414030635
cucumber_powdery_mildew_google_0000.jpg,21788,1062,13317,29369,0.7518937106375636
cucumber_powdery_mildew_google_0001.jpg,20290,9496,798,34952,0.7976569564020914
cucumber_powdery_mildew_google_0026.jpg,27386,8755,7,29388,0.86208958982592
cucumber_powdery_mildew_google_0034.jpg,6750,16864,2027,39895,0.41678243956654626
cucumber_powdery_mildew_google_0042.jpg,21324,4316,1416,38480,0.8815212897891691
cucumber_powdery_mildew_google_0065.jpg,7523,19930,5700,32383,0.3698987117710689
cucumber_powdery_mildew_google_0080.jpg,56071,5043,237,4185,0.9550339800037472
cucumber_powdery_mildew_google_0090.jpg,27604,3704,7304,26924,0.833756191856953
cucumber_powdery_mildew_google_0104.jpg,29375,876,111,35174,0.983477576711251
cucumber_powdery_mildew_google_0119.jpg,11073,3892,10120,40451,0.6124785662923834
cucumber_powdery_mildew_google_0151.jpg,24845,18251,151,22289,0.7297479880162133
cucumber_powdery_mildew_google_0159.jpg,13796,3203,5502,43035,0.760173017053751
cucumber_powdery_mildew_google_0162.jpg,53444,3383,1305,7404,0.9579837957983796
cucumber_powdery_mildew_google_0167.jpg,33964,3414,103,28055,0.9507733221359087
cucumber_powdery_mildew_google_0188.jpg,29451,3607,1672,30806,0.9177482432495598
eggplant_cercospora_leaf_spot_12.jpg,2327,928,1431,60850,0.6636246969913019
eggplant_cercospora_leaf_spot_33.jpg,1397,21124,28,42987,0.11667919485509062
eggplant_cercospora_leaf_spot_40.jpg,1146,244,10,64136,0.9002356637863315
eggplant_cercospora_leaf_spot_96.jpg,1107,15245,50,49134,0.12644925466902734
eggplant_cercospora_leaf_spot_google_0007.jpg,4293,8718,186,52339,0.4909090909090909
eggplant_cercospora_leaf_spot_google_0018.jpg,2943,15382,11,47200,0.2766107429860426
eggplant_cercospora_leaf_spot_google_0030.jpg,9129,1703,283,54421,0.9018968583283936
eggplant_cercospora_leaf_spot_google_0031.jpg,20595,6782,293,37866,0.8534134465969129
eggplant_cercospora_leaf_spot_google_0038.jpg,14844,8089,223,42380,0.7812631578947369
eggplant_cercospora_leaf_spot_google_0042.jpg,12031,1625,114,51766,0.9325995116468354
eggplant_cercospora_leaf_spot_google_0045.jpg,6151,17473,65,41847,0.41226541554959784
eggplant_cercospora_leaf_spot_google_0121.jpg,8377,1877,2707,52575,0.7851719936263942
eggplant_phomopsis_fruit_rot_Bing_0016.jpg,5623,703,593,58617,0.896667198214001
eggplant_phomopsis_fruit_rot_Bing_0022.jpg,9014,833,106,55583,0.9504929614593768
eggplant_phomopsis_fruit_rot_Bing_0037.jpg,4252,795,2162,58327,0.7419945903498822
eggplant_phomopsis_fruit_rot_Bing_0038.jpg,19399,1081,2005,43051,0.9263203132461083
eggplant_phomopsis_fruit_rot_Bing_0048.jpg,12865,199,349,52123,0.9791460537331608
eggplant_phomopsis_fruit_rot_Bing_0094.jpg,16392,409,3168,45567,0.9016253678391684
eggplant_phomopsis_fruit_rot_Bing_0261.jpg,10062,4939,1,50534,0.8029045643153527
eggplant_phomopsis_fruit_rot_Bing_0266.jpg,12737,1561,681,50557,0.9191080964064079
eggplant_phomopsis_fruit_rot_Google_0017.jpg,3927,2370,10977,48262,0.3704542238573652
eggplant_phytophthora_blight_Bing_0000.jpg,2226,1470,1728,60112,0.5819607843137254
eggplant_phytophthora_blight_Bing_0002.jpg,4295,5965,1459,53817,0.536405645060572
eggplant_phytophthora_blight_Bing_0017.jpg,17359,522,1274,46381,0.9508133866462178
eggplant_phytophthora_blight_Bing_0022.jpg,7386,2452,6015,49683,0.6356555789836051
eggplant_phytophthora_blight_Bing_0043.jpg,42514,731,1865,20426,0.9703734136766182
eggplant_phytophthora_blight_Bing_0110.jpg,11715,295,864,52662,0.952865102281508
eggplant_phytophthora_blight_Google_0028.jpg,11400,3604,582,49950,0.8448825316830949
garlic_leaf_blight_140.jpg,10463,901,520,53652,0.9364120463596903
garlic_leaf_blight_163.jpg,1961,2132,2126,59317,0.4794621026894866
garlic_leaf_blight_19.jpg,59,1659,737,63081,0.046937151949085126
garlic_leaf_blight_3.jpg,381,1120,827,63208,0.2812846068660022
garlic_leaf_blight_35.jpg,11936,3026,11084,39490,0.6285082407456164
garlic_leaf_blight_38.jpg,10123,299,2059,53055,0.895682180145107
garlic_leaf_blight_46.jpg,419,125,2071,62921,0.2762030323005933
garlic_leaf_blight_55.jpg,1141,277,2040,62078,0.4961948249619482
garlic_leaf_blight_58.jpg,1535,1742,3421,58838,0.3728895906716871
garlic_leaf_blight_google_0004.jpg,1311,2278,1860,60087,0.3878698224852071
garlic_leaf_blight_google_0005.jpg,1737,2120,4581,57098,0.3414250614250614
garlic_leaf_blight_google_0081.jpg,2755,3164,110,59507,0.6272768670309654
garlic_leaf_blight_google_0103.jpg,1773,162,2313,61288,0.5889387144992526
garlic_leaf_blight_google_0159.jpg,3632,1351,1712,58841,0.7033988573641909
garlic_leaf_blight_google_0210.jpg,2858,991,1697,59990,0.6801523084245598
garlic_leaf_blight_google_0226.jpg,0,275,1057,64204,0.0
garlic_leaf_blight_google_0295.jpg,230,689,4095,60522,0.08771929824561403
garlic_leaf_blight_google_0302.jpg,11142,1038,375,52981,0.9403721990125332
garlic_rust_159.jpg,15083,8790,248,41415,0.7694622997653301
garlic_rust_18.jpg,9569,15718,216,40033,0.5456774635036497
garlic_rust_184.jpg,7282,5178,649,52427,0.7142366730420283
garlic_rust_185.jpg,8756,3329,803,52648,0.8090925891702089
garlic_rust_194.jpg,3892,74,3318,58252,0.6964924838940587
garlic_rust_20.jpg,21563,4953,5992,33028,0.7975809583695511
garlic_rust_261.jpg,3034,2955,87,59460,0.6660812294182218
garlic_rust_29.jpg,7223,5457,735,52121,0.6999709274154472
garlic_rust_30.jpg,995,989,153,63399,0.6353767560664112
garlic_rust_310.jpg,2871,456,2075,60134,0.6940650308231596
garlic_rust_43.jpg,5407,2365,2155,55609,0.7052302073822877
garlic_rust_53.jpg,1337,523,459,63217,0.7314004376367614
garlic_rust_56.jpg,3147,2179,523,59687,0.6996442863494886
garlic_rust_69.jpg,2326,1549,221,61440,0.7243849268140766
garlic_rust_80.jpg,99,805,4,64628,0.19662363455809334
garlic_rust_83.jpg,6950,138,1037,57411,0.9220563847429519
garlic_rust_89.jpg,1952,892,2408,60284,0.5419211549139367
garlic_rust_98.jpg,1153,691,2829,60863,0.3958118777892207
garlic_rust_google_0015.jpg,17888,1081,128,46439,0.967311072056239
garlic_rust_google_0049.jpg,15942,2930,106,46558,0.9130584192439862
garlic_rust_google_0318.jpg,15020,1192,4229,45095,0.8471278305744339
ginger_leaf_spot_105.jpg,75,2170,187,63104,0.059832469086557635
ginger_leaf_spot_11.jpg,97,56,1654,63729,0.10189075630252101
ginger_leaf_spot_161.jpg,1039,416,606,63475,0.6703225806451613
ginger_leaf_spot_google_0000.jpg,3353,6736,875,54572,0.46839421666550257
ginger_leaf_spot_google_0001.jpg,6709,7201,1445,50181,0.6081399564902102
ginger_sheath_blight_10.jpg,104,587,1789,63056,0.0804953560371517
ginger_sheath_blight_11.jpg,352,156,499,64529,0.5180279617365711
ginger_sheath_blight_13.jpg,1236,1945,10638,51717,0.16419794088342743
ginger_sheath_blight_14.jpg,1593,927,1097,61919,0.6115163147792706
ginger_sheath_blight_161.jpg,1827,3893,4937,54879,0.29269464915091314
ginger_sheath_blight_2.jpg,529,3783,1497,59727,0.1669296307983591
ginger_sheath_blight_21.jpg,7732,11080,167,46557,0.5789375163790199
ginger_sheath_blight_30.jpg,53,2512,5513,57458,0.013036526872463412
ginger_sheath_blight_33.jpg,0,1212,202,64122,0.0
ginger_sheath_blight_41.jpg,473,2877,1325,60861,0.18376068376068377
ginger_sheath_blight_53.jpg,132,6810,25,58569,0.0371883363854064
ginger_sheath_blight_64.jpg,19,2512,267,62738,0.013489527866524671
ginger_sheath_blight_89.jpg,1826,11878,2296,49536,0.20486929204532706
ginger_sheath_blight_google_0007.jpg,1696,1640,3859,58341,0.38150939151951413
grape_black_rot_12.jpg,3246,728,4689,56873,0.545133932320094
grape_black_rot_216.jpg,0,4,603,64929,0.0
grape_black_rot_23.jpg,6406,3178,4686,51266,0.6196556393886632
grape_black_rot_3.jpg,8843,4368,3901,48424,0.6814101329223656
grape_black_rot_33.jpg,5411,448,2214,57463,0.8025808365470187
grape_black_rot_google_0003.jpg,14288,1261,2569,47418,0.8818120101215824
grape_black_rot_google_0011.jpg,4178,223,11961,49174,0.4068159688412853
grape_black_rot_google_0013.jpg,2794,2790,1157,58795,0.5860513896171998
grape_black_rot_google_0018.jpg,18476,7238,2404,37418,0.7930634845688286
grape_black_rot_google_0036.jpg,1389,92,258,63797,0.8881074168797954
grape_black_rot_google_0040.jpg,9633,11682,648,43573,0.6097607292062286
grape_black_rot_google_0050.jpg,29206,796,4713,30821,0.913815490996699
grape_black_rot_google_0052.jpg,2810,1738,1678,59310,0.6219566179725542
grape_black_rot_google_0066.jpg,1191,1300,879,62166,0.5222538916904188
grape_black_rot_google_0081.jpg,5032,3781,1626,55097,0.6505074009437011
grape_black_rot_google_0088.jpg,23667,4965,670,36234,0.8936170212765957
grape_black_rot_google_0096.jpg,1389,208,356,63583,0.8312387791741472
grape_black_rot_google_0097.jpg,5042,1634,562,58298,0.8211726384364821
grape_black_rot_google_0108.jpg,3093,2284,367,59792,0.7000113160574856
grape_black_rot_google_0166.jpg,1973,1895,1931,59737,0.5077200205867216
grape_black_rot_google_0188.jpg,2583,716,1463,60774,0.7033356024506467
grape_black_rot_google_0233.jpg,897,163,780,63696,0.6554621848739496
grape_black_rot_google_0239.jpg,19513,2607,2644,40772,0.8814056959595276
grape_black_rot_google_0320.jpg,8201,352,9927,47056,0.6147445747910498
grape_downy_mildew_115.jpg,3880,474,2082,59100,0.7522295463357891
grape_downy_mildew_131.jpg,0,0,8515,57021,0.0
grape_downy_mildew_144.jpg,22517,441,4355,38223,0.9037527593818985
grape_downy_mildew_146.jpg,4451,2312,1734,57039,0.6875193080012357
grape_downy_mildew_152.jpg,6760,80,15954,42742,0.45746768626920215
grape_downy_mildew_164.jpg,14884,335,225,50092,0.9815352149828541
grape_downy_mildew_190.jpg,3847,141,1437,60111,0.8298101811906816
grape_downy_mildew_202.jpg,15059,451,963,49063,0.9551566662438158
grape_downy_mildew_203.jpg,2614,14561,5151,43210,0.20962309542902968
grape_downy_mildew_223.jpg,17969,1623,5171,40773,0.8410090798464851
grape_downy_mildew_238.jpg,30914,2061,784,31777,0.956009462990738
grape_downy_mildew_241.jpg,4986,826,1077,58647,0.8397473684210527
grape_downy_mildew_251.jpg,16507,4357,1789,42883,0.8430541368743616
grape_downy_mildew_255.jpg,3510,8601,2721,50704,0.38272816486751715
grape_downy_mildew_272.jpg,21503,8828,1734,33471,0.8028300477897252
grape_downy_mildew_275.jpg,8839,865,1458,54374,0.8838558072096395
grape_downy_mildew_29.jpg,829,3224,18449,43034,0.07106424928207107
grape_downy_mildew_42.jpg,28422,2986,4193,29935,0.887868422285741
grape_downy_mildew_49.jpg,1746,13565,2434,47791,0.17915961212867476
grape_downy_mildew_64.jpg,9264,570,695,55007,0.9360885161420704
grape_downy_mildew_71.jpg,17977,4093,10028,33438,0.7180029955067398
grape_downy_mildew_82.jpg,3431,13804,56,48245,0.3311456423125181
grape_downy_mildew_90.jpg,331,2035,5014,58156,0.08585138114382052
grape_downy_mildew_google_0001.jpg,4924,185,1143,59284,0.8811739441660702
grape_downy_mildew_google_0006.jpg,13338,979,5483,45736,0.8049972840847366
grape_downy_mildew_google_0013.jpg,9640,3259,1956,50681,0.7870994080424576
grape_downy_mildew_google_0026.jpg,2412,3136,1794,58194,0.4945663317613287
grape_downy_mildew_google_0032.jpg,11907,1029,1093,51507,0.9181832202344232
grape_downy_mildew_google_0033.jpg,763,8,158,64607,0.9018912529550828
grape_downy_mildew_google_0052.jpg,19185,1092,2606,42653,0.9120947038128744
grape_downy_mildew_google_0067.jpg,7265,227,6133,51911,0.6955481091431307
grape_downy_mildew_google_0080.jpg,633,3221,2522,59160,0.18062491082893423
grape_downy_mildew_google_0081.jpg,2076,77,183,63200,0.9410698096101541
grape_downy_mildew_google_0090.jpg,3393,44,2432,59667,0.7326711293457137
grape_downy_mildew_google_0094.jpg,670,14,249,64603,0.8359326263256395
grape_downy_mildew_google_0095.jpg,1805,550,824,62357,0.7243178170144462
grape_downy_mildew_google_0096.jpg,8366,127,2803,54240,0.8509815888515919
grape_downy_mildew_google_0097.jpg,7378,4340,1971,51847,0.7004319551905824
grape_downy_mildew_google_0110.jpg,2780,1640,77,61039,0.7640511199670194
grape_downy_mildew_google_0130.jpg,1716,4018,3607,56195,0.31039160712670705
grape_downy_mildew_google_0133.jpg,9120,203,12686,43527,0.58594879372932
grape_downy_mildew_google_0135.jpg,7546,3299,2403,52288,0.7257862845051457
grape_downy_mildew_google_0143.jpg,3299,173,2107,59957,0.7431854021175941
grape_downy_mildew_google_0173.jpg,6532,3859,3819,51326,0.6298331886992575
grape_downy_mildew_google_0193.jpg,3974,1255,547,59760,0.8151794871794872
grape_downy_mildew_google_0194.jpg,8563,1814,1883,53276,0.82245593814532
grape_downy_mildew_google_0203.jpg,2766,2826,1831,58113,0.5429384630483856
grape_downy_mildew_google_0206.jpg,11783,12427,234,41092,0.6505092886521103
grape_downy_mildew_google_0256.jpg,18061,438,846,46191,0.9656739560498315
grape_downy_mildew_google_0274.jpg,8445,11667,659,44765,0.5781078860898138
grape_downy_mildew_google_0280.jpg,20148,3406,3182,38800,0.8594829792679806
grape_downy_mildew_google_0290.jpg,22289,2163,7779,33305,0.8176449009537784
grape_downy_mildew_google_0294.jpg,8996,218,5199,51123,0.7685932760903926
grape_downy_mildew_google_0415.jpg,18576,684,737,45539,0.9631607601171804
grape_downy_mildew_google_0426.jpg,11593,1419,610,51914,0.9195320245885386
grape_downy_mildew_google_0457.jpg,26014,4343,6386,28793,0.8290389916662683
grape_leaf_spot_101.jpg,20388,1110,5348,38690,0.8632764534022103
grape_leaf_spot_11.jpg,14762,771,15124,34879,0.6500363284088156
grape_leaf_spot_140.jpg,15456,187,22554,27339,0.5761467205934431
grape_leaf_spot_142.jpg,24415,2206,2443,36472,0.9130686811645693
grape_leaf_spot_145.jpg,9075,465,5243,50753,0.7607511107385363
grape_leaf_spot_157.jpg,7591,28255,74,29616,0.34892326078462915
grape_leaf_spot_168.jpg,37742,2899,3111,21784,0.9262522394286696
grape_leaf_spot_170.jpg,3027,979,1595,59935,0.7016689847009736
grape_leaf_spot_22.jpg,406,502,5207,59421,0.12452077902162245
grape_leaf_spot_47.jpg,10770,295,14403,40068,0.5944036646614052
grape_leaf_spot_53.jpg,16514,4101,6372,38549,0.7592469138640491
grape_leaf_spot_9.jpg,33301,7250,25,24960,0.901525508615672
grape_leaf_spot_google_0004.jpg,2565,278,990,61703,0.8018130665833073
grape_leaf_spot_google_0028.jpg,3666,2558,2313,56999,0.6008358600344178
grape_leaf_spot_google_0046.jpg,1405,3721,513,59897,0.3989210675752413
grape_leaf_spot_google_0098.jpg,9306,694,3640,51896,0.8111217641418984
grape_leaf_spot_google_0124.jpg,1086,358,378,63714,0.7469050894085282
grape_leaf_spot_google_0173.jpg,28270,19852,1865,15549,0.7224912787354486
grapevine_leafroll_disease_20.jpg,30301,3924,12179,19132,0.7900658366468939
grapevine_leafroll_disease_google_0001.jpg,44818,18,19572,1128,0.8206470986761394
grapevine_leafroll_disease_google_0015.jpg,15065,8678,5367,36426,0.6820599886813808
grapevine_leafroll_disease_google_0018.jpg,37976,351,374,26835,0.9905447526637714
grapevine_leafroll_disease_google_0023.jpg,53261,1343,4991,5941,0.9438753810165166
grapevine_leafroll_disease_google_0030.jpg,12005,1695,6931,44905,0.7356906483637701
grapevine_leafroll_disease_google_0036.jpg,11876,292,11930,41438,0.660254628342692
grapevine_leafroll_disease_google_0045.jpg,35016,778,9392,20350,0.8731951821650333
grapevine_leafroll_disease_google_0050.jpg,22240,4450,21669,17177,0.6300372526523038
grapevine_leafroll_disease_google_0057.jpg,18087,1565,5360,40524,0.8393234181767558
grapevine_leafroll_disease_google_0093.jpg,47241,2609,3955,11731,0.9350394869663322
grapevine_leafroll_disease_google_0116.jpg,27005,521,25187,12823,0.6775132341503801
grapevine_leafroll_disease_google_0154.jpg,29900,7396,1244,26996,0.8737580362361193
grapevine_leafroll_disease_google_0181.jpg,8829,599,24990,31118,0.4083057784354984
lettuce_downy_mildew_13.jpg,498,374,5576,59088,0.14339188021883098
lettuce_downy_mildew_18.jpg,15151,2063,1114,47208,0.9051046924938021
lettuce_downy_mildew_23.jpg,3925,14626,2532,44453,0.31389955214331416
lettuce_downy_mildew_40.jpg,22711,7061,3071,32693,0.8176188933290132
lettuce_downy_mildew_47.jpg,21066,14541,1837,28092,0.7200820372585883
lettuce_downy_mildew_5.jpg,7516,517,7712,49791,0.6462318902884657
lettuce_downy_mildew_52.jpg,10271,9899,1069,44297,0.6519200253887655
lettuce_downy_mildew_53.jpg,9183,2250,3601,50502,0.7583928645166619
lettuce_downy_mildew_63.jpg,23577,20,16687,25252,0.7383849297693428
lettuce_downy_mildew_64.jpg,35744,104,6161,23527,0.9194243308939848
lettuce_downy_mildew_76.jpg,15237,13,16644,33642,0.6465808066877426
lettuce_downy_mildew_google_0015.jpg,52850,106,8237,4343,0.9268433836359969
lettuce_downy_mildew_google_0018.jpg,3379,118,971,61068,0.8612208487319994
lettuce_downy_mildew_google_0022.jpg,5084,470,1516,58466,0.8365970051012013
lettuce_downy_mildew_google_0027.jpg,13964,240,1711,49621,0.9347033033234043
lettuce_downy_mildew_google_0057.jpg,18310,3982,1224,42020,0.8755319657629226
lettuce_downy_mildew_google_0147.jpg,16285,472,20577,28202,0.6074339320017158
lettuce_mosaic_virus_16.jpg,2012,9061,556,53907,0.29499303570119495
lettuce_mosaic_virus_24.jpg,350,5373,95,59718,0.11348897535667964
lettuce_mosaic_virus_31.jpg,8225,5849,1070,50392,0.7039240018828362
lettuce_mosaic_virus_8.jpg,20989,5962,228,38357,0.8714914466035543
lettuce_mosaic_virus_google_0049.jpg,6391,1248,14976,42921,0.4406674481141833
lettuce_mosaic_virus_google_0050.jpg,2532,31441,2511,29052,0.12979290547467706
lettuce_mosaic_virus_google_0070.jpg,1021,25660,62,38793,0.07354848004610287
lettuce_mosaic_virus_google_0076.jpg,3880,37732,259,23665,0.16961377893379379
maple_tar_spot_google_0005.jpg,6013,991,9343,49189,0.5378354203935599
maple_tar_spot_google_0015.jpg,4907,805,7680,52144,0.536313459751899
maple_tar_spot_google_0020.jpg,101,1,5964,59470,0.03275498621696125
maple_tar_spot_google_0022.jpg,6294,347,961,57934,0.9058721934369602
maple_tar_spot_google_0033.jpg,2531,248,767,61990,0.8329767977620537
maple_tar_spot_google_0040.jpg,903,2,701,63930,0.7198086887206058
maple_tar_spot_google_0041.jpg,1083,34,183,64236,0.9089383130507763
maple_tar_spot_google_0042.jpg,299,407,1274,63556,0.26239578762615184
maple_tar_spot_google_0043.jpg,13375,938,6474,44749,0.7830337802236403
maple_tar_spot_google_0045.jpg,4106,3051,745,57634,0.6838774150566289
maple_tar_spot_google_0057.jpg,2390,751,1141,61254,0.7164268585131894
maple_tar_spot_google_0066.jpg,3951,6508,2768,52309,0.4600069856793573
maple_tar_spot_google_0074.jpg,2298,9516,66,53656,0.32416419805332203
maple_tar_spot_google_0085.jpg,2808,41527,110,21091,0.11884959685099358
maple_tar_spot_google_0088.jpg,1416,20,1419,62681,0.6630765628658394
maple_tar_spot_google_0089.jpg,3029,8395,2127,51985,0.3653799758745476
maple_tar_spot_google_0101.jpg,840,299,622,63775,0.6459054209919262
maple_tar_spot_google_0110.jpg,1881,78,7528,56049,0.3309289232934553
maple_tar_spot_google_0181.jpg,20126,310,1251,43849,0.962667113098797
maple_tar_spot_google_0190.jpg,7474,323,6034,51705,0.701619338183525
maple_tar_spot_google_0191.jpg,2524,40,5825,57147,0.4625675799505177
maple_tar_spot_google_0200.jpg,15351,417,4661,45107,0.8580771380659586
maple_tar_spot_google_0205.jpg,7050,310,4177,53999,0.7585947167375047
peach_anthracnose_Bing_0002.jpg,6305,2333,613,56285,0.8106196965800977
peach_anthracnose_Bing_0013.jpg,11989,6597,398,46552,0.7741581377328641
peach_anthracnose_Google_0197.jpg,11248,130,8288,45870,0.7276961894287378
peach_brown_rot_Bing_0000.jpg,20399,1116,78,43943,0.9715660125738236
peach_brown_rot_Bing_0009.jpg,5339,202,648,59347,0.926266481609993
peach_brown_rot_Bing_0011.jpg,15695,135,919,48787,0.9675132536062138
peach_brown_rot_Bing_0021.jpg,14273,261,2610,48392,0.9086163542031385
peach_brown_rot_Bing_0040.jpg,24188,875,310,40163,0.9760900708218155
peach_brown_rot_Bing_0047.jpg,22040,2211,757,40528,0.9369154905628294
peach_brown_rot_Bing_0067.jpg,50851,7,1836,12842,0.9822009754213145
peach_brown_rot_Bing_0085.jpg,10946,1153,329,53108,0.9365962180200222
peach_brown_rot_Bing_0092.jpg,10517,1459,186,53374,0.9274659376515719
peach_brown_rot_Bing_0098.jpg,18254,1348,979,44955,0.9400798249002189
peach_brown_rot_Bing_0111.jpg,33032,979,2589,28936,0.9487591911764706
peach_brown_rot_Bing_0114.jpg,14991,87,444,50014,0.9825975813587651
peach_brown_rot_Bing_0120.jpg,12318,684,177,52357,0.9662313213319214
peach_brown_rot_Bing_0124.jpg,4632,198,358,60348,0.9433808553971487
peach_brown_rot_Bing_0141.jpg,19051,1213,157,45115,0.9652918524523713
peach_brown_rot_Bing_0148.jpg,17459,434,195,47448,0.9823051171688187
peach_brown_rot_Bing_0155.jpg,10518,1036,802,53180,0.9196467605141209
peach_brown_rot_Bing_0164.jpg,15902,316,1031,48287,0.959367741546258
peach_brown_rot_Bing_0185.jpg,21543,2869,355,40769,0.9303822068667674
peach_brown_rot_Bing_0191.jpg,10017,570,283,54666,0.959161200746876
peach_brown_rot_Bing_0199.jpg,16599,447,2283,46207,0.9240146960587843
peach_brown_rot_Bing_0201.jpg,9865,296,8801,46574,0.6844277933881431
peach_brown_rot_Bing_0206.jpg,9650,1069,1056,53761,0.9008168028004667
peach_brown_rot_Bing_0216.jpg,1951,9066,0,54519,0.30089450956199876
peach_brown_rot_Bing_0221.jpg,6213,256,1395,57672,0.8827164878880444
peach_brown_rot_Bing_0235.jpg,1549,8644,50,55293,0.2627204884667571
peach_brown_rot_Bing_0262.jpg,3721,0,3987,57828,0.6511505818531805
peach_brown_rot_Bing_0269.jpg,7389,479,405,57263,0.9435576554718427
peach_brown_rot_Bing_0284.jpg,3926,45,256,61309,0.9630810744511222
peach_brown_rot_Bing_0293.jpg,2445,6475,2337,54279,0.3568822069770836
peach_brown_rot_Bing_0298.jpg,1896,2602,169,60869,0.5777845497485906
peach_brown_rot_Bing_0306.jpg,20647,250,493,44146,0.9823250945595546
peach_brown_rot_Bing_0317.jpg,42153,1008,1148,21227,0.9750641900488076
peach_brown_rot_Google_0249.jpg,8262,76,469,56729,0.9680707715741989
peach_brown_rot_Google_0268.jpg,2477,598,1339,61122,0.7189087215208243
peach_leaf_curl_2.jpg,1679,2438,2842,58577,0.3887473952303774
peach_leaf_curl_34.jpg,0,1757,2664,61115,0.0
peach_leaf_curl_35.jpg,13805,280,1445,50006,0.9411965229248338
peach_leaf_curl_48.jpg,4122,1430,307,59677,0.8259693417493237
peach_leaf_curl_49.jpg,4196,5439,2788,53113,0.5049641976051508
peach_leaf_curl_6.jpg,380,2256,3926,58974,0.10947853644482858
peach_leaf_curl_google_0004.jpg,7129,2463,2527,53417,0.7407522859517872
peach_leaf_curl_google_0011.jpg,3306,630,349,61251,0.8710314846528784
peach_leaf_curl_google_0017.jpg,7779,780,1451,55526,0.874585417954916
peach_leaf_curl_google_0020.jpg,3174,108,3421,58833,0.6427052748810368
peach_leaf_curl_google_0035.jpg,2882,198,8223,54233,0.4063447303489602
peach_leaf_curl_google_0057.jpg,4882,4159,7928,48567,0.44684453800741386
peach_leaf_curl_google_0063.jpg,15104,899,825,48708,0.9460102718276338
peach_leaf_curl_google_0064.jpg,10996,5792,1155,47593,0.7599433290714952
peach_leaf_curl_google_0069.jpg,2271,229,653,62383,0.8373893805309734
peach_leaf_curl_google_0071.jpg,3999,5563,1399,54575,0.5346256684491979
peach_leaf_curl_google_0074.jpg,1533,383,3107,60513,0.46766320927394756
peach_leaf_curl_google_0085.jpg,3550,893,381,60712,0.8478624313350848
peach_leaf_curl_google_0093.jpg,1505,15,6346,57670,0.3212037135844627
peach_leaf_curl_google_0099.jpg,6989,820,197,57530,0.9321773924641548
peach_leaf_curl_google_0112.jpg,6483,1446,438,57169,0.8731313131313131
peach_leaf_curl_google_0128.jpg,1368,1764,3116,59288,0.3592436974789916
peach_leaf_curl_google_0149.jpg,10840,190,3035,51471,0.8705079301345111
peach_leaf_curl_google_0164.jpg,1310,2122,1344,60760,0.43049622083470257
peach_leaf_curl_google_0173.jpg,12119,188,5460,47769,0.8110151910593589
peach_leaf_curl_google_0181.jpg,2830,3840,2173,56693,0.48487963676861134
peach_leaf_curl_google_0183.jpg,4766,285,703,59782,0.906083650190114
peach_leaf_curl_google_0198.jpg,9651,327,1382,54176,0.9186616534196373
peach_leaf_curl_google_0199.jpg,768,2177,66,62525,0.4064567345858693
peach_leaf_curl_google_0200.jpg,7231,32,1016,57257,0.9324306898774984
peach_leaf_curl_google_0207.jpg,21419,3848,7394,32875,0.7921227810650887
peach_leaf_curl_google_0224.jpg,7786,290,57,57403,0.9782021483761543
peach_leaf_curl_google_0233.jpg,898,660,2265,61713,0.3804278754501165
peach_leaf_curl_google_0252.jpg,17869,2048,222,45397,0.9402757314249631
peach_leaf_curl_google_0269.jpg,4839,117,1372,59208,0.8666606966956211
peach_leaf_curl_google_0305.jpg,263,44,2951,62278,0.14938937801760863
peach_rust_Bing_0001.jpg,20000,774,9423,35339,0.7968603701416419
peach_rust_Bing_0021.jpg,14874,171,5161,45330,0.8480045610034207
peach_scab_Bing_0007.jpg,6194,10859,406,48077,0.5237390605842811
peach_scab_Bing_0038.jpg,3294,402,57,61783,0.9348659003831418
peach_scab_Bing_0046.jpg,21966,2710,3421,37439,0.8775343067734654
peach_scab_Bing_0054.jpg,7296,124,1440,56676,0.9031938598663035
peach_scab_Bing_0070.jpg,8776,75,6956,49729,0.7139893422283692
peach_scab_Bing_0083.jpg,15110,884,1135,48407,0.937373988026924
peach_scab_Bing_0086.jpg,2017,275,535,62709,0.8327828241123039
peach_scab_Bing_0110.jpg,17025,3985,225,44301,0.8899634082592787
peach_scab_Bing_0130.jpg,784,1287,62,63403,0.5375385670209119
peach_scab_Bing_0136.jpg,1785,522,82,63147,0.855294681360805
peach_scab_Bing_0176.jpg,2608,151,979,61798,0.8219350772139931
peach_scab_Bing_0181.jpg,8504,918,1181,54933,0.8901449730465274
peach_scab_Bing_0192.jpg,4958,3099,411,57068,0.7385669596305675
peach_scab_Bing_0223.jpg,5479,941,121,58995,0.9116472545757072
peach_scab_Bing_0234.jpg,4352,1319,425,59440,0.8330781010719756
peach_scab_Google_0131.jpg,1859,650,1367,61660,0.6482999128160418
plum_bacterial_spot_Bing_0013.jpg,7910,1204,621,55801,0.8965712666477755
plum_bacterial_spot_Bing_0082.jpg,2801,244,4593,57898,0.5366414407510298
plum_bacterial_spot_Google_0057.jpg,10628,501,3435,50972,0.8437599237853287
plum_brown_rot_Bing_0000.jpg,3976,2342,493,58725,0.737183646982479
plum_brown_rot_Bing_0001.jpg,12690,527,482,51837,0.9617643715184357
plum_brown_rot_Bing_0005.jpg,10902,495,289,53850,0.9652913051177616
plum_brown_rot_Bing_0018.jpg,9201,287,1212,54836,0.9246771519019145
plum_brown_rot_Bing_0025.jpg,13492,2907,4689,44448,0.7803354540196645
plum_brown_rot_Bing_0046.jpg,3666,335,1172,60363,0.8295056001810159
plum_brown_rot_Bing_0050.jpg,16502,15,1824,47195,0.9472203886002928
plum_brown_rot_Bing_0062.jpg,6395,225,529,58387,0.9443295924394566
plum_brown_rot_Bing_0075.jpg,40085,7520,272,17659,0.9114162933994224
plum_brown_rot_Bing_0077.jpg,16852,4697,838,43149,0.8589413593618593
plum_brown_rot_Bing_0079.jpg,5725,2552,596,56663,0.7843540210987806
plum_brown_rot_Bing_0084.jpg,11832,339,636,52729,0.9604285888225983
plum_brown_rot_Bing_0097.jpg,5995,117,1916,57508,0.8550238893246809
plum_brown_rot_Bing_0154.jpg,2324,1601,0,61611,0.7437990078412546
plum_brown_rot_Bing_0170.jpg,2427,1904,198,61007,0.6978148361127084
plum_brown_rot_Google_0177.jpg,7775,284,3329,54148,0.8114595835725095
plum_pocket_disease_23.jpg,0,505,187,64844,0.0
plum_pocket_disease_google_0007.jpg,4203,1467,129,59737,0.8404319136172765
plum_pocket_disease_google_0020.jpg,7178,355,310,57693,0.9557286465614806
plum_pocket_disease_google_0028.jpg,0,6158,1236,58142,0.0
plum_pocket_disease_google_0029.jpg,0,2896,2730,59910,0.0
plum_pocket_disease_google_0032.jpg,11482,225,1088,52741,0.9459158874655024
plum_pocket_disease_google_0038.jpg,7748,1255,1354,55179,0.855896161281414
plum_pocket_disease_google_0047.jpg,2692,1035,162,61647,0.8181127488223674
plum_pocket_disease_google_0062.jpg,9769,710,75,54982,0.9613738129213206
plum_pocket_disease_google_0074.jpg,0,1407,7871,56258,0.0
plum_pocket_disease_google_0117.jpg,262,2846,6953,55475,0.05076043785721205
plum_pox_virus_Bing_0011.jpg,16497,3333,1159,44547,0.880168596275943
plum_pox_virus_Bing_0052.jpg,12541,5597,1003,46395,0.7916798181932959
plum_pox_virus_Bing_0054.jpg,12551,4185,2964,45836,0.7783324548076028
plum_pox_virus_Bing_0064.jpg,1951,1259,1220,61106,0.6115028992320953
plum_pox_virus_Bing_0076.jpg,21857,95,2195,41389,0.9502217198504478
plum_pox_virus_Bing_0152.jpg,14572,15713,141,35110,0.6476732299213298
plum_pox_virus_Google_0040.jpg,1299,751,5634,57852,0.28921295780919515
plum_rust_Bing_0007.jpg,23269,1544,6338,34385,0.8551635428151415
plum_rust_Bing_0017.jpg,52804,238,3451,9043,0.9662479299523318
plum_rust_Bing_0022.jpg,45776,1676,7711,10373,0.9070032395803406
plum_rust_Bing_0024.jpg,64060,633,24,819,0.9948981572796385
plum_rust_Bing_0036.jpg,38443,152,4453,22488,0.9434906922236811
plum_rust_Bing_0048.jpg,58,4299,5098,56081,0.012193840008409545
plum_rust_Google_0036.jpg,28118,200,1641,35577,0.9683007042374778
potato_early_blight_33.jpg,342,10416,29,54749,0.061461047713181775
potato_early_blight_59.jpg,2547,1037,1422,60530,0.6744339997352046
potato_early_blight_6.jpg,15968,10270,1336,37962,0.7334527582563961
potato_early_blight_google_0004.jpg,2321,578,185,62452,0.8588344125809436
potato_early_blight_google_0014.jpg,1178,815,143,63400,0.7109233554616777
potato_early_blight_google_0018.jpg,20885,1379,747,42525,0.9515673409877893
potato_early_blight_google_0021.jpg,1114,987,1122,62313,0.5137191607101683
potato_early_blight_google_0024.jpg,1404,1233,1918,60981,0.47122000335626785
potato_early_blight_google_0063.jpg,7521,4358,1157,52500,0.7317215547015615
potato_early_blight_google_0076.jpg,5243,4379,6396,49518,0.4932035181788251
potato_early_blight_google_0077.jpg,533,1031,1300,62672,0.3138062996761849
potato_early_blight_google_0095.jpg,3994,2717,2326,56499,0.612999769779756
potato_early_blight_google_0097.jpg,430,7576,774,56756,0.09337676438653637
potato_early_blight_google_0105.jpg,7975,2049,294,55218,0.8719182200841852
potato_early_blight_google_0118.jpg,4184,414,28,60910,0.9498297389330307
potato_early_blight_google_0147.jpg,2324,703,235,62274,0.8320802005012531
potato_early_blight_google_0153.jpg,4054,18539,145,42798,0.3026276500447895
potato_early_blight_google_0182.jpg,1113,667,351,63405,0.686189889025894
potato_early_blight_google_0192.jpg,14205,175,5427,45729,0.8352934258497001
potato_early_blight_google_0194.jpg,32048,941,3678,28869,0.9327803245288511
potato_early_blight_google_0198.jpg,563,16,92,64865,0.9124797406807131
potato_early_blight_google_0224.jpg,1055,200,100,64181,0.8755186721991701
potato_early_blight_google_0252.jpg,1516,231,1973,61816,0.5790679908326967
potato_early_blight_google_0265.jpg,11611,16,24667,29242,0.4847510698256967
potato_early_blight_google_0277.jpg,12495,1004,5023,47014,0.8056872037914692
potato_late_blight_11.jpg,3358,366,994,60818,0.8315998018821199
potato_late_blight_36.jpg,28888,1430,5174,30044,0.897421559490525
potato_late_blight_43.jpg,5641,584,368,58943,0.9221840771620076
potato_late_blight_6.jpg,2368,536,24,62608,0.8942598187311178
potato_late_blight_86.jpg,8115,180,849,56392,0.9403789327307491
potato_late_blight_95.jpg,3691,174,133,61538,0.9600728313174665
potato_late_blight_96.jpg,900,1164,829,62643,0.4745583970471922
potato_late_blight_google_0032.jpg,811,55,23,64647,0.9541176470588235
potato_late_blight_google_0048.jpg,5721,2271,5035,52509,0.6103050992105825
potato_late_blight_google_0053.jpg,3762,467,663,60644,0.8694245435636699
potato_late_blight_google_0082.jpg,1350,657,102,63427,0.7805724197745013
potato_late_blight_google_0084.jpg,5706,1108,133,58589,0.9019204931636766
potato_late_blight_google_0100.jpg,2055,788,861,61832,0.7136655669387046
potato_late_blight_google_0102.jpg,2045,148,44,63299,0.9551611396543671
potato_late_blight_google_0107.jpg,4838,406,98,60194,0.9504911591355599
potato_late_blight_google_0135.jpg,5583,713,1722,57518,0.8209690463936475
potato_late_blight_google_0169.jpg,10052,752,1626,53106,0.8942264923049551
potato_late_blight_google_0179.jpg,9490,2692,4693,48661,0.7198937985966243
potato_late_blight_google_0183.jpg,4761,109,86,60580,0.9799320778017907
potato_late_blight_google_0205.jpg,2986,859,719,60972,0.7909933774834437
potato_late_blight_google_0219.jpg,3752,495,72,61217,0.9297484822202949
potato_late_blight_google_0225.jpg,1673,2766,181,60916,0.5317018909899889
potato_late_blight_google_0234.jpg,2138,1118,306,61974,0.7501754385964913
raspberry_fire_blight_Bing_0005.jpg,4887,656,461,59532,0.8974382517675145
raspberry_fire_blight_Bing_0013.jpg,4338,294,986,59918,0.8714343109682603
raspberry_fire_blight_Bing_0018.jpg,926,3780,552,60278,0.29948253557567917
raspberry_fire_blight_Bing_0041.jpg,1656,307,1021,62552,0.7137931034482758
raspberry_fire_blight_Bing_0190.jpg,806,3215,3865,57650,0.1854578923147722
raspberry_fire_blight_Google_0005.jpg,27338,3274,801,34123,0.930639478476962
raspberry_fire_blight_Google_0221.jpg,1274,929,3525,59808,0.3638960297057983
raspberry_gray_mold_Bing_0000.jpg,4747,4915,7,55867,0.6585738068812431
raspberry_gray_mold_Bing_0001.jpg,5205,328,2932,57071,0.761521580102414
raspberry_gray_mold_Bing_0020.jpg,1213,72,153,64098,0.915126367408525
raspberry_gray_mold_Bing_0039.jpg,0,0,1992,63544,0.0
raspberry_gray_mold_Bing_0075.jpg,6119,3403,9752,46262,0.48194384279132046
raspberry_gray_mold_Bing_0089.jpg,26075,1033,8505,29923,0.8453832187783685
raspberry_gray_mold_Google_0005.jpg,349,1595,14,63578,0.3025574338968357
raspberry_gray_mold_Google_0078.jpg,5524,1184,1547,57281,0.8017998403367443
raspberry_leaf_spot_Bing_0073.jpg,32043,990,4385,28118,0.9226184477620535
raspberry_leaf_spot_Bing_0112.jpg,1294,1481,3048,59713,0.36363636363636365
raspberry_leaf_spot_Google_0115.jpg,2729,10653,3321,48833,0.28087690407575133
raspberry_yellow_rust_Bing_0006.jpg,48419,3070,377,13670,0.9656279603131076
raspberry_yellow_rust_Bing_0007.jpg,115,353,2293,62775,0.0799721835883171
raspberry_yellow_rust_Bing_0010.jpg,31750,336,411,33039,0.9883729979609943
raspberry_yellow_rust_Bing_0018.jpg,17760,6704,169,40903,0.8378741773405987
raspberry_yellow_rust_Bing_0101.jpg,12531,483,45,52477,0.9793669402110199
raspberry_yellow_rust_Bing_0175.jpg,23015,440,596,41485,0.9779883567755917
raspberry_yellow_rust_Bing_0183.jpg,10764,2389,470,51913,0.8827654077992373
rice_blast_151.jpg,967,403,81,64085,0.7998345740281224
rice_blast_23.jpg,1959,215,164,63198,0.9117989294856876
rice_blast_38.jpg,716,1130,573,63117,0.45677830940988834
rice_blast_42.jpg,377,642,1212,63305,0.28911042944785276
rice_blast_62.jpg,506,4980,1028,59022,0.14415954415954416
rice_blast_87.jpg,15177,6204,1953,42202,0.7881903871621095
rice_blast_google_0004.jpg,688,104,686,64058,0.6352723915050785
rice_blast_google_0007.jpg,2390,312,941,61893,0.7923089673462622
rice_blast_google_0008.jpg,15868,1520,1871,46277,0.903464571412304
rice_blast_google_0009.jpg,845,1618,554,62519,0.4375970999482134
rice_blast_google_0018.jpg,565,2765,32,62174,0.28775146422205244
rice_blast_google_0027.jpg,3433,1766,4,60333,0.7950440018527096
rice_blast_google_0050.jpg,517,1890,922,62207,0.26885075403016123
rice_blast_google_0052.jpg,2642,812,385,61697,0.8153062798950779
rice_blast_google_0062.jpg,5480,2071,204,57781,0.8281072912731394
rice_blast_google_0111.jpg,8998,3228,1323,51987,0.7981549651838382
rice_blast_google_0152.jpg,3211,451,129,61745,0.9171665238503285
rice_sheath_blight_133.jpg,2427,1972,1325,59812,0.5955097534044902
rice_sheath_blight_148.jpg,4116,1531,5756,54133,0.530446549391069
rice_sheath_blight_198.jpg,452,1095,4944,59045,0.13020308224110616
rice_sheath_blight_21.jpg,1097,189,4144,60106,0.3361421786425617
rice_sheath_blight_41.jpg,4702,3411,2341,55082,0.6204803378200052
rice_sheath_blight_43.jpg,234,49,522,64731,0.4504331087584216
rice_sheath_blight_52.jpg,13275,1542,5311,45408,0.7948387869353052
rice_sheath_blight_57.jpg,434,1302,2940,60860,0.16986301369863013
rice_sheath_blight_58.jpg,7999,660,7022,49855,0.6755912162162162
rice_sheath_blight_61.jpg,252,1712,12588,50984,0.034044852742502026
rice_sheath_blight_8.jpg,45,1786,1239,62466,0.028892455858747994
rice_sheath_blight_google_0000.jpg,4547,936,2652,57401,0.7170793250275982
rice_sheath_blight_google_0027.jpg,10341,603,3310,51282,0.8409026224842447
rice_sheath_blight_google_0036.jpg,4764,1937,7442,51393,0.5039403395567779
rice_sheath_blight_google_0043.jpg,2599,1553,2529,58855,0.5601293103448276
soybean_bacterial_blight_Baidu_0081.jpg,37609,360,15135,12432,0.8291865553999977
soybean_bacterial_blight_Bing_0009.jpg,34957,571,4598,25410,0.9311561871528842
soybean_bacterial_blight_Bing_0027.jpg,32159,406,3669,29302,0.940417879022707
soybean_bacterial_blight_Bing_0032.jpg,33645,444,780,30667,0.9821350380944041
soybean_bacterial_blight_Bing_0044.jpg,14551,412,5850,44723,0.8229272706707386
soybean_bacterial_blight_Bing_0049.jpg,8181,552,10210,46593,0.6032296121516001
soybean_bacterial_blight_Bing_0055.jpg,25804,322,319,39091,0.9877318226186147
soybean_bacterial_blight_Bing_0057.jpg,1991,606,592,62347,0.7687258687258687
soybean_bacterial_blight_Bing_0065.jpg,17302,119,17867,30248,0.6579958166951893
soybean_bacterial_blight_Bing_0066.jpg,16946,98,26878,21614,0.5568114608661365
soybean_bacterial_blight_Bing_0105.jpg,19049,2084,5441,38962,0.8350612629594723
soybean_bacterial_blight_Bing_0121.jpg,27737,81,2606,35112,0.9538006567975104
soybean_bacterial_blight_Bing_0172.jpg,3820,678,100,60938,0.9075789973865527
soybean_bacterial_blight_Bing_0216.jpg,12824,361,2503,49848,0.8995510662177328
soybean_bacterial_blight_Bing_0227.jpg,11001,5106,220,49209,0.8051083138173302
soybean_bacterial_blight_Google_0025.jpg,13715,1831,2104,47886,0.8745416865933365
soybean_bacterial_blight_Google_0057.jpg,1337,165,1637,62397,0.597408400357462
soybean_bacterial_blight_Google_0201.jpg,2884,378,6150,56124,0.4690956408588159
soybean_brown_spot_Baidu_0009.jpg,19987,4464,184,40901,0.8958361346421048
soybean_brown_spot_Baidu_0010.jpg,9860,7702,199,47775,0.7139495311538322
soybean_brown_spot_Bing_0025.jpg,16437,1236,82,47781,0.9614529714553112
soybean_brown_spot_Bing_0061.jpg,4166,70,4535,56765,0.6440442142691505
soybean_brown_spot_Bing_0063.jpg,21974,405,613,42544,0.9773606725081172
soybean_brown_spot_Bing_0069.jpg,19680,7849,388,37619,0.8269428745509171
soybean_brown_spot_Bing_0081.jpg,3638,1694,660,59544,0.7555555555555555
soybean_brown_spot_Bing_0090.jpg,8947,1910,738,53941,0.8710933696816279
soybean_brown_spot_Bing_0115.jpg,25080,1111,609,38736,0.9668465690053971
soybean_brown_spot_Bing_0186.jpg,30799,844,6773,27120,0.8899516000866864
soybean_brown_spot_Bing_0223.jpg,31447,1824,15588,16677,0.7831793390282171
soybean_brown_spot_Bing_0229.jpg,20484,2139,664,42249,0.9359621667313975
soybean_brown_spot_Bing_0353.jpg,5544,1714,1822,56456,0.7582056892778993
soybean_brown_spot_Google_0154.jpg,3455,2555,2240,57286,0.5903460059803503
soybean_downy_mildew_Baidu_0000.jpg,3415,87,7497,54537,0.4738448730400999
soybean_downy_mildew_Baidu_0004.jpg,18529,4222,2619,40166,0.8441650151484088
soybean_downy_mildew_Baidu_0022.jpg,29970,185,3926,31455,0.9358167710106009
soybean_downy_mildew_Baidu_0031.jpg,2023,9,6516,56988,0.3827452464289093
soybean_downy_mildew_Bing_0012.jpg,17974,381,90,47091,0.9870671902029161
soybean_downy_mildew_Bing_0023.jpg,19346,3153,472,42565,0.9143370276720939
soybean_downy_mildew_Bing_0031.jpg,21247,900,2984,40405,0.9162533960067273
soybean_downy_mildew_Bing_0038.jpg,7621,15210,939,41766,0.48555318403364023
soybean_downy_mildew_Bing_0045.jpg,21775,1253,3535,38973,0.9009474947246473
soybean_downy_mildew_Bing_0046.jpg,57427,1981,177,5951,0.9815574470994428
soybean_downy_mildew_Bing_0047.jpg,18883,3186,6442,37025,0.7968519221842427
soybean_downy_mildew_Bing_0054.jpg,19404,548,7240,38344,0.8328611898016998
soybean_downy_mildew_Bing_0072.jpg,25349,753,101,39333,0.9834342023587833
soybean_downy_mildew_Bing_0075.jpg,17746,1620,385,45785,0.946529055657786
soybean_downy_mildew_Bing_0078.jpg,35292,11473,2839,15932,0.831417263475311
soybean_downy_mildew_Bing_0083.jpg,1264,2,14545,49725,0.14805270863836018
soybean_downy_mildew_Bing_0087.jpg,19993,1091,5858,38594,0.8519441781186747
soybean_downy_mildew_Bing_0101.jpg,37635,3104,1308,23489,0.9446299038678748
soybean_downy_mildew_Bing_0107.jpg,54742,65,1504,9225,0.9858716108524759
soybean_downy_mildew_Bing_0110.jpg,22658,198,366,42314,0.9877070619006103
soybean_downy_mildew_Bing_0115.jpg,382,2,1352,63800,0.3607176581680831
soybean_downy_mildew_Bing_0121.jpg,54610,1776,4295,4855,0.9473419434301029
soybean_downy_mildew_Bing_0127.jpg,1450,15,16348,47723,0.15054768208482583
soybean_downy_mildew_Bing_0142.jpg,29156,1047,191,35142,0.9792107472712007
soybean_downy_mildew_Bing_0143.jpg,2988,4,3584,58960,0.6248431618569636
soybean_downy_mildew_Google_0052.jpg,14442,12791,7165,31138,0.5914004914004914
soybean_downy_mildew_Google_0061.jpg,27105,2003,170,36258,0.9614600145433907
soybean_downy_mildew_Google_0068.jpg,416,4409,2949,57762,0.10158730158730159
soybean_downy_mildew_Google_0102.jpg,21100,1047,2872,40517,0.9150241765866562
soybean_downy_mildew_Google_0256.jpg,23,48,373,65092,0.09850107066381156
soybean_downy_mildew_Google_0302.jpg,45442,803,30,19261,0.9909177142732536
soybean_frog_eye_leaf_spot_Baidu_0012.jpg,12555,2173,1338,49470,0.8773278362041858
soybean_frog_eye_leaf_spot_Baidu_0023.jpg,31069,3300,3223,27944,0.9049970143167154
soybean_frog_eye_leaf_spot_Bing_0003.jpg,45339,651,3181,16365,0.9594540260289917
soybean_frog_eye_leaf_spot_Bing_0004.jpg,54169,686,812,9869,0.9863614843949161
soybean_frog_eye_leaf_spot_Bing_0006.jpg,39532,5273,471,20260,0.9322705405150458
soybean_frog_eye_leaf_spot_Bing_0007.jpg,4244,94,5103,56095,0.6202411399342346
soybean_frog_eye_leaf_spot_Bing_0012.jpg,3455,497,4293,57291,0.5905982905982906
soybean_frog_eye_leaf_spot_Bing_0016.jpg,26249,1290,2882,35115,0.9263808011293453
soybean_frog_eye_leaf_spot_Bing_0017.jpg,42171,1204,380,21781,0.9815655331331611
soybean_frog_eye_leaf_spot_Bing_0029.jpg,14724,593,19786,30433,0.591004876873984
soybean_frog_eye_leaf_spot_Bing_0047.jpg,12986,2889,1338,48323,0.8600284777641644
soybean_frog_eye_leaf_spot_Bing_0049.jpg,12684,6249,1369,45234,0.7690535378645486
soybean_frog_eye_leaf_spot_Bing_0053.jpg,30287,2160,6405,26684,0.8761191223477343
soybean_frog_eye_leaf_spot_Bing_0056.jpg,32857,931,348,31400,0.980908453121968
soybean_frog_eye_leaf_spot_Bing_0068.jpg,87,3695,277,61477,0.041968162083936326
soybean_frog_eye_leaf_spot_Bing_0086.jpg,9627,624,8716,46569,0.6733580471427573
soybean_frog_eye_leaf_spot_Bing_0089.jpg,826,72,877,63761,0.6351403306420608
soybean_frog_eye_leaf_spot_Bing_0095.jpg,283,157,86,65010,0.6996291718170581
soybean_frog_eye_leaf_spot_Bing_0096.jpg,18728,1082,2347,43379,0.9161306102482573
soybean_frog_eye_leaf_spot_Bing_0103.jpg,6474,1883,3706,53473,0.6984949020877165
soybean_frog_eye_leaf_spot_Bing_0126.jpg,683,1696,3675,59482,0.20276087279204394
soybean_frog_eye_leaf_spot_Bing_0141.jpg,5030,512,2273,57721,0.783184118333982
soybean_frog_eye_leaf_spot_Bing_0143.jpg,2426,1999,1519,59592,0.579689366786141
soybean_frog_eye_leaf_spot_Bing_0155.jpg,54353,521,947,9715,0.9866756221976147
soybean_frog_eye_leaf_spot_Bing_0164.jpg,61755,204,389,3188,0.9952217109981225
soybean_frog_eye_leaf_spot_Bing_0189.jpg,440,488,218,64390,0.5548549810844893
soybean_frog_eye_leaf_spot_Bing_0202.jpg,13537,40,16934,35025,0.614647657101344
soybean_frog_eye_leaf_spot_Bing_0204.jpg,6982,2137,6819,49598,0.6092495636998255
soybean_frog_eye_leaf_spot_Bing_0213.jpg,27324,517,1365,36330,0.9667079426852998
soybean_frog_eye_leaf_spot_Bing_0215.jpg,13072,16012,3224,33228,0.5761128250330542
soybean_frog_eye_leaf_spot_Bing_0216.jpg,44007,1696,1876,17957,0.9609984058698928
soybean_frog_eye_leaf_spot_Bing_0224.jpg,2762,4,13099,49671,0.2965587587910023
soybean_frog_eye_leaf_spot_Bing_0233.jpg,9196,602,3226,52512,0.8277227722772277
soybean_frog_eye_leaf_spot_Bing_0240.jpg,48384,1583,587,14982,0.97806707230791
soybean_frog_eye_leaf_spot_Bing_0244.jpg,28942,372,4269,31953,0.9257736905237904
soybean_frog_eye_leaf_spot_Bing_0251.jpg,9559,1717,1018,53242,0.8748455589621562
soybean_frog_eye_leaf_spot_Bing_0253.jpg,28525,430,4321,32260,0.9231242212909176
soybean_frog_eye_leaf_spot_Google_0048.jpg,38512,2962,1839,22223,0.9413260006110602
soybean_frog_eye_leaf_spot_Google_0056.jpg,23423,33936,20,8157,0.579762877156506
soybean_frog_eye_leaf_spot_Google_0057.jpg,9600,4271,2768,48897,0.7317352033232973
soybean_frog_eye_leaf_spot_Google_0061.jpg,39156,24,24006,2350,0.7651990385179105
soybean_frog_eye_leaf_spot_Google_0089.jpg,11705,4136,1439,48256,0.8076591340348456
soybean_frog_eye_leaf_spot_Google_0096.jpg,46752,4401,1646,12737,0.9392572651203905
soybean_frog_eye_leaf_spot_Google_0109.jpg,28360,899,287,35990,0.9795185300314303
soybean_frog_eye_leaf_spot_Google_0128.jpg,4687,3529,1106,56214,0.6691412663287887
soybean_frog_eye_leaf_spot_Google_0221.jpg,2423,291,3794,59028,0.5426044116000448
soybean_frog_eye_leaf_spot_Google_0362.jpg,8450,1178,14828,41080,0.5135841487874552
soybean_frog_eye_leaf_spot_Google_0363.jpg,11951,898,9786,42901,0.6910888798935986
soybean_mosaic_Baidu_0059.jpg,26500,13717,942,24377,0.7833399843332003
soybean_mosaic_Baidu_0089.jpg,0,1047,2950,61539,0.0
soybean_mosaic_Baidu_0094.jpg,37419,460,922,26735,0.9818682760430333
soybean_mosaic_Bing_0000.jpg,20162,786,1309,43279,0.9506117541667649
soybean_mosaic_Bing_0010.jpg,12629,11691,2092,39124,0.6469608872723547
soybean_mosaic_Bing_0013.jpg,17461,6667,467,40941,0.8303690317671676
soybean_mosaic_Bing_0018.jpg,10982,1356,3892,49306,0.8071439070998089
soybean_mosaic_Bing_0036.jpg,5619,1563,2268,56086,0.7457694604817838
soybean_mosaic_Bing_0062.jpg,30445,5702,1442,27947,0.8949936796307728
soybean_mosaic_Bing_0076.jpg,32439,2613,4372,26112,0.9028011633246594
soybean_mosaic_Bing_0105.jpg,23121,560,9108,32747,0.8270792344839921
soybean_mosaic_Bing_0108.jpg,42071,472,81,22912,0.9934706889426766
soybean_mosaic_Bing_0112.jpg,20997,268,75,44196,0.9918983395139004
soybean_mosaic_Bing_0118.jpg,1848,158,194,63336,0.9130434782608695
soybean_mosaic_Bing_0124.jpg,50151,783,420,14182,0.9881483670755136
soybean_mosaic_Bing_0176.jpg,8742,1052,723,55019,0.9078352977828548
soybean_mosaic_Bing_0177.jpg,24078,95,628,40735,0.9852083716933653
soybean_mosaic_Bing_0231.jpg,5897,1798,1984,55857,0.7571905495634309
soybean_mosaic_Google_0010.jpg,6932,368,397,57839,0.9477066101579056
soybean_mosaic_Google_0026.jpg,30296,3162,5723,26355,0.8721159520416829
soybean_mosaic_Google_0117.jpg,31284,1104,2726,30422,0.9423175396849303
soybean_mosaic_Google_0142.jpg,10460,2079,4164,48833,0.770165298383831
soybean_mosaic_Google_0372.jpg,18139,6943,257,40197,0.8343990063940384
soybean_rust_Baidu_0010.jpg,20989,3309,2443,38795,0.8794887911166981
soybean_rust_Baidu_0036.jpg,24760,4394,6869,29513,0.8147014790319662
soybean_rust_Bing_0001.jpg,17090,1209,1806,45431,0.9189407178384191
soybean_rust_Bing_0008.jpg,22312,120,14915,28189,0.7479843778809567
soybean_rust_Bing_0019.jpg,17312,1953,1975,44296,0.8981116414193816
soybean_rust_Bing_0022.jpg,54362,517,4731,5926,0.9539536026392448
soybean_rust_Bing_0032.jpg,55925,100,966,8545,0.9905593538559637
soybean_rust_Bing_0052.jpg,41832,333,1014,22357,0.9841549917069555
soybean_rust_Bing_0055.jpg,10779,9273,61,45423,0.6978505762009581
soybean_rust_Bing_0061.jpg,18587,2657,1804,42488,0.8928545694727993
soybean_rust_Bing_0071.jpg,29170,583,49,35734,0.9892830495828528
soybean_rust_Bing_0073.jpg,35899,1874,3994,23769,0.9244457033965957
soybean_rust_Bing_0074.jpg,41191,367,175,23803,0.9934638946505233
soybean_rust_Bing_0075.jpg,44142,101,17386,3907,0.8346711291374762
soybean_rust_Bing_0077.jpg,24206,1948,100,39282,0.9594133967499009
soybean_rust_Bing_0089.jpg,28724,173,6779,29860,0.8920496894409938
soybean_rust_Bing_0096.jpg,7694,848,19507,37487,0.43051786363763533
soybean_rust_Bing_0145.jpg,32386,380,64,32706,0.9931918547595682
soybean_rust_Bing_0149.jpg,44315,1487,9,19725,0.983401016354881
soybean_rust_Bing_0150.jpg,27760,393,209,37174,0.9892733687324045
soybean_rust_Bing_0167.jpg,47895,630,3004,14007,0.9634494689411007
soybean_rust_Bing_0170.jpg,39082,896,4733,20825,0.9328225508097335
soybean_rust_Google_0067.jpg,8835,55,3250,53396,0.8424314660309893
soybean_rust_Google_0218.jpg,29341,0,11760,24435,0.8330541438346442
squash_powdery_mildew_114.jpg,28240,1420,6919,28957,0.8713494500069424
squash_powdery_mildew_129.jpg,27661,934,3083,33858,0.9323042181364701
squash_powdery_mildew_17.jpg,37131,231,2942,25232,0.9590236972945051
squash_powdery_mildew_20.jpg,47291,15,3707,14523,0.9621378580729166
squash_powdery_mildew_23.jpg,33184,1460,11292,19600,0.8388270980788676
squash_powdery_mildew_28.jpg,7190,512,2059,55775,0.8483275322989794
squash_powdery_mildew_32.jpg,5359,3278,17920,38979,0.3358190249404687
squash_powdery_mildew_35.jpg,25075,26773,7672,6016,0.5928246350257107
squash_powdery_mildew_37.jpg,28253,5156,9781,22346,0.7909242333048724
squash_powdery_mildew_41.jpg,6237,582,20092,38625,0.376312296367805
squash_powdery_mildew_47.jpg,36757,2062,3154,23563,0.9337482535247047
squash_powdery_mildew_48.jpg,31765,4922,3139,25710,0.8874020477434315
squash_powdery_mildew_50.jpg,5864,4641,23985,31046,0.2906279427070427
squash_powdery_mildew_6.jpg,28376,9636,1737,25787,0.8330568807339449
squash_powdery_mildew_71.jpg,2844,364,38904,23424,0.12652371207402793
squash_powdery_mildew_google_0000.jpg,20689,713,6026,38108,0.8599455493900284
squash_powdery_mildew_google_0001.jpg,26419,115,14553,24449,0.782715610464255
squash_powdery_mildew_google_0006.jpg,28890,983,4887,30776,0.9077769049489395
squash_powdery_mildew_google_0011.jpg,21155,529,6583,37269,0.8560964752539355
squash_powdery_mildew_google_0033.jpg,19947,29,23735,21825,0.6266926387885262
squash_powdery_mildew_google_0035.jpg,52568,698,2648,9622,0.9691561733743846
squash_powdery_mildew_google_0045.jpg,26625,1992,11438,25481,0.7985902819436113
squash_powdery_mildew_google_0047.jpg,12027,1395,892,51222,0.913177176265138
squash_powdery_mildew_google_0049.jpg,42826,487,982,21241,0.983138393728263
squash_powdery_mildew_google_0070.jpg,45454,156,12049,7877,0.881634711433088
squash_powdery_mildew_google_0079.jpg,32130,120,11034,22252,0.8520964277189912
squash_powdery_mildew_google_0102.jpg,20875,406,1421,42834,0.9580742134612296
squash_powdery_mildew_google_0105.jpg,26505,17589,6805,14637,0.6848483282517699
squash_powdery_mildew_google_0109.jpg,27620,40,5868,32008,0.9033819585268529
squash_powdery_mildew_google_0119.jpg,21363,7195,8573,28405,0.7304338906554518
squash_powdery_mildew_google_0124.jpg,42431,2116,7420,13569,0.898980910612513
squash_powdery_mildew_google_0150.jpg,24285,204,24804,16243,0.6601157954823452
squash_powdery_mildew_google_0183.jpg,19556,1452,15575,28953,0.6966992643260479
squash_powdery_mildew_google_0191.jpg,7871,33,12491,45141,0.5569235123469893
squash_powdery_mildew_google_0196.jpg,16723,6872,5310,36631,0.7330148154641887
squash_powdery_mildew_google_0327.jpg,24781,1329,5790,33636,0.8744023570508636
strawberry_anthracnose_5.jpg,211,96,227,65002,0.5664429530201343
strawberry_anthracnose_google_0001.jpg,8167,2439,151,54779,0.863136757556542
strawberry_anthracnose_google_0002.jpg,5042,1869,3308,55317,0.660769281174235
strawberry_anthracnose_google_0007.jpg,5896,3694,552,55394,0.7352537722908093
strawberry_anthracnose_google_0011.jpg,2626,3682,35,59193,0.5855725275950496
strawberry_anthracnose_google_0014.jpg,7842,8863,574,48257,0.6243382030970105
strawberry_anthracnose_google_0027.jpg,12698,4574,53,48211,0.8458848216367452
strawberry_anthracnose_google_0028.jpg,7101,1481,2015,54939,0.8024635552039778
strawberry_anthracnose_google_0067.jpg,7553,720,307,56956,0.9363416599516519
strawberry_anthracnose_google_0070.jpg,5766,1399,166,58205,0.8805069863327479
strawberry_anthracnose_google_0092.jpg,8674,636,516,55710,0.9377297297297297
strawberry_anthracnose_google_0143.jpg,850,115,61,64510,0.906183368869936
strawberry_leaf_scorch_google_0017.jpg,16798,3546,940,44252,0.8822015650438527
strawberry_leaf_scorch_google_0037.jpg,25028,2885,5546,32077,0.8558483081710465
strawberry_leaf_scorch_google_0043.jpg,25960,5840,745,32991,0.8874455174771387
strawberry_leaf_scorch_google_0062.jpg,2864,182,7185,55305,0.4374188621611302
strawberry_leaf_scorch_google_0117.jpg,16620,691,6823,41402,0.8156254600775384
strawberry_leaf_scorch_google_0122.jpg,8491,305,13180,43560,0.5573899629106902
strawberry_leaf_scorch_google_0133.jpg,1750,956,312,62518,0.7340604026845637
strawberry_leaf_scorch_google_0186.jpg,9244,7539,5272,43481,0.5906897983961149
tobacco_blue_mold_Bing_0016.jpg,2951,2903,173,59509,0.6573847182000445
tobacco_blue_mold_Bing_0024.jpg,16209,7832,2473,39022,0.7587950284390141
tobacco_blue_mold_Bing_0028.jpg,1729,59,536,63212,0.853195164075993
tobacco_blue_mold_Bing_0042.jpg,2248,11170,85,52033,0.2854421941464034
tobacco_blue_mold_Bing_0079.jpg,4971,8948,516,51101,0.5123157786251675
tobacco_blue_mold_Bing_0083.jpg,3805,17501,935,43295,0.29217538201643245
tobacco_blue_mold_Bing_0094.jpg,10971,6885,5385,42295,0.6413539109084532
tobacco_blue_mold_Bing_0096.jpg,10507,3666,2311,49052,0.7785558149012634
tobacco_blue_mold_Bing_0107.jpg,14999,4610,2430,43497,0.8099249419515092
tobacco_blue_mold_Bing_0121.jpg,942,63,942,63589,0.652128764278297
tobacco_blue_mold_Bing_0127.jpg,868,67,970,63631,0.6260367832672196
tobacco_blue_mold_Google_0008.jpg,9817,3090,1113,51516,0.8236774761924739
tobacco_brown_spot_Bing_0001.jpg,36619,3464,6374,19079,0.8815783138331167
tobacco_brown_spot_Bing_0003.jpg,3393,554,146,61443,0.9064921186214266
tobacco_brown_spot_Bing_0004.jpg,9281,2936,282,53037,0.8522497704315886
tobacco_brown_spot_Bing_0020.jpg,3910,4584,581,56461,0.6022333461686561
tobacco_brown_spot_Bing_0041.jpg,20359,1816,0,43361,0.9573047444397423
tobacco_brown_spot_Bing_0044.jpg,3150,817,91,61478,0.8740288568257492
tobacco_brown_spot_Bing_0045.jpg,1607,1929,477,61523,0.5718861209964413
tobacco_brown_spot_Bing_0047.jpg,4401,18681,7243,35211,0.2534700224615562
tobacco_brown_spot_Bing_0055.jpg,941,2674,67,61854,0.40709495998269524
tobacco_brown_spot_Bing_0122.jpg,3497,1350,159,60530,0.8225332235681524
tobacco_brown_spot_Bing_0144.jpg,8348,5157,390,51641,0.7506181720091715
tobacco_brown_spot_Bing_0159.jpg,19492,117,8721,37206,0.8151896616619966
tobacco_brown_spot_Google_0029.jpg,21631,1476,1296,41133,0.9397836381804753
tobacco_frogeye_leaf_spot_Bing_0000.jpg,3102,1611,1,60822,0.793756397134084
tobacco_frogeye_leaf_spot_Bing_0002.jpg,985,11832,151,52568,0.14118827492295563
tobacco_frogeye_leaf_spot_Bing_0007.jpg,2498,832,237,61969,0.8237427864798021
tobacco_frogeye_leaf_spot_Bing_0039.jpg,2576,1294,368,61298,0.7560904021132961
tobacco_frogeye_leaf_spot_Google_0052.jpg,15619,8002,0,41915,0.7960754332313965
tobacco_frogeye_leaf_spot_Google_0149.jpg,3305,1848,128,60255,0.7698579082226881
tobacco_mosaic_virus_115.jpg,13275,134,34697,17430,0.4325442726576628
tobacco_mosaic_virus_117.jpg,5999,31,47817,11689,0.20048123517027036
tobacco_mosaic_virus_127.jpg,51460,283,2957,10836,0.9694800301431801
tobacco_mosaic_virus_161.jpg,30178,134,29518,5706,0.6705626166562972
tobacco_mosaic_virus_36.jpg,1013,856,38896,24771,0.04849442290200584
tobacco_mosaic_virus_4.jpg,40032,4474,9797,11233,0.8487199872793767
tobacco_mosaic_virus_47.jpg,23195,169,39553,2619,0.5387170196952805
tobacco_mosaic_virus_51.jpg,32395,128,27793,5220,0.6988383255492876
tomato_bacterial_leaf_spot_120.jpg,683,11967,1223,51663,0.09384446276449573
tomato_bacterial_leaf_spot_14.jpg,3439,2562,3015,56520,0.5522280208751505
tomato_bacterial_leaf_spot_19.jpg,517,4161,3721,57137,0.11597128757290265
tomato_bacterial_leaf_spot_2.jpg,21215,3023,74,41224,0.9319744327541898
tomato_bacterial_leaf_spot_200.jpg,15536,342,10549,39109,0.7404618354264471
tomato_bacterial_leaf_spot_27.jpg,19065,4141,13062,29268,0.6891005367502214
tomato_bacterial_leaf_spot_31.jpg,1787,1486,609,61654,0.6304462868230728
tomato_bacterial_leaf_spot_63.jpg,960,2755,221,61600,0.39215686274509803
tomato_bacterial_leaf_spot_70.jpg,44,1164,2066,62262,0.02652200120554551
tomato_bacterial_leaf_spot_71.jpg,1421,2556,2895,58664,0.34269866152176537
tomato_bacterial_leaf_spot_78.jpg,2072,3417,873,59174,0.49134455774247093
tomato_bacterial_leaf_spot_9.jpg,1090,953,9463,54030,0.17307081613210543
tomato_bacterial_leaf_spot_google_0014.jpg,4022,9130,1789,50595,0.4241944839951485
tomato_bacterial_leaf_spot_google_0020.jpg,9240,7656,7473,41167,0.5498527180219585
tomato_bacterial_leaf_spot_google_0043.jpg,900,826,859,62951,0.5164992826398852
tomato_bacterial_leaf_spot_google_0087.jpg,10149,683,8456,46248,0.6895403743588001
tomato_bacterial_leaf_spot_google_0103.jpg,6906,103,34323,24204,0.2863302790331274
tomato_bacterial_leaf_spot_google_0163.jpg,3751,334,10837,50614,0.40175654688587803
tomato_bacterial_leaf_spot_google_0195.jpg,37564,4243,11576,12153,0.8260635315073614
tomato_bacterial_leaf_spot_google_0276.jpg,4245,225,29228,31838,0.22375668766307355
tomato_bacterial_leaf_spot_google_0319.jpg,35361,314,4205,25656,0.9399396605574089
tomato_bacterial_leaf_spot_google_0405.jpg,1132,260,968,63176,0.6483390607101948
tomato_early_blight_10.jpg,1331,835,2294,61076,0.45967881194957694
tomato_early_blight_118.jpg,14974,2068,1493,47001,0.8937300426751023
tomato_early_blight_136.jpg,1291,506,1244,62495,0.5960295475530932
tomato_early_blight_14.jpg,660,6,1525,63345,0.4629954401964223
tomato_early_blight_155.jpg,5060,3838,3448,53190,0.5814087096403538
tomato_early_blight_159.jpg,4384,2169,1270,57713,0.7182763987875809
tomato_early_blight_160.jpg,17322,1165,3207,43842,0.887943407832684
tomato_early_blight_172.jpg,4717,1578,1983,57258,0.725971527510581
tomato_early_blight_173.jpg,4615,1534,329,59058,0.8320562516902551
tomato_early_blight_191.jpg,2491,742,632,61671,0.7838263058527376
tomato_early_blight_202.jpg,9968,1364,1491,52713,0.8747312535650037
tomato_early_blight_321.jpg,382,1109,349,63696,0.3438343834383438
tomato_early_blight_4.jpg,3977,1282,8,60269,0.8604500216356555
tomato_early_blight_62.jpg,6686,1863,3246,53741,0.7235539202424112
tomato_early_blight_671.jpg,6263,1710,388,57175,0.8565371991247265
tomato_early_blight_96.jpg,3586,758,1552,59640,0.7563805104408353
tomato_early_blight_google_0000.jpg,1071,1411,3758,59296,0.29298317603610996
tomato_early_blight_google_0041.jpg,8279,8117,9,49131,0.6707988980716253
tomato_early_blight_google_0056.jpg,378,35,2512,62611,0.22888283378746593
tomato_early_blight_google_0059.jpg,11652,2106,2775,49003,0.8268227780734433
tomato_early_blight_google_0152.jpg,6688,3658,1399,53791,0.7256550751369826
tomato_early_blight_google_0163.jpg,3354,1772,542,59868,0.7435158501440923
tomato_early_blight_google_0177.jpg,8267,16475,153,40641,0.49858271515590136
tomato_early_blight_google_0188.jpg,5980,3555,1011,54990,0.723708096333051
tomato_early_blight_google_0198.jpg,9570,4767,2253,48946,0.731651376146789
tomato_early_blight_google_0209.jpg,1609,115,355,63457,0.8725596529284165
tomato_early_blight_google_0247.jpg,5507,1238,1654,57137,0.7920322163095067
tomato_early_blight_google_0249.jpg,755,3596,11,61174,0.29509478209888607
tomato_early_blight_google_0267.jpg,7335,449,1036,56716,0.9080779944289693
tomato_early_blight_google_0273.jpg,5666,8446,3075,48349,0.49586487550868596
tomato_early_blight_google_0291.jpg,5114,1645,3457,55320,0.6671885192433138
tomato_early_blight_google_0319.jpg,1525,258,391,63362,0.8245471749121385
tomato_early_blight_google_0326.jpg,10392,1624,2661,50859,0.8290717619370538
tomato_early_blight_google_0341.jpg,5208,4887,5114,50327,0.5101630993779693
tomato_early_blight_google_0355.jpg,7437,2809,2756,52534,0.7277264054014384
tomato_early_blight_google_0411.jpg,2127,1659,573,61177,0.6558741905642923
tomato_early_blight_google_0427.jpg,47344,1569,4630,11993,0.938555016999217
tomato_late_blight_10.jpg,1092,232,22,64190,0.8958162428219852
tomato_late_blight_109.jpg,9732,715,2029,53060,0.8764409221902018
tomato_late_blight_113.jpg,1912,1682,10,61932,0.6932559825960841
tomato_late_blight_142.jpg,1419,8110,148,55859,0.25576784426820476
tomato_late_blight_147.jpg,1379,1979,1244,60934,0.46112690185587696
tomato_late_blight_182.jpg,2546,6979,1442,54569,0.3768223192481314
tomato_late_blight_185.jpg,4674,123,250,60489,0.9616294619895073
tomato_late_blight_19.jpg,1869,129,105,63433,0.9410876132930514
tomato_late_blight_199.jpg,4197,1680,136,59523,0.8221351616062683
tomato_late_blight_204.jpg,4651,266,147,60472,0.9574884199691199
tomato_late_blight_205.jpg,2906,802,2052,59776,0.6706669743826448
tomato_late_blight_207.jpg,6127,1369,1530,56510,0.8086847488946083
tomato_late_blight_209.jpg,11072,86,2392,51986,0.8993582974575582
tomato_late_blight_233.jpg,20158,145,4991,40242,0.8870016720936372
tomato_late_blight_61.jpg,24414,8665,2230,30227,0.8175744687976156
tomato_late_blight_65.jpg,7433,391,1095,56617,0.9091242661448141
tomato_late_blight_76.jpg,2428,317,95,62696,0.9217919514047077
tomato_late_blight_99.jpg,3876,13590,659,47411,0.3523476205627017
tomato_late_blight_google_0024.jpg,5856,12,4164,55504,0.7371601208459214
tomato_late_blight_google_0045.jpg,10761,714,582,53479,0.9432027346831449
tomato_late_blight_google_0059.jpg,4619,10776,135,50006,0.4584842920244181
tomato_late_blight_google_0067.jpg,6258,1746,4386,53146,0.6711711711711712
tomato_late_blight_google_0080.jpg,11370,43,1634,52489,0.9313183437768767
tomato_late_blight_google_0081.jpg,1650,1130,3298,59458,0.42701863354037267
tomato_late_blight_google_0084.jpg,1349,47,6132,58008,0.30393150839247496
tomato_late_blight_google_0095.jpg,11406,296,4104,49730,0.8383066294281935
tomato_late_blight_google_0118.jpg,1892,1199,319,62126,0.7136929460580913
tomato_late_blight_google_0137.jpg,10282,258,757,54239,0.9529635293572455
tomato_late_blight_google_0175.jpg,8809,6058,2230,48439,0.6800741141048405
tomato_late_blight_google_0217.jpg,4306,1858,768,58604,0.7663285282078661
tomato_late_blight_google_0221.jpg,3734,10205,207,51390,0.41767337807606264
tomato_late_blight_google_0224.jpg,1278,792,370,63096,0.6874663797740721
tomato_late_blight_google_0226.jpg,5556,4558,1364,54058,0.6523423740753787
tomato_leaf_mold_10.jpg,8537,7746,1341,47912,0.652650892549979
tomato_leaf_mold_148.jpg,3785,601,8167,52983,0.4633370057534582
tomato_leaf_mold_150.jpg,5291,753,929,58563,0.8628506196999348
tomato_leaf_mold_151.jpg,5951,1437,2209,55939,0.7655003859017236
tomato_leaf_mold_163.jpg,5158,8101,102,52175,0.5570495167125654
tomato_leaf_mold_182.jpg,25768,1496,3864,34408,0.905793025871766
tomato_leaf_mold_190.jpg,1617,178,785,62956,0.7705503931379557
tomato_leaf_mold_196.jpg,815,3387,1890,59444,0.2359924714058202
tomato_leaf_mold_202.jpg,12318,971,6045,46202,0.7783394414255024
tomato_leaf_mold_203.jpg,25361,2609,4714,32852,0.8738392626410544
tomato_leaf_mold_235.jpg,1551,1223,761,62001,0.6099095556429414
tomato_leaf_mold_25.jpg,12106,2611,368,50451,0.8904416902651613
tomato_leaf_mold_259.jpg,5951,2700,761,56124,0.7747184794636465
tomato_leaf_mold_264.jpg,1561,8915,98,54962,0.2572723526988051
tomato_leaf_mold_265.jpg,12816,2968,621,49131,0.8771773724376305
tomato_leaf_mold_277.jpg,2579,1293,755,60909,0.7157923952262004
tomato_leaf_mold_31.jpg,1545,183,3004,60804,0.4922733790027083
tomato_leaf_mold_32.jpg,3761,2142,1579,58054,0.6690385128524415
tomato_leaf_mold_40.jpg,1606,0,463,63467,0.8740136054421769
tomato_leaf_mold_59.jpg,9026,2557,2740,51213,0.773138035890188
tomato_leaf_mold_99.jpg,2369,2507,3821,56839,0.42815832279052957
tomato_leaf_mold_google_0002.jpg,9428,2495,774,52839,0.8522485875706215
tomato_leaf_mold_google_0007.jpg,3083,229,1331,60893,0.7980843903701786
tomato_leaf_mold_google_0024.jpg,13360,14310,4186,33680,0.5909412597310687
tomato_leaf_mold_google_0051.jpg,6914,1783,365,56474,0.8655483224837256
tomato_leaf_mold_google_0105.jpg,12351,4775,8397,40013,0.6522152400063368
tomato_leaf_mold_google_0116.jpg,9935,5690,873,49038,0.7517118753073809
tomato_leaf_mold_google_0131.jpg,13292,1904,2909,47431,0.8467050992133006
tomato_leaf_mold_google_0135.jpg,3575,955,688,60318,0.8131468213351529
tomato_leaf_mold_google_0152.jpg,2077,2002,3338,58119,0.4375394986307141
tomato_leaf_mold_google_0174.jpg,8963,17194,1730,37649,0.4864586160108548
tomato_mosaic_virus_143.jpg,4109,8858,560,52009,0.4659786799727829
tomato_mosaic_virus_15.jpg,26927,520,8349,29740,0.8586005133683019
tomato_mosaic_virus_16.jpg,10698,4813,2695,47330,0.7402435649045115
tomato_mosaic_virus_194.jpg,13255,22749,1354,28178,0.5237784758856421
tomato_mosaic_virus_25.jpg,7915,4571,2873,50177,0.6801581163530119
tomato_mosaic_virus_33.jpg,9387,41612,11,14526,0.3108432538039969
tomato_mosaic_virus_55.jpg,23187,5022,8462,28865,0.7747335360352835
tomato_mosaic_virus_google_0031.jpg,7942,9141,3065,45388,0.5654681381274475
tomato_mosaic_virus_google_0042.jpg,4628,5778,1118,54012,0.5730559683011391
tomato_mosaic_virus_google_0049.jpg,36695,1671,3138,24032,0.9385030499111242
tomato_mosaic_virus_google_0113.jpg,15826,7007,59,42644,0.8175009039723126
tomato_mosaic_virus_google_0126.jpg,5036,42,10849,49609,0.4804655822162858
tomato_mosaic_virus_google_0140.jpg,4334,4961,4359,51882,0.4818768067600623
tomato_septoria_leaf_spot_10.jpg,2358,1877,366,60935,0.6776835752263256
tomato_septoria_leaf_spot_18.jpg,1095,16785,165,47491,0.11442006269592477
tomato_septoria_leaf_spot_20.jpg,2717,3411,359,59049,0.5903954802259888
tomato_septoria_leaf_spot_243.jpg,2284,223,405,62624,0.8791377983063895
tomato_septoria_leaf_spot_61.jpg,5236,89,8528,51683,0.5485881921525486
tomato_septoria_leaf_spot_63.jpg,21740,12834,2056,28906,0.7449032037005311
tomato_septoria_leaf_spot_80.jpg,24582,532,21149,19273,0.6939656997670972
tomato_septoria_leaf_spot_google_0021.jpg,4493,2227,2735,56081,0.6442500716948667
tomato_septoria_leaf_spot_google_0022.jpg,8314,1560,5795,49867,0.6933244381436852
tomato_septoria_leaf_spot_google_0023.jpg,5509,685,3160,56182,0.7413039090358609
tomato_septoria_leaf_spot_google_0026.jpg,20058,568,3681,41229,0.9042263045193283
tomato_septoria_leaf_spot_google_0027.jpg,22571,479,17383,25103,0.7164941908450257
tomato_septoria_leaf_spot_google_0033.jpg,9423,67,16295,39751,0.5352760736196319
tomato_septoria_leaf_spot_google_0045.jpg,11376,270,12625,41265,0.6382584789743877
tomato_septoria_leaf_spot_google_0051.jpg,4287,5443,539,55267,0.589035449299258
tomato_septoria_leaf_spot_google_0053.jpg,2496,8479,737,53824,0.35135135135135137
tomato_septoria_leaf_spot_google_0061.jpg,15776,3001,2467,44292,0.8522960561858455
tomato_septoria_leaf_spot_google_0070.jpg,12497,1232,9200,42607,0.7055270140574719
tomato_septoria_leaf_spot_google_0081.jpg,23263,1479,4563,36231,0.8850631562928017
tomato_septoria_leaf_spot_google_0128.jpg,12894,2473,5456,44713,0.7648367292463742
tomato_septoria_leaf_spot_google_0131.jpg,11040,1916,3198,49382,0.8119438111348092
tomato_septoria_leaf_spot_google_0151.jpg,8072,176,8589,48699,0.6481191537195391
tomato_septoria_leaf_spot_google_0189.jpg,3837,1166,264,60269,0.8429261862917399
tomato_septoria_leaf_spot_google_0205.jpg,3602,0,9611,52323,0.42842699970264647
tomato_septoria_leaf_spot_google_0208.jpg,12986,9639,491,42420,0.719406127084372
tomato_septoria_leaf_spot_google_0243.jpg,15311,3700,1095,45430,0.8646130389361041
tomato_yellow_leaf_curl_virus_15.jpg,4864,2233,13308,45131,0.38497764058728084
tomato_yellow_leaf_curl_virus_17.jpg,6934,2886,4083,51633,0.6655468637519797
tomato_yellow_leaf_curl_virus_18.jpg,12395,8369,3618,41154,0.6740625934687441
tomato_yellow_leaf_curl_virus_227.jpg,17298,995,2426,44817,0.9100139411315991
tomato_yellow_leaf_curl_virus_4.jpg,6246,2702,10358,46230,0.48888541014402004
tomato_yellow_leaf_curl_virus_40.jpg,3276,9691,4172,48397,0.3209404849375459
tomato_yellow_leaf_curl_virus_44.jpg,10006,6747,3219,45564,0.667556207885783
tomato_yellow_leaf_curl_virus_62.jpg,14040,2186,5163,44147,0.7925710576081741
tomato_yellow_leaf_curl_virus_99.jpg,2645,4026,7358,51507,0.3172604054216145
tomato_yellow_leaf_curl_virus_google_0010.jpg,5191,83,6048,54214,0.6287167686065525
tomato_yellow_leaf_curl_virus_google_0021.jpg,6046,7214,3386,48890,0.5328750220341971
tomato_yellow_leaf_curl_virus_google_0032.jpg,2558,11687,527,50764,0.2952106174264282
tomato_yellow_leaf_curl_virus_google_0037.jpg,15720,2482,8420,38914,0.7425251523310189
tomato_yellow_leaf_curl_virus_google_0061.jpg,5383,6620,2063,51470,0.5535503110699779
tomato_yellow_leaf_curl_virus_google_0072.jpg,7208,6514,3230,48584,0.5966887417218543
tomato_yellow_leaf_curl_virus_google_0078.jpg,15898,6498,5237,37903,0.7304219981162849
tomato_yellow_leaf_curl_virus_google_0114.jpg,4407,10317,5122,45690,0.3634189584793634
tomato_yellow_leaf_curl_virus_google_0146.jpg,51,889,331,64265,0.07715582450832073
tomato_yellow_leaf_curl_virus_google_0162.jpg,17078,12933,1735,33790,0.6995739800098312
wheat_bacterial_leaf_streak_(black_chaff)_Baidu_0031.jpg,1252,1472,1423,61389,0.46378959066493797
wheat_bacterial_leaf_streak_(black_chaff)_Baidu_0039.jpg,2583,1546,2121,59286,0.5848522585757953
wheat_bacterial_leaf_streak_(black_chaff)_Baidu_0040.jpg,6433,90,8015,50998,0.6135139001478231
wheat_bacterial_leaf_streak_(black_chaff)_Baidu_0202.jpg,4210,1534,6033,53759,0.5266779258147245
wheat_bacterial_leaf_streak_(black_chaff)_Baidu_0217.jpg,998,489,6928,57121,0.2120471688090938
wheat_bacterial_leaf_streak_(black_chaff)_Baidu_0235.jpg,7370,2710,8182,47274,0.5750624219725343
wheat_bacterial_leaf_streak_(black_chaff)_Baidu_0241.jpg,801,154,1709,62872,0.4623376623376623
wheat_bacterial_leaf_streak_(black_chaff)_Baidu_0253.jpg,546,132,3750,61108,0.2195416164053076
wheat_bacterial_leaf_streak_(black_chaff)_Baidu_0275.jpg,41469,218,1925,21924,0.9748122377499089
wheat_bacterial_leaf_streak_(black_chaff)_Bing_0004.jpg,18476,838,1318,44904,0.9448706147079882
wheat_bacterial_leaf_streak_(black_chaff)_Bing_0009.jpg,24676,254,21520,19086,0.6938672215504879
wheat_bacterial_leaf_streak_(black_chaff)_Google_0141.jpg,6281,138,196,58921,0.9741004962779156
wheat_bacterial_leaf_streak_(black_chaff)_Google_0142.jpg,6865,59,16875,41737,0.44775632663709886
wheat_bacterial_leaf_streak_(black_chaff)_Google_0283.jpg,4626,632,2521,57757,0.7458282950423216
wheat_bacterial_leaf_streak_(black_chaff)_Google_0314.jpg,13096,3623,2480,46337,0.8110233782319245
wheat_bacterial_leaf_streak_(black_chaff)_black_chaff (10).jpg,18256,2211,988,44081,0.9194429754979728
wheat_bacterial_leaf_streak_(black_chaff)_black_chaff (2).jpg,9337,127,2836,53236,0.8630586495355178
wheat_bacterial_leaf_streak_(black_chaff)_black_chaff (23).jpg,3731,0,2174,59631,0.7743877127438771
wheat_bacterial_leaf_streak_(black_chaff)_black_chaff (25).jpg,8744,1845,6064,48883,0.6885852659762964
wheat_bacterial_leaf_streak_(black_chaff)_black_chaff (3).jpg,23132,1340,1813,39251,0.9361960458951373
wheat_bacterial_leaf_streak_(black_chaff)_black_chaff (9).jpg,3164,9036,483,52853,0.39931848299362654
wheat_bacterial_leaf_streak_(black_chaff)_google_black_chaff (15).jpg,697,244,88,64507,0.8076477404403245
wheat_bacterial_leaf_streak_(black_chaff)_google_black_chaff (5).jpg,1083,540,56,63857,0.7842143374366402
wheat_head_scab_Baidu_0007.jpg,322,151,477,64586,0.5062893081761006
wheat_head_scab_Baidu_0018.jpg,1525,186,6245,57580,0.32169602362619976
wheat_head_scab_Baidu_0053.jpg,9393,474,6800,48869,0.7208749040675364
wheat_head_scab_Baidu_0065.jpg,1546,603,723,62664,0.6998641919420552
wheat_head_scab_Baidu_0081.jpg,21004,7036,326,37170,0.8508811018837351
wheat_head_scab_Baidu_0093.jpg,1609,959,2185,60783,0.5058157812008802
wheat_head_scab_Baidu_0101.jpg,4313,770,305,60148,0.889186681785383
wheat_head_scab_Baidu_0111.jpg,2154,1643,9652,52087,0.27610074985579697
wheat_head_scab_Baidu_0127.jpg,4106,7187,2612,51631,0.455943590028316
wheat_head_scab_Baidu_0137.jpg,535,232,75,64694,0.7770515613652869
wheat_head_scab_Baidu_0138.jpg,2020,26,4754,58736,0.4580498866213152
wheat_head_scab_Baidu_0144.jpg,2479,1359,3545,58153,0.5027377813830866
wheat_head_scab_Baidu_0162.jpg,2970,5267,1929,55370,0.4521924482338611
wheat_head_scab_Baidu_0175.jpg,11115,2593,1710,50118,0.8378245957863792
wheat_head_scab_Baidu_0185.jpg,4415,619,470,60032,0.8902107067244682
wheat_head_scab_Baidu_0264.jpg,8540,2031,1829,53136,0.8156638013371538
wheat_head_scab_Baidu_0281.jpg,2847,2469,545,59675,0.653881488286633
wheat_head_scab_Baidu_0297.jpg,729,38,864,63905,0.6177966101694915
wheat_head_scab_Baidu_0310.jpg,19154,424,2595,43363,0.9269484840419097
wheat_head_scab_Baidu_0332.jpg,15909,7340,1862,40425,0.7756704046806436
wheat_head_scab_Baidu_0368.jpg,4428,15,17893,43200,0.3308922433119115
wheat_head_scab_Baidu_0404.jpg,1299,703,9097,54437,0.20954992740764639
wheat_head_scab_Baidu_0431.jpg,3168,105,2407,59856,0.7160940325497287
wheat_head_scab_Baidu_0434.jpg,9445,2,16306,39783,0.5366782203534292
wheat_head_scab_Baidu_0474.jpg,13305,499,1292,50440,0.9369388401816837
wheat_head_scab_Baidu_0481.jpg,1673,273,1733,61857,0.625186846038864
wheat_head_scab_Bing_0023.jpg,6314,401,636,58185,0.9241126966703257
wheat_head_scab_Bing_0040.jpg,935,240,2425,61936,0.412348401323043
wheat_head_scab_Bing_0043.jpg,5878,2517,239,56902,0.8100882028665931
wheat_head_scab_Bing_0071.jpg,630,270,22,64614,0.8118556701030928
wheat_head_scab_Bing_0087.jpg,6101,356,924,58155,0.9050585966473816
wheat_head_scab_Bing_0111.jpg,3467,1799,82,60188,0.7866137266023823
wheat_head_scab_Bing_0125.jpg,10795,1197,272,53272,0.9362938548939677
wheat_head_scab_Bing_0138.jpg,1468,404,56,63608,0.8645465253239105
wheat_head_scab_Bing_0140.jpg,5,5985,771,58775,0.0014779781259237363
wheat_head_scab_Bing_0141.jpg,776,541,23,64196,0.7334593572778828
wheat_head_scab_Bing_0176.jpg,6223,66,2911,56336,0.8069765933994684
wheat_head_scab_Bing_0178.jpg,474,4307,1974,58781,0.13113847005118273
wheat_head_scab_Bing_0179.jpg,6426,4149,254,54707,0.7448275862068966
wheat_head_scab_Bing_0181.jpg,724,6635,0,58177,0.179141407893109
wheat_head_scab_Bing_0186.jpg,7807,3892,349,53488,0.7864014102241249
wheat_head_scab_Bing_0204.jpg,22240,726,5857,36713,0.8710808217300198
wheat_head_scab_Bing_0206.jpg,7111,2332,199,55894,0.8489225810302632
wheat_head_scab_Bing_0219.jpg,4299,678,65,60494,0.9204581950540628
wheat_head_scab_Bing_0245.jpg,820,133,87,64496,0.8817204301075269
wheat_head_scab_Bing_0257.jpg,2933,472,131,62000,0.9067862111609213
wheat_head_scab_Bing_0272.jpg,829,850,17,63840,0.6566336633663367
wheat_head_scab_Bing_0279.jpg,4581,1735,3307,55913,0.6450295691354548
wheat_head_scab_Bing_0287.jpg,0,2551,0,62985,0.0
wheat_head_scab_Bing_0288.jpg,1172,346,250,63768,0.7972789115646258
wheat_head_scab_Bing_0298.jpg,872,295,119,64250,0.8081556997219648
wheat_head_scab_Bing_0311.jpg,543,250,15,64728,0.8038490007401925
wheat_head_scab_Bing_0319.jpg,2227,117,267,62925,0.9206283588259612
wheat_head_scab_Google_0034.jpg,1192,199,207,63938,0.8544802867383513
wheat_head_scab_Google_0057.jpg,1542,214,194,63586,0.8831615120274914
wheat_head_scab_Google_0083.jpg,6520,581,432,58003,0.9279157475272184
wheat_head_scab_Google_0085.jpg,5331,2981,824,56400,0.7369876270132024
wheat_head_scab_Google_0098.jpg,7607,3100,649,54180,0.8022992142593471
wheat_head_scab_Google_0189.jpg,1904,1609,1432,60591,0.5559935757044824
wheat_head_scab_Google_0202.jpg,3912,3734,50,57840,0.6740179186767746
wheat_head_scab_Google_0205.jpg,661,5,4311,60559,0.23448031216743526
wheat_head_scab_Google_0264.jpg,0,362,111,65063,0.0
wheat_head_scab_Google_0309.jpg,14302,7580,1901,41753,0.7510568465275043
wheat_head_scab_Google_0394.jpg,39,8544,769,56184,0.008305824725801299
wheat_leaf_rust_Baidu_0025.jpg,40057,207,3812,21460,0.9522303971093388
wheat_leaf_rust_Baidu_0072.jpg,7280,15124,2278,40854,0.45554095488392465
wheat_leaf_rust_Baidu_0088.jpg,7038,152,322,58024,0.9674226804123711
wheat_leaf_rust_Baidu_0263.jpg,6110,348,339,58739,0.9467730688773534
wheat_leaf_rust_Baidu_0317.jpg,8639,915,473,55509,0.9256402014357655
wheat_leaf_rust_Baidu_0365.jpg,5983,2928,469,56156,0.7788843324871444
wheat_leaf_rust_Bing_0008.jpg,27776,124,3006,34630,0.9466616679731433
wheat_leaf_rust_Bing_0020.jpg,11615,29,5223,48669,0.8156028368794326
wheat_leaf_rust_Bing_0031.jpg,59222,2557,10,3747,0.9787870524167225
wheat_leaf_rust_Bing_0032.jpg,17201,105,11474,36756,0.7481785955068397
wheat_leaf_rust_Bing_0034.jpg,9130,3283,1628,51495,0.7880540330585646
wheat_leaf_rust_Bing_0036.jpg,2667,17,1624,61228,0.764731182795699
wheat_leaf_rust_Bing_0042.jpg,18409,509,3210,43408,0.9082566544144856
wheat_leaf_rust_Bing_0047.jpg,22557,27,820,42132,0.9815713322164443
wheat_leaf_rust_Bing_0055.jpg,8147,1464,2292,53633,0.8126683291770573
wheat_leaf_rust_Google_0037.jpg,6205,6051,3592,49688,0.5627352287670612
wheat_leaf_rust_Google_0040.jpg,23523,4939,1887,35187,0.8732922482922483
wheat_leaf_rust_Google_0058.jpg,25139,125,2467,37805,0.9509740873841498
wheat_leaf_rust_Google_0065.jpg,17461,914,3649,43512,0.8844371280233
wheat_leaf_rust_Google_0069.jpg,18463,110,348,46615,0.9877487695270704
wheat_leaf_rust_Google_0103.jpg,14784,943,4495,45314,0.8446552019653774
wheat_leaf_rust_Google_0328.jpg,3791,343,678,60724,0.8813204696036266
wheat_leaf_rust_Google_0339.jpg,34376,443,4596,26121,0.931712539469583
wheat_leaf_rust_Google_0358.jpg,4266,37,8649,52584,0.4955279358810547
wheat_leaf_rust_Google_0374.jpg,335,5,476,64720,0.5821025195482189
wheat_leaf_rust_Google_0376.jpg,9917,3625,2253,49741,0.7713907902924705
wheat_loose_smut_Baidu_0009.jpg,2578,4569,235,58154,0.5176706827309236
wheat_loose_smut_Baidu_0016.jpg,2126,172,550,62688,0.8548451950140732
wheat_loose_smut_Baidu_0023.jpg,17123,837,1289,46287,0.9415484438579127
wheat_loose_smut_Baidu_0034.jpg,4897,291,1029,59319,0.8812308799712075
wheat_loose_smut_Baidu_0036.jpg,11640,1355,3217,49324,0.8358466178371392
wheat_loose_smut_Bing_0004.jpg,12881,848,1028,50779,0.9321224401186772
wheat_loose_smut_Bing_0008.jpg,3237,219,743,61337,0.8706293706293706
wheat_loose_smut_Bing_0009.jpg,5790,203,699,58844,0.9277359397532446
wheat_loose_smut_Bing_0022.jpg,2395,420,1286,61435,0.7373768472906403
wheat_loose_smut_Bing_0027.jpg,3718,76,279,61463,0.9544346040302913
wheat_loose_smut_Bing_0095.jpg,71,0,5207,60258,0.026547018134230698
wheat_loose_smut_Bing_0097.jpg,1989,211,256,63080,0.8949381327334083
wheat_loose_smut_Bing_0107.jpg,7680,856,561,56439,0.9155391309530906
wheat_loose_smut_Bing_0109.jpg,4687,4535,766,55548,0.6387734241908006
wheat_loose_smut_Bing_0113.jpg,5409,390,748,58989,0.9048176647708264
wheat_loose_smut_Bing_0123.jpg,16175,1790,885,46686,0.9236259814418273
wheat_loose_smut_Bing_0136.jpg,550,4474,127,60385,0.19294860550780565
wheat_loose_smut_Bing_0137.jpg,2058,582,167,62729,0.8460431654676259
wheat_loose_smut_Bing_0176.jpg,4289,64,422,60761,0.9463812886142984
wheat_loose_smut_Bing_0178.jpg,0,38,974,64524,0.0
wheat_loose_smut_Bing_0199.jpg,754,815,1897,62070,0.35734597156398107
wheat_loose_smut_Bing_0203.jpg,4266,87,251,60932,0.9618940248027058
wheat_loose_smut_Bing_0230.jpg,4502,427,147,60460,0.9400709960325746
wheat_loose_smut_Bing_0234.jpg,1882,392,1923,61339,0.6191807863135385
wheat_loose_smut_Bing_0239.jpg,7596,811,1545,55584,0.8657396854342375
wheat_loose_smut_Bing_0245.jpg,376,1903,7,63250,0.28249436513899323
wheat_loose_smut_Bing_0263.jpg,1864,57,302,63313,0.9121605089307561
wheat_loose_smut_Bing_0264.jpg,1234,318,90,63894,0.8581363004172462
wheat_loose_smut_Bing_0283.jpg,1275,10013,92,54156,0.20150138285262742
wheat_loose_smut_Bing_0290.jpg,943,146,50,64397,0.9058597502401537
wheat_loose_smut_Bing_0299.jpg,396,125,8,65007,0.8562162162162162
wheat_loose_smut_Bing_0305.jpg,4336,1223,969,59008,0.7982326951399117
wheat_loose_smut_Bing_0335.jpg,893,36,235,64372,0.8682547399124939
wheat_loose_smut_Bing_0400.jpg,4968,432,1339,58797,0.8487229862475442
wheat_loose_smut_Google_0043.jpg,3314,264,258,61700,0.926993006993007
wheat_loose_smut_Google_0065.jpg,7766,570,722,56478,0.9232049453162149
wheat_loose_smut_Google_0068.jpg,10936,162,2214,52224,0.9020125371164632
wheat_loose_smut_Google_0079.jpg,3584,506,268,61178,0.9025434399395619
wheat_loose_smut_Google_0081.jpg,4241,81,1077,60137,0.8798755186721992
wheat_loose_smut_Google_0178.jpg,6757,57,1815,56907,0.8783309502144807
wheat_loose_smut_Google_0229.jpg,464,136,27,64909,0.8505957836846929
wheat_loose_smut_Google_0241.jpg,2920,172,320,62124,0.9222994314592545
wheat_loose_smut_Google_0253.jpg,1441,1025,750,62320,0.6188533390594804
wheat_powdery_mildew_Baidu_0001.jpg,11883,2696,4355,46602,0.7711977155466139
wheat_powdery_mildew_Baidu_0007.jpg,7224,1413,1766,55133,0.8196516707323992
wheat_powdery_mildew_Baidu_0012.jpg,9178,9635,3646,43077,0.5802067199797705
wheat_powdery_mildew_Baidu_0019.jpg,629,206,214,64487,0.7497020262216925
wheat_powdery_mildew_Baidu_0034.jpg,10726,1873,3287,49650,0.8061025101457989
wheat_powdery_mildew_Baidu_0040.jpg,2437,840,6420,55839,0.4016812263062469
wheat_powdery_mildew_Baidu_0044.jpg,1333,3012,5303,55888,0.24278298879883434
wheat_powdery_mildew_Baidu_0049.jpg,51372,31,13973,160,0.8800493370336109
wheat_powdery_mildew_Baidu_0070.jpg,3351,4364,3894,53927,0.4479946524064171
wheat_powdery_mildew_Baidu_0082.jpg,9486,5460,852,49738,0.7503559563360228
wheat_powdery_mildew_Baidu_0083.jpg,1831,929,1061,61715,0.6479122434536447
wheat_powdery_mildew_Baidu_0089.jpg,2527,6984,1424,54601,0.375427128212747
wheat_powdery_mildew_Baidu_0108.jpg,11014,566,11532,42424,0.6454902420441891
wheat_powdery_mildew_Baidu_0141.jpg,1748,8,20806,42974,0.14380913204442616
wheat_powdery_mildew_Baidu_0181.jpg,31559,0,28629,5348,0.6879570994146947
wheat_powdery_mildew_Baidu_0206.jpg,2924,3558,4045,55009,0.43476321463088247
wheat_powdery_mildew_Baidu_0252.jpg,267,1287,15227,48755,0.03132332238385734
wheat_powdery_mildew_Baidu_0279.jpg,7253,1218,4097,52968,0.7318500580192725
wheat_powdery_mildew_Baidu_0286.jpg,12373,0,52584,579,0.3200051726367516
wheat_powdery_mildew_Baidu_0295.jpg,382,1063,564,63527,0.3195315767461313
wheat_powdery_mildew_Bing_0005.jpg,1947,442,43057,20090,0.0821640326630515
wheat_powdery_mildew_Bing_0014.jpg,33478,218,5644,26196,0.9194979263368948
wheat_powdery_mildew_Bing_0016.jpg,19842,868,49,44777,0.9774143494002611
wheat_powdery_mildew_Bing_0023.jpg,28907,530,856,35243,0.9765878378378379
wheat_powdery_mildew_Bing_0037.jpg,44460,614,1092,19370,0.9811753801337365
wheat_powdery_mildew_Bing_0042.jpg,10287,8236,2041,44972,0.6668827590677774
wheat_powdery_mildew_Bing_0043.jpg,16007,2314,16228,30987,0.6332383891130627
wheat_powdery_mildew_Bing_0045.jpg,4044,1511,708,59273,0.7847094207819928
wheat_powdery_mildew_Bing_0054.jpg,0,352,4883,60301,0.0
wheat_powdery_mildew_Bing_0073.jpg,11425,379,7354,46378,0.7471471078703855
wheat_powdery_mildew_Bing_0080.jpg,0,3122,6873,55541,0.0
wheat_powdery_mildew_Bing_0088.jpg,20784,1322,7490,35940,0.8250893211591902
wheat_powdery_mildew_Bing_0093.jpg,20658,4409,3031,37438,0.8474033965050455
wheat_powdery_mildew_Bing_0115.jpg,38,3308,203,61987,0.021187621968218568
wheat_powdery_mildew_Bing_0126.jpg,29953,106,585,34892,0.9885967952208855
wheat_powdery_mildew_Bing_0163.jpg,23367,84,32689,9396,0.5877973008665903
wheat_powdery_mildew_Bing_0170.jpg,10196,1412,1454,52474,0.8767735832831713
wheat_powdery_mildew_Bing_0177.jpg,61860,144,3048,484,0.9748487140695915
wheat_powdery_mildew_Bing_0188.jpg,24828,411,1791,38506,0.9575378919356705
wheat_powdery_mildew_Bing_0203.jpg,9582,478,1629,53847,0.9009449485214611
wheat_powdery_mildew_Bing_0214.jpg,10854,485,11433,42764,0.6455718789032296
wheat_powdery_mildew_Bing_0219.jpg,12548,58,5613,47317,0.8156791367374134
wheat_powdery_mildew_Google_0014.jpg,4063,2917,6157,52399,0.47244186046511627
wheat_powdery_mildew_Google_0051.jpg,20210,143,682,44501,0.9799975754636926
wheat_powdery_mildew_Google_0056.jpg,13062,278,1591,50605,0.9332333083270817
wheat_powdery_mildew_Google_0079.jpg,4107,8161,1314,51954,0.464356379670982
wheat_powdery_mildew_Google_0101.jpg,12547,463,84,52442,0.9786669786669787
wheat_powdery_mildew_Google_0115.jpg,37120,677,10445,17294,0.8697078325250112
wheat_powdery_mildew_Google_0122.jpg,8275,4514,142,52605,0.7804394982552108
wheat_powdery_mildew_Google_0203.jpg,6253,5131,5557,48595,0.5391911701302061
wheat_powdery_mildew_Google_0218.jpg,1504,1546,3642,58844,0.36700829673011226
wheat_powdery_mildew_Google_0263.jpg,11718,242,9888,43688,0.698206518500864
wheat_powdery_mildew_Google_0317.jpg,1116,0,810,63610,0.7337278106508875
wheat_powdery_mildew_Google_0329.jpg,12972,396,696,51472,0.9596094096759876
wheat_septoria_blotch_Baidu_0007.jpg,3195,193,4346,57802,0.5846829536096624
wheat_septoria_blotch_Baidu_0033.jpg,1634,142,780,62980,0.7799522673031026
wheat_septoria_blotch_Baidu_0098.jpg,12895,200,3009,49432,0.8893410117590261
wheat_septoria_blotch_Baidu_0123.jpg,3132,584,2965,58855,0.6383369000305716
wheat_septoria_blotch_Bing_0041.jpg,7126,97,696,57617,0.9472914589564639
wheat_septoria_blotch_Bing_0044.jpg,15816,3595,136,45989,0.8944942453977321
wheat_septoria_blotch_Bing_0045.jpg,8750,1237,3869,51680,0.7741307617446695
wheat_septoria_blotch_Bing_0051.jpg,5645,1428,2526,55937,0.7406192600367357
wheat_septoria_blotch_Google_0016.jpg,15278,71,1107,49080,0.9628789311148925
wheat_septoria_blotch_Google_0021.jpg,25799,7518,11793,20426,0.7276650354679942
wheat_septoria_blotch_Google_0027.jpg,3369,2707,2185,57275,0.5793637145313844
wheat_septoria_blotch_Google_0049.jpg,19836,55,5128,40517,0.8844498941032215
wheat_septoria_blotch_Google_0058.jpg,14304,2005,2304,46923,0.8690949965063645
wheat_septoria_blotch_Google_0061.jpg,4801,492,564,59679,0.9009194970913867
wheat_septoria_blotch_Google_0115.jpg,11487,330,8604,45115,0.720007521624671
wheat_septoria_blotch_Google_0119.jpg,32421,182,4775,28158,0.9289817905700655
wheat_septoria_blotch_Google_0140.jpg,331,6761,3946,54498,0.05822851614038174
wheat_septoria_blotch_Google_0174.jpg,4110,817,1733,58876,0.7632311977715878
wheat_septoria_blotch_Google_0206.jpg,3696,48,1361,60431,0.8399045563004204
wheat_septoria_blotch_Google_0309.jpg,10393,558,1564,53021,0.9073686048541995
wheat_septoria_blotch_blotch (10).jpg,9902,685,903,54046,0.9257666417352282
wheat_septoria_blotch_blotch (101).jpg,3861,217,910,60548,0.8726409763815121
wheat_septoria_blotch_blotch (111).jpg,9067,2009,1387,53073,0.8422666047375755
wheat_septoria_blotch_blotch (113).jpg,10214,373,1245,53704,0.9266080014515105
wheat_septoria_blotch_blotch (12).jpg,6889,2034,716,55897,0.8336156824782188
wheat_septoria_blotch_blotch (129).jpg,6435,1422,2974,54705,0.7453955751187304
wheat_septoria_blotch_blotch (130).jpg,18891,355,36129,10161,0.5087388576199068
wheat_septoria_blotch_blotch (19).jpg,17069,1506,359,46602,0.9481987612143432
wheat_septoria_blotch_blotch (2).jpg,11965,818,3145,49608,0.8579213422722547
wheat_septoria_blotch_blotch (22).jpg,6756,2008,565,56207,0.8400373018340068
wheat_septoria_blotch_blotch (24).jpg,2795,4483,1487,56771,0.4835640138408305
wheat_septoria_blotch_blotch (27).jpg,10626,564,3044,51302,0.8548672566371681
wheat_septoria_blotch_blotch (29).jpg,19394,7506,127,38509,0.8355701083561319
wheat_septoria_blotch_blotch (34).jpg,1966,553,13,63004,0.874166296131614
wheat_septoria_blotch_blotch (35).jpg,344,3015,0,62177,0.18579530110721038
wheat_septoria_blotch_blotch (39).jpg,2390,952,128,62066,0.8156996587030717
wheat_septoria_blotch_blotch (50).jpg,11151,39,4556,49790,0.8291631036918615
wheat_septoria_blotch_blotch (64).jpg,13208,206,5969,46153,0.8105305145592342
wheat_septoria_blotch_blotch (69).jpg,2737,1660,3168,57971,0.5313531353135313
wheat_septoria_blotch_blotch (79).jpg,465,1207,4992,58872,0.13045307897320801
wheat_septoria_blotch_blotch (87).jpg,7448,1475,1652,54961,0.8264994728957443
wheat_septoria_blotch_google_septoria (16).jpg,1438,57,2104,61937,0.5709747865793131
wheat_septoria_blotch_google_septoria (18).jpg,12147,1174,402,51813,0.939080015461925
wheat_septoria_blotch_google_septoria (2).jpg,8853,1171,2602,52910,0.8243400530750966
wheat_septoria_blotch_google_septoria (23).jpg,624,385,6141,58386,0.1605351170568562
wheat_septoria_blotch_google_septoria (27).jpg,6620,728,8035,50153,0.6017361268917875
wheat_stem_rust_Baidu_0001.jpg,15985,6842,580,42129,0.8115861088545898
wheat_stem_rust_Baidu_0003.jpg,2835,1718,14,60969,0.7660091867062956
wheat_stem_rust_Baidu_0004.jpg,3215,786,2508,59027,0.6612505141916907
wheat_stem_rust_Baidu_0007.jpg,0,724,4725,60087,0.0
wheat_stem_rust_Baidu_0127.jpg,6841,6191,488,52016,0.6719709248072295
wheat_stem_rust_Bing_0002.jpg,2410,1069,37,62020,0.8133648329395883
wheat_stem_rust_Bing_0005.jpg,11192,4400,3851,46093,0.7306675371307328
wheat_stem_rust_Bing_0011.jpg,4945,3442,8623,48526,0.45046686404008196
wheat_stem_rust_Bing_0016.jpg,8576,3305,914,52741,0.8025829394974499
wheat_stem_rust_Bing_0018.jpg,16711,1306,6985,40534,0.8012370244288352
wheat_stem_rust_Bing_0040.jpg,891,207,23,64415,0.885685884691849
wheat_stem_rust_Bing_0070.jpg,21201,2485,1332,40518,0.9174149159436595
wheat_stem_rust_Bing_0143.jpg,1415,396,2390,61335,0.5039173789173789
wheat_stem_rust_Bing_0206.jpg,3237,727,226,61346,0.8716843947758179
wheat_stem_rust_Bing_0217.jpg,20060,350,17588,27538,0.6910331048262083
wheat_stem_rust_Bing_0233.jpg,1944,5509,424,57659,0.3958863659505142
wheat_stem_rust_Bing_0247.jpg,15518,421,666,48931,0.966161317436105
wheat_stem_rust_Bing_0254.jpg,13294,3205,238,48799,0.8853518031367587
wheat_stem_rust_Bing_0261.jpg,2388,5523,186,57439,0.45550786838340485
wheat_stem_rust_Bing_0278.jpg,37,5652,2086,57761,0.009472606246799796
wheat_stem_rust_Bing_0279.jpg,1044,5368,5,59119,0.2798552472858866
wheat_stem_rust_Bing_0286.jpg,544,1245,6897,56850,0.11787648970747562
wheat_stem_rust_Google_0006.jpg,2979,1047,5787,55723,0.46575984990619135
wheat_stem_rust_Google_0066.jpg,1711,358,1717,61750,0.6225213752956158
wheat_stem_rust_Google_0071.jpg,4116,5487,48,55885,0.5979516234473742
wheat_stem_rust_Google_0101.jpg,6733,18990,992,38821,0.4025950729490553
wheat_stem_rust_Google_0140.jpg,11102,6256,126,48052,0.7767438606310781
wheat_stem_rust_Google_0274.jpg,459,4279,9,60789,0.17633499807913947
wheat_stem_rust_Google_0291.jpg,12853,464,105,52114,0.9783444338725024
wheat_stem_rust_Google_0333.jpg,1471,6330,110,57625,0.31357919420166275
wheat_stripe_rust_Baidu_0011.jpg,2827,2505,4628,55576,0.4421678266989912
wheat_stripe_rust_Baidu_0029.jpg,1107,353,764,63312,0.6646652656859802
wheat_stripe_rust_Baidu_0030.jpg,3896,410,174,61056,0.9302769818529131
wheat_stripe_rust_Baidu_0047.jpg,2088,1537,3751,58160,0.44125105663567205
wheat_stripe_rust_Baidu_0060.jpg,748,1487,269,63032,0.46002460024600245
wheat_stripe_rust_Baidu_0068.jpg,571,61,1302,63602,0.4558882235528942
wheat_stripe_rust_Baidu_0106.jpg,4359,1730,836,58611,0.7725983693725629
wheat_stripe_rust_Baidu_0120.jpg,6069,1564,3181,54722,0.7189480542557602
wheat_stripe_rust_Baidu_0139.jpg,1781,687,899,62169,0.6919191919191919
wheat_stripe_rust_Baidu_0143.jpg,2370,166,410,62590,0.891647855530474
wheat_stripe_rust_Baidu_0156.jpg,123,48,65,65300,0.6852367688022284
wheat_stripe_rust_Baidu_0158.jpg,704,372,526,63934,0.6105810928013877
wheat_stripe_rust_Baidu_0205.jpg,283,763,1060,63430,0.2369192130598577
wheat_stripe_rust_Baidu_0235.jpg,3675,10741,280,50840,0.40008709378912416
wheat_stripe_rust_Baidu_0243.jpg,604,1247,557,63128,0.40106241699867196
wheat_stripe_rust_Baidu_0259.jpg,43,221,357,64915,0.12951807228915663
wheat_stripe_rust_Baidu_0273.jpg,557,72,90,64817,0.8730407523510971
wheat_stripe_rust_Baidu_0286.jpg,5741,221,3477,56097,0.7563899868247694
wheat_stripe_rust_Baidu_0317.jpg,5559,1071,146,58760,0.9013376570733684
wheat_stripe_rust_Baidu_0320.jpg,1869,56,292,63319,0.9148311306901615
wheat_stripe_rust_Baidu_0336.jpg,951,43,132,64410,0.915743861338469
wheat_stripe_rust_Baidu_0349.jpg,13023,1287,3590,47636,0.8422856773275555
wheat_stripe_rust_Baidu_0355.jpg,4086,1160,5777,54513,0.5408696803229863
wheat_stripe_rust_Baidu_0401.jpg,1213,892,72,63359,0.7156342182890856
wheat_stripe_rust_Baidu_0420.jpg,24370,2780,49,38337,0.945141460955225
wheat_stripe_rust_Baidu_0448.jpg,6164,1189,610,57573,0.8726551992638211
wheat_stripe_rust_Baidu_0484.jpg,4056,572,553,60355,0.8782072101331602
wheat_stripe_rust_Bing_0002.jpg,16591,471,772,47702,0.9638925199709514
wheat_stripe_rust_Bing_0005.jpg,7079,1300,3783,53374,0.735824541344005
wheat_stripe_rust_Bing_0007.jpg,11155,300,87,53994,0.9829492884522184
wheat_stripe_rust_Bing_0011.jpg,12593,4550,78,48315,0.8447709129938955
wheat_stripe_rust_Bing_0022.jpg,11492,783,3549,49712,0.8414116268853419
wheat_stripe_rust_Bing_0053.jpg,26161,2682,6,36687,0.9511361570623523
wheat_stripe_rust_Bing_0066.jpg,7927,2544,13,55052,0.8611156373906903
wheat_stripe_rust_Bing_0072.jpg,5904,8498,1,51133,0.5814743684443788
wheat_stripe_rust_Bing_0080.jpg,3897,653,189,60797,0.9025011579434924
wheat_stripe_rust_Bing_0083.jpg,3552,725,1573,59686,0.7555839183152521
wheat_stripe_rust_Bing_0084.jpg,18546,756,3608,42626,0.8947317637977615
wheat_stripe_rust_Bing_0093.jpg,16502,2621,70,46343,0.9246112900966522
wheat_stripe_rust_Bing_0097.jpg,5091,496,2751,57198,0.7582098443666692
wheat_stripe_rust_Bing_0105.jpg,363,720,42,64411,0.4879032258064516
wheat_stripe_rust_Bing_0108.jpg,1455,371,495,63215,0.770656779661017
wheat_stripe_rust_Bing_0111.jpg,10439,1261,285,53551,0.9310560114163396
wheat_stripe_rust_Bing_0113.jpg,18380,3494,837,42825,0.8945997907084277
wheat_stripe_rust_Bing_0135.jpg,5418,2076,2105,55937,0.7215822068322568
wheat_stripe_rust_Bing_0137.jpg,2956,235,352,61993,0.9096784120633944
wheat_stripe_rust_Bing_0142.jpg,2075,1208,1093,61160,0.6433111145558829
wheat_stripe_rust_Bing_0159.jpg,20126,5648,192,39570,0.8732968844918858
wheat_stripe_rust_Bing_0160.jpg,11048,2158,531,51799,0.8915069598547508
wheat_stripe_rust_Bing_0173.jpg,5235,656,553,59092,0.8964808630875931
wheat_stripe_rust_Bing_0177.jpg,44217,508,572,20239,0.987934848180173
wheat_stripe_rust_Bing_0178.jpg,1428,587,107,63414,0.8045070422535211
wheat_stripe_rust_Bing_0181.jpg,14107,598,1367,49464,0.9348884986248716
wheat_stripe_rust_Bing_0209.jpg,3842,1611,6067,54016,0.5001952870719958
wheat_stripe_rust_Bing_0224.jpg,6582,2084,424,56446,0.8399693721286371
wheat_stripe_rust_Bing_0225.jpg,1988,1327,181,62040,0.725018234865062
wheat_stripe_rust_Bing_0228.jpg,15347,2946,724,46519,0.8932021883366313
wheat_stripe_rust_Bing_0233.jpg,7659,1412,6905,49560,0.6481066215358579
wheat_stripe_rust_Bing_0241.jpg,8733,1205,14,55584,0.9347605030773347
wheat_stripe_rust_Bing_0252.jpg,17242,4605,206,43483,0.8775671204987912
wheat_stripe_rust_Bing_0257.jpg,9745,7302,79,48410,0.7253172565219009
wheat_stripe_rust_Bing_0287.jpg,4640,188,452,60256,0.9354838709677419
wheat_stripe_rust_Google_0029.jpg,12210,6943,135,46248,0.7752873198298305
wheat_stripe_rust_Google_0045.jpg,16604,458,683,47791,0.9667821479519054
wheat_stripe_rust_Google_0064.jpg,9041,415,6937,49143,0.710938114335142
wheat_stripe_rust_Google_0115.jpg,11574,1067,48,52847,0.9540452540905906
wheat_stripe_rust_Google_0148.jpg,2225,424,147,62740,0.8862776339374626
wheat_stripe_rust_Google_0223.jpg,7640,406,51,57439,0.9709601575903921
wheat_stripe_rust_Google_0229.jpg,4879,1082,161,59414,0.8870102717934734
wheat_stripe_rust_Google_0322.jpg,10095,7595,6408,41438,0.5904717339806393
wheat_stripe_rust_Google_0334.jpg,3697,1224,148,60467,0.8434861966689482
wheat_stripe_rust_Google_0341.jpg,14886,12196,211,38243,0.7058488821451433
zucchini_bacterial_wilt_Bing_0003.jpg,4561,341,15502,45132,0.3653915481674344
zucchini_bacterial_wilt_Bing_0010.jpg,5038,194,18091,42213,0.3552766122492155
zucchini_bacterial_wilt_Bing_0012.jpg,2115,309,28161,34951,0.12935779816513762
zucchini_bacterial_wilt_Bing_0015.jpg,2975,1150,5291,56120,0.4801872326688726
zucchini_bacterial_wilt_Bing_0019.jpg,26176,6694,2637,30029,0.8487265535074494
zucchini_bacterial_wilt_Bing_0026.jpg,4216,1271,11279,48770,0.4018682680392718
zucchini_bacterial_wilt_Bing_0105.jpg,2158,2165,10934,50279,0.24783232845248349
zucchini_bacterial_wilt_Bing_0140.jpg,12739,2279,6003,44515,0.7546800947867298
zucchini_bacterial_wilt_Bing_0170.jpg,7692,413,16340,41091,0.47870056321374116
zucchini_bacterial_wilt_Bing_0188.jpg,5386,0,7871,52279,0.5778040015019043
zucchini_bacterial_wilt_Bing_0260.jpg,7681,758,9813,47284,0.5923726526047892
zucchini_bacterial_wilt_Google_0024.jpg,2893,884,30322,31437,0.15641219723183392
zucchini_bacterial_wilt_Google_0057.jpg,2813,2474,1881,58368,0.5636709748522192
zucchini_bacterial_wilt_Google_0060.jpg,2641,753,7017,55125,0.4046889365614465
zucchini_bacterial_wilt_Google_0277.jpg,17012,1068,3924,43532,0.8720524912856265
zucchini_downy_mildew_Bing_0025.jpg,20191,5487,11091,28767,0.7089536516853933
zucchini_downy_mildew_Bing_0035.jpg,5151,9566,270,50549,0.5115701658555963
zucchini_downy_mildew_Bing_0047.jpg,4447,14969,162,45958,0.37019771071800206
zucchini_downy_mildew_Bing_0084.jpg,20147,12658,234,32497,0.7576053848757192
zucchini_downy_mildew_Bing_0159.jpg,13659,30868,1376,19633,0.45864813135892013
zucchini_downy_mildew_Bing_0169.jpg,3645,2261,773,58857,0.7061216582719876
zucchini_downy_mildew_Bing_0214.jpg,7269,19627,646,37994,0.4176266122777283
zucchini_downy_mildew_Bing_0234.jpg,2646,58825,0,4065,0.08253661275480761
zucchini_downy_mildew_Bing_0259.jpg,17441,1402,5431,41262,0.8361980103080426
zucchini_powdery_mildew_Bing_0002.jpg,23935,4093,993,36515,0.9039580028703075
zucchini_powdery_mildew_Bing_0003.jpg,38004,847,7522,19163,0.9008142029225974
zucchini_powdery_mildew_Bing_0004.jpg,43633,14330,265,7308,0.8567165058265676
zucchini_powdery_mildew_Bing_0009.jpg,9367,1186,3244,51739,0.8087549646002418
zucchini_powdery_mildew_Bing_0010.jpg,3300,35217,167,26852,0.15720274390243902
zucchini_powdery_mildew_Bing_0020.jpg,13587,2495,3723,45731,0.8137877335888836
zucchini_powdery_mildew_Bing_0029.jpg,44772,1566,796,18402,0.9742998280852175
zucchini_powdery_mildew_Bing_0046.jpg,4635,28399,464,32038,0.24309653056407834
zucchini_powdery_mildew_Bing_0047.jpg,22448,6573,7128,29387,0.766182569073502
zucchini_powdery_mildew_Bing_0052.jpg,48162,650,11094,5630,0.8913276825702335
zucchini_powdery_mildew_Bing_0054.jpg,48046,3881,1331,12278,0.9485508963120903
zucchini_powdery_mildew_Bing_0068.jpg,5906,950,405,58275,0.8970912128806866
zucchini_powdery_mildew_Bing_0100.jpg,21694,11259,242,32341,0.7904680354898067
zucchini_powdery_mildew_Bing_0109.jpg,2134,208,316,62878,0.8906510851419032
zucchini_powdery_mildew_Bing_0110.jpg,11537,9055,13,44931,0.7178769211623421
zucchini_powdery_mildew_Bing_0124.jpg,26374,5313,801,33048,0.8961299310251096
zucchini_powdery_mildew_Bing_0155.jpg,10745,4636,7121,43034,0.6463741089421602
zucchini_powdery_mildew_Bing_0170.jpg,8180,4061,11134,42161,0.5184598320392965
zucchini_powdery_mildew_Bing_0194.jpg,6619,20307,0,38610,0.394634073632434
zucchini_powdery_mildew_Bing_0195.jpg,3917,13570,49,48000,0.36517037244208267
zucchini_powdery_mildew_Bing_0218.jpg,11418,1958,270,51890,0.9111075646345356
zucchini_powdery_mildew_Bing_0224.jpg,16632,7969,4302,36633,0.7305149884704074
zucchini_powdery_mildew_Bing_0233.jpg,25191,2993,6727,30625,0.8382749326145552
zucchini_powdery_mildew_Bing_0239.jpg,19359,2140,9516,34521,0.7686107912812165
zucchini_powdery_mildew_Bing_0248.jpg,0,113,20654,44769,0.0
zucchini_powdery_mildew_Bing_0251.jpg,27071,8416,2333,27716,0.8343529919403307
zucchini_powdery_mildew_Bing_0267.jpg,11922,15037,24,38553,0.612877522169387
zucchini_powdery_mildew_Bing_0289.jpg,28992,11051,1392,24101,0.8233206014738665
zucchini_powdery_mildew_Bing_0308.jpg,24989,3619,1637,35291,0.9048412209870732
zucchini_powdery_mildew_Bing_0312.jpg,6737,4296,4808,49695,0.5967756222871822
zucchini_powdery_mildew_Bing_0336.jpg,59777,1345,417,3997,0.9854759471133239
zucchini_powdery_mildew_Bing_0337.jpg,35196,8645,357,21338,0.8866161170869336
zucchini_powdery_mildew_Bing_0347.jpg,24658,3950,2122,34806,0.8903733660720734
zucchini_powdery_mildew_Google_0045.jpg,6251,444,7037,51804,0.6256317870189662
zucchini_powdery_mildew_Google_0118.jpg,10545,13274,2370,39347,0.5741275112974357
zucchini_powdery_mildew_Google_0157.jpg,34756,5462,882,24436,0.916367854882936
zucchini_powdery_mildew_Google_0186.jpg,27227,8956,17,29336,0.8585302789033061
zucchini_powdery_mildew_Google_0281.jpg,16529,7416,256,41335,0.8116376135526638
zucchini_powdery_mildew_Google_0282.jpg,20119,1518,2199,41700,0.9154362416107382
zucchini_powdery_mildew_Google_0314.jpg,24164,6572,883,33917,0.8663571338938386
zucchini_powdery_mildew_Google_0327.jpg,14366,4998,667,45505,0.8353054045410937
zucchini_powdery_mildew_Google_0389.jpg,1288,12542,385,51321,0.1661613881184287
zucchini_powdery_mildew_Google_0394.jpg,21107,724,2612,41093,0.926761800219539
zucchini_yellow_mosaic_virus_11.jpg,0,7299,0,58237,0.0
zucchini_yellow_mosaic_virus_164.jpg,32054,219,22616,10647,0.7373566589604683
zucchini_yellow_mosaic_virus_179.jpg,17781,3183,17308,27264,0.6344352666226607
zucchini_yellow_mosaic_virus_236.jpg,950,19700,7101,37785,0.06619978397965227
zucchini_yellow_mosaic_virus_66.jpg,18474,355,26835,19872,0.5760703483114534
zucchini_yellow_mosaic_virus_67.jpg,0,3814,9377,52345,0.0
zucchini_yellow_mosaic_virus_9.jpg,0,5893,0,59643,0.0
zucchini_yellow_mosaic_virus_google_0028.jpg,23437,247,7585,34267,0.8568347164844807
zucchini_yellow_mosaic_virus_google_0033.jpg,39909,550,4509,20568,0.9403961025955205
zucchini_yellow_mosaic_virus_google_0038.jpg,21256,1587,20032,22661,0.6628931406028286
zucchini_yellow_mosaic_virus_google_0042.jpg,31362,799,7472,25903,0.8834988379463342
zucchini_yellow_mosaic_virus_google_0053.jpg,305,956,6036,58239,0.08024204156800842
zucchini_yellow_mosaic_virus_google_0067.jpg,10876,3730,4880,46050,0.7164218430933403
zucchini_yellow_mosaic_virus_google_0088.jpg,43264,556,207,21509,0.9912591217880423
zucchini_yellow_mosaic_virus_google_0123.jpg,13397,1511,853,49775,0.9189244804170382
zucchini_yellow_mosaic_virus_google_0147.jpg,25412,2797,1707,35620,0.9185945633314054
zucchini_yellow_mosaic_virus_google_0200.jpg,25888,5959,2679,31010,0.8570198960505843
zucchini_yellow_mosaic_virus_google_0235.jpg,37045,192,19196,9103,0.7925929095616081
zucchini_yellow_mosaic_virus_google_0239.jpg,12139,1797,532,51068,0.91246664411621
