image,tp,fp,fn,tn,dice
apple_black_rot_143.jpg,15296,2540,59,47641,0.9216956403844415
apple_black_rot_144.jpg,13490,764,546,50736,0.9536938847649346
apple_black_rot_149.jpg,32359,9163,4,24010,0.8759288082831427
apple_black_rot_167.jpg,5008,1361,9291,49876,0.48461389587768533
apple_black_rot_175.jpg,4974,338,335,59889,0.9366349684587139
apple_black_rot_18.jpg,2505,292,4601,58138,0.505907300817934
apple_black_rot_7.jpg,2067,2,660,62807,0.8619683069224353
apple_black_rot_google_0001.jpg,4,6579,0,58953,0.0012145134355548808
apple_black_rot_google_0008.jpg,3369,335,111,61721,0.9379175946547884
apple_black_rot_google_0037.jpg,4165,762,1150,59459,0.8133177113844953
apple_black_rot_google_0052.jpg,436,5878,144,59078,0.12648680011604294
apple_black_rot_google_0058.jpg,2731,230,221,62354,0.9237273803483849
apple_black_rot_google_0077.jpg,531,180,5796,59029,0.15089514066496162
apple_black_rot_google_0097.jpg,85,625,1605,63221,0.07083333333333333
apple_black_rot_google_0113.jpg,5103,1646,2879,55908,0.6928246554884258
apple_black_rot_google_0156.jpg,4140,6853,1588,52955,0.4951856946354883
apple_black_rot_google_0160.jpg,5932,0,48721,10883,0.1958240488569778
apple_mosaic_virus_100.jpg,16756,6771,343,41666,0.8248904642347266
apple_mosaic_virus_16.jpg,14553,3605,3119,44259,0.8123360312587218
apple_mosaic_virus_18.jpg,7825,2611,1960,53140,0.7739478759705257
apple_mosaic_virus_23.jpg,5616,3505,518,55897,0.736283185840708
apple_mosaic_virus_31.jpg,16891,2304,2494,43847,0.875635044064282
apple_mosaic_virus_34.jpg,4218,397,3262,57659,0.6974782968168665
apple_mosaic_virus_36.jpg,14191,4646,573,46126,0.8446772417487575
apple_mosaic_virus_41.jpg,20202,643,6033,38658,0.8581988105352591
apple_mosaic_virus_43.jpg,14477,886,1473,48700,0.9246638776227126
apple_mosaic_virus_5.jpg,8254,4495,543,52244,0.7661746959992574
apple_mosaic_virus_51.jpg,36394,659,173,28310,0.9886987231730509
apple_mosaic_virus_57.jpg,157,2395,101,62883,0.11174377224199289
apple_mosaic_virus_google_0006.jpg,26416,235,4234,34651,0.9220083419137537
apple_mosaic_virus_google_0014.jpg,7218,4437,2165,51716,0.6861868998954274
apple_mosaic_virus_google_0029.jpg,21685,439,3772,39640,0.911498287131418
apple_mosaic_virus_google_0074.jpg,12020,520,531,52465,0.9581124706069906
apple_mosaic_virus_google_0084.jpg,1276,243,3548,60469,0.4023332807819644
apple_mosaic_virus_google_0091.jpg,14700,110,5959,44767,0.8288928359976317
apple_rust_147.jpg,697,379,88,64372,0.7490596453519613
apple_rust_152.jpg,2322,0,4662,58552,0.4990328820116054
apple_rust_177.jpg,2017,1501,58,61960,0.7212587162524584
apple_rust_2.jpg,6228,1611,12211,45486,0.4740086764593957
apple_rust_33.jpg,5231,1542,630,58133,0.8280829507677695
apple_rust_4.jpg,27990,184,7794,29568,0.8752618906157166
apple_rust_45.jpg,2350,1729,2377,59080,0.5337270043152396
apple_rust_48.jpg,476,145,62,64853,0.8213977566867989
apple_rust_49.jpg,2419,668,32,62417,0.8736005778259299
apple_rust_54.jpg,3170,8026,508,53832,0.4262471426650531
apple_rust_6.jpg,33371,961,5804,25400,0.9079679486307427
apple_rust_71.jpg,458,1539,107,63432,0.35753317720530836
apple_rust_74.jpg,2146,70,332,62988,0.9143587558585429
apple_rust_95.jpg,5067,9217,168,51084,0.5191864337312362
apple_rust_96.jpg,2944,52,3918,58622,0.5972813958206533
apple_rust_google_0007.jpg,11770,2326,449,50991,0.8945468364050921
apple_rust_google_0011.jpg,139,1443,30,63924,0.15876641918903484
apple_rust_google_0019.jpg,11098,1682,201,52555,0.9217990780348021
apple_rust_google_0035.jpg,28593,634,6419,29890,0.8902068836687993
apple_rust_google_0037.jpg,7274,1875,3694,52693,0.7231694586667993
apple_rust_google_0041.jpg,2192,150,105,63089,0.9450312567363656
apple_rust_google_0049.jpg,1405,1859,725,61547,0.5209492028179459
apple_rust_google_0058.jpg,2067,236,1336,61897,0.7245005257623555
apple_rust_google_0088.jpg,496,237,735,64068,0.505091649694501
apple_rust_google_0147.jpg,5603,5435,315,54183,0.6608870016513329
apple_rust_google_0197.jpg,2848,1774,753,60161,0.692691231910495
apple_rust_google_0201.jpg,12273,419,221,52623,0.9745890574128484
apple_rust_google_0215.jpg,6277,899,344,58016,0.9099079510038414
apple_scab_14.jpg,220,5589,94,59633,0.07186019924873428
apple_scab_18.jpg,261,51,766,64458,0.3898431665421957
apple_scab_2.jpg,8955,8305,2458,45818,0.624629442332508
apple_scab_23.jpg,9240,3251,7187,45858,0.6390483435922263
apple_scab_25.jpg,16137,2370,496,46533,0.9184405236198064
apple_scab_26.jpg,567,2412,1601,60956,0.22032251797163396
apple_scab_32.jpg,2565,11,6051,56909,0.4583631165117941
apple_scab_43.jpg,68,1169,13,64286,0.10318664643399089
apple_scab_50.jpg,1094,349,154,63939,0.8130806391675957
apple_scab_51.jpg,435,2472,532,62097,0.22457408363448633
apple_scab_66.jpg,1945,654,344,62593,0.7958265139116203
apple_scab_67.jpg,435,967,87,64047,0.4521829521829522
apple_scab_77.jpg,3654,1396,166,60320,0.8239007891770012
apple_scab_8.jpg,1031,1451,338,62716,0.53544533887302
apple_scab_85.jpg,239,162,9,65126,0.736517719568567
apple_scab_google_0000.jpg,1723,788,231,62794,0.7717805151175812
apple_scab_google_0018.jpg,1469,1946,347,61774,0.5616516918371248
apple_scab_google_0020.jpg,3244,3058,140,59094,0.6698327482965104
apple_scab_google_0023.jpg,3129,1138,687,60582,0.7742174935048868
apple_scab_google_0031.jpg,5208,2257,1962,56109,0.7117184830884865
apple_scab_google_0036.jpg,8370,1152,433,55581,0.913506139154161
apple_scab_google_0037.jpg,12656,1917,486,50477,0.9132960490709002
apple_scab_google_0045.jpg,4784,2131,1676,56945,0.7153644859813084
apple_scab_google_0065.jpg,831,207,2213,62285,0.4071533561979422
apple_scab_google_0093.jpg,2152,1798,172,61414,0.6860057379662098
apple_scab_google_0106.jpg,2240,3216,151,59929,0.5709188224799286
apple_scab_google_0107.jpg,3381,3584,2317,56254,0.5339966832504146
apple_scab_google_0119.jpg,1334,1858,80,62264,0.579244463742944
apple_scab_google_0121.jpg,65,2821,24,62626,0.043697478991596636
apple_scab_google_0124.jpg,131,973,198,64234,0.18283321702721564
apple_scab_google_0130.jpg,1495,1852,2351,59838,0.415681912970944
apple_scab_google_0132.jpg,406,2868,150,62112,0.21201044386422976
apple_scab_google_0153.jpg,425,2062,18,63031,0.2901023890784983
apple_scab_google_0200.jpg,4628,1718,807,58383,0.7856718444953739
apple_scab_google_0203.jpg,9219,2535,132,53650,0.8736318407960199
apple_scab_google_0230.jpg,12922,2553,158,49903,0.905060409735598
apple_scab_google_0238.jpg,8955,9645,119,46817,0.6471778564717786
apple_scab_google_0244.jpg,9154,3706,660,52016,0.80744465026021
apple_scab_google_0245.jpg,17750,909,8507,38370,0.7903642354617508
apple_scab_google_0247.jpg,2036,2880,18,60602,0.5842180774748924
apple_scab_google_0256.jpg,5792,7407,180,52157,0.6042459965573
apple_scab_google_0268.jpg,171,1852,20,63493,0.15447154471544716
apple_scab_google_0270.jpg,9168,1489,155,54724,0.9177177177177177
apple_scab_google_0273.jpg,1431,2411,88,61606,0.5338556239507555
apple_scab_google_0283.jpg,2024,1576,96,61840,0.7076923076923077
apple_scab_google_0284.jpg,64,4362,5,61105,0.028476084538375974
apple_scab_google_0288.jpg,42,339,3146,62009,0.023536004483048472
apple_scab_google_0297.jpg,909,1966,171,62490,0.45967130214917823
apple_scab_google_0300.jpg,3293,3316,730,58197,0.6194507148231754
apple_scab_google_0305.jpg,2223,1131,558,61624,0.7246943765281174
apple_scab_google_0320.jpg,2714,1172,3152,58498,0.5566037735849056
apple_scab_google_0323.jpg,6189,3000,372,55975,0.7859047619047619
banana_anthracnose_Baidu_0008.jpg,26060,11592,688,27196,0.8093167701863354
banana_anthracnose_Baidu_0059.jpg,24478,3053,2911,35094,0.8914056809905316
banana_anthracnose_Bing_0004.jpg,670,834,2904,61128,0.26388341866876724
banana_anthracnose_Bing_0005.jpg,9321,473,6067,49675,0.7402906838217774
banana_anthracnose_Bing_0006.jpg,21484,194,8319,35539,0.8346380217944485
banana_anthracnose_Bing_0007.jpg,2240,98,703,62495,0.8483241810263208
banana_anthracnose_Bing_0022.jpg,1368,552,531,63085,0.7164179104477612
banana_anthracnose_Bing_0025.jpg,6894,6891,729,51022,0.6440582959641256
banana_anthracnose_Bing_0032.jpg,9242,760,2033,53501,0.8687314941016121
banana_anthracnose_Bing_0191.jpg,4883,3087,1152,56414,0.697322384862549
banana_anthracnose_Bing_0213.jpg,1139,2202,4009,58186,0.26834727294145366
banana_anthracnose_Google_0035.jpg,11846,14100,933,38657,0.6118011620400258
banana_anthracnose_Google_0206.jpg,24312,18448,170,22606,0.7231194788971179
banana_anthracnose_Google_0227.jpg,11317,16077,3533,34609,0.535792065145346
banana_black_leaf_streak_Baidu_0006.jpg,24160,4074,3565,33737,0.863489340409943
banana_black_leaf_streak_Baidu_0026.jpg,36159,750,10470,18157,0.8656898656898657
banana_black_leaf_streak_Baidu_0037.jpg,45317,3283,298,16638,0.9619911903624688
banana_black_leaf_streak_Baidu_0038.jpg,27013,3459,6080,28984,0.8499331393062219
banana_black_leaf_streak_Baidu_0056.jpg,27875,6906,531,30224,0.8823017392818143
banana_black_leaf_streak_Baidu_0075.jpg,7899,3503,249,53885,0.8080818414322251
banana_black_leaf_streak_Bing_0010.jpg,59331,1367,1310,3528,0.9779378435622512
banana_black_leaf_streak_Bing_0013.jpg,6924,492,2402,55718,0.8271413212280492
banana_black_leaf_streak_Bing_0015.jpg,13367,2404,2514,47251,0.844622772652597
banana_black_leaf_streak_Bing_0017.jpg,21139,2359,3902,38136,0.8710109396567709
banana_black_leaf_streak_Bing_0031.jpg,11991,5394,4417,43734,0.7096736010416358
banana_black_leaf_streak_Bing_0094.jpg,46164,1848,92,17432,0.9794203759494208
banana_black_leaf_streak_Bing_0124.jpg,13267,4885,15766,31618,0.5623397266080322
banana_black_leaf_streak_Bing_0251.jpg,24330,747,4720,35739,0.898996803813254
banana_black_leaf_streak_Bing_0358.jpg,55153,3041,2432,4910,0.9527289059328549
banana_black_leaf_streak_banana black sigatoka (100).jpg,13561,465,23357,28153,0.5323885050251256
banana_black_leaf_streak_banana black sigatoka (103).jpg,42322,646,13512,9056,0.8567033056011012
banana_black_leaf_streak_banana black sigatoka (12).jpg,12892,5210,722,46712,0.812965064951444
banana_black_leaf_streak_banana black sigatoka (2).jpg,22154,298,10320,32764,0.8066853584823217
banana_black_leaf_streak_banana black sigatoka (21).jpg,6493,1847,4005,53191,0.6893513111795307
banana_black_leaf_streak_banana black sigatoka (22).jpg,37446,266,18105,9719,0.8030194182044327
banana_black_leaf_streak_banana black sigatoka (26).jpg,17503,2064,3663,42306,0.8594014680971203
banana_black_leaf_streak_banana black sigatoka (28).jpg,13153,2618,2695,47070,0.8319681204339163
banana_black_leaf_streak_banana black sigatoka (36).jpg,11288,3745,4616,45887,0.7297410867246339
banana_black_leaf_streak_banana black sigatoka (42).jpg,51080,2674,427,11355,0.9705398960678694
banana_black_leaf_streak_banana black sigatoka (48).jpg,21572,1664,1263,41037,0.9364676260554362
banana_black_leaf_streak_banana black sigatoka (5).jpg,38827,608,4483,21618,0.9384736237839144
banana_black_leaf_streak_banana black sigatoka (56).jpg,33790,4426,835,26485,0.9277741931055312
banana_black_leaf_streak_banana black sigatoka (58).jpg,3605,334,1826,59771,0.7694770544290288
banana_black_leaf_streak_banana black sigatoka (77).jpg,60645,1268,22,3601,0.9894762604013705
banana_black_leaf_streak_banana black sigatoka (81).jpg,19293,13706,3731,28806,0.6887528336576049
banana_black_leaf_streak_banana black sigatoka (82).jpg,37236,486,2296,25518,0.96398891966759
banana_black_leaf_streak_banana black sigatoka (91).jpg,41346,2139,80,21971,0.9738667546018772
banana_bunchy_top_Baidu_0000.jpg,1341,231,1502,62462,0.6074745186862968
banana_bunchy_top_Baidu_0014.jpg,53,1996,7154,56333,0.011452031114952464
banana_bunchy_top_Baidu_0017.jpg,2437,2770,6591,53738,0.34239550403933966
banana_bunchy_top_Baidu_0019.jpg,2512,12278,627,50119,0.2802164091695019
banana_bunchy_top_Baidu_0034.jpg,1222,4988,1648,57678,0.2691629955947137
banana_bunchy_top_Baidu_0047.jpg,904,400,679,63553,0.6262556286802909
banana_bunchy_top_Baidu_0056.jpg,2193,191,3646,59506,0.5333819773805181
banana_bunchy_top_Baidu_0064.jpg,1571,8641,963,54361,0.24650870861446728
banana_bunchy_top_Baidu_0084.jpg,802,1845,1400,61489,0.33078985357805735
banana_bunchy_top_Baidu_0140.jpg,580,6554,935,57467,0.13411955139322465
banana_bunchy_top_Bing_0020.jpg,0,0,731,64805,0.0
banana_bunchy_top_Bing_0035.jpg,152,5440,522,59422,0.04851579955314395
banana_bunchy_top_Bing_0098.jpg,396,7366,1858,55916,0.07907348242811502
banana_bunchy_top_Bing_0100.jpg,675,6059,1,58801,0.18218623481781376
banana_bunchy_top_Bing_0105.jpg,74,520,1441,63501,0.07017543859649122
banana_bunchy_top_Bing_0136.jpg,440,1704,4378,59014,0.12640045963803503
banana_bunchy_top_Bing_0140.jpg,1724,851,2664,60297,0.4951888553784288
banana_bunchy_top_Bing_0152.jpg,3675,4912,2091,54858,0.5120880652128474
banana_bunchy_top_Bing_0165.jpg,0,0,1757,63779,0.0
banana_bunchy_top_Bing_0173.jpg,1602,1858,3021,59055,0.3963874798960782
banana_bunchy_top_Bing_0256.jpg,2323,2351,7775,53087,0.31451394530192256
banana_bunchy_top_Bing_0260.jpg,321,55,4363,60797,0.12687747035573121
banana_bunchy_top_Bing_0262.jpg,272,1,2513,62750,0.17789404839764553
banana_bunchy_top_Bing_0291.jpg,582,738,1467,62749,0.3455031166518255
banana_bunchy_top_Bing_0306.jpg,217,5880,11965,47474,0.023743093167022267
banana_bunchy_top_Bing_0333.jpg,5529,785,4843,54379,0.6627112549442646
banana_bunchy_top_Bing_0334.jpg,9120,2252,3242,50922,0.7685177382657791
banana_bunchy_top_Google_0037.jpg,2623,4567,2022,56324,0.44326151246303336
banana_bunchy_top_Google_0050.jpg,6906,226,21159,37245,0.3924198085064068
banana_bunchy_top_Google_0096.jpg,3551,128,11423,50434,0.38074304401436765
banana_bunchy_top_Google_0104.jpg,6388,1438,3273,54437,0.7305998741922571
banana_cigar_end_rot_Bing_0002.jpg,11686,1677,656,51517,0.9092394475782921
banana_cigar_end_rot_Bing_0007.jpg,7984,657,385,56510,0.9387419165196943
banana_cigar_end_rot_Bing_0014.jpg,4928,512,3699,56397,0.7006469041017985
banana_cigar_end_rot_Bing_0022.jpg,2357,178,42,62959,0.9554114308877178
banana_cigar_end_rot_Bing_0024.jpg,6259,1143,44,58090,0.9133892739875957
banana_cigar_end_rot_Bing_0025.jpg,1760,375,831,62570,0.7448159119763013
banana_cigar_end_rot_Bing_0072.jpg,7504,7102,2841,48089,0.6014989379183199
banana_cigar_end_rot_Bing_0260.jpg,904,2629,283,61720,0.38305084745762713
banana_cigar_end_rot_Google_0101.jpg,3656,7780,1572,52528,0.4387902064330293
banana_cigar_end_rot_Google_0131.jpg,8250,1365,3253,52668,0.7813239890141112
banana_cigar_end_rot_Google_0201.jpg,177,1987,2448,60924,0.07391939862184171
banana_cigar_end_rot_Google_0306.jpg,1970,7656,73,55837,0.3376467563630131
banana_cordana_leaf_spot_Baidu_0064.jpg,6060,861,494,58121,0.8994434137291281
banana_cordana_leaf_spot_Baidu_0114.jpg,15655,533,1015,48333,0.952888185525595
banana_cordana_leaf_spot_Bing_0007.jpg,10780,1671,346,52739,0.914450523815583
banana_cordana_leaf_spot_Bing_0011.jpg,9899,185,501,54951,0.9665104471782855
banana_cordana_leaf_spot_Bing_0012.jpg,5358,697,456,59025,0.9028561799646136
banana_cordana_leaf_spot_Bing_0021.jpg,4957,996,3106,56477,0.7073344748858448
banana_cordana_leaf_spot_Bing_0024.jpg,8269,391,419,56457,0.9533087387595112
banana_cordana_leaf_spot_Bing_0026.jpg,11366,500,563,53107,0.9553267493170834
banana_cordana_leaf_spot_Bing_0037.jpg,23507,3834,1530,36665,0.897590591469701
banana_cordana_leaf_spot_Bing_0093.jpg,15882,1300,19029,29325,0.6097556293551917
banana_cordana_leaf_spot_Bing_0147.jpg,2009,244,228,63055,0.8948775055679288
banana_panama_disease_116.jpg,4885,2246,4180,54225,0.603235366757224
banana_panama_disease_121.jpg,16243,1931,5575,41787,0.8123124624924986
banana_panama_disease_126.jpg,1113,28531,2388,33504,0.06715945089757128
banana_panama_disease_14.jpg,5257,2265,723,57291,0.7786994519330469
banana_panama_disease_15.jpg,4195,1622,1473,58246,0.7305180670439704
banana_panama_disease_42.jpg,1539,5881,1204,56912,0.3028633277575519
banana_panama_disease_6.jpg,1764,917,1948,60907,0.5518535898639136
banana_panama_disease_google_0003.jpg,2913,1530,3916,57177,0.5168559261887864
banana_panama_disease_google_0011.jpg,32729,4543,27,28237,0.9347403895584623
banana_panama_disease_google_0014.jpg,38406,633,13337,13160,0.8461148685862836
banana_panama_disease_google_0064.jpg,24135,1016,846,39539,0.9628580547354982
banana_panama_disease_google_0083.jpg,2147,1791,345,61253,0.6678071539657854
banana_panama_disease_google_0116.jpg,33856,5100,17,26563,0.929739526836837
basil_downy_mildew_google_0003.jpg,7653,4276,1279,52328,0.7337136283016155
basil_downy_mildew_google_0031.jpg,18483,10188,23,36842,0.7835597854886915
basil_downy_mildew_google_0046.jpg,18701,1000,95,45740,0.9715562251604021
basil_downy_mildew_google_0049.jpg,6520,1126,2765,55125,0.7701848679936212
basil_downy_mildew_google_0050.jpg,5337,1644,3412,55143,0.6785759694850604
basil_downy_mildew_google_0067.jpg,11533,3690,1266,49047,0.8231389622439512
basil_downy_mildew_google_0068.jpg,4823,6428,212,54073,0.5922878545990421
basil_downy_mildew_google_0073.jpg,10329,6253,33,48921,0.7667013064133017
basil_downy_mildew_google_0079.jpg,10539,1317,4002,49678,0.7984998295260826
basil_downy_mildew_google_0083.jpg,775,12848,0,51913,0.10765384081122378
basil_downy_mildew_google_0084.jpg,9575,3673,33,52255,0.837854392719636
basil_downy_mildew_google_0091.jpg,7828,2536,1290,53882,0.8036135920336721
basil_downy_mildew_google_0167.jpg,6403,9670,44,49419,0.5686500888099467
bean_halo_blight_11.jpg,5039,776,4626,55095,0.6510335917312662
bean_halo_blight_2.jpg,14674,2546,2796,45520,0.8460074949553186
bean_halo_blight_7.jpg,12176,1193,3409,48758,0.8410582302963321
bean_halo_blight_google_0075.jpg,5327,857,947,58405,0.855193449991973
bean_halo_blight_google_0093.jpg,0,0,854,64682,0.0
bean_halo_blight_google_0113.jpg,3511,482,5000,56543,0.5615802943058221
bean_halo_blight_google_0118.jpg,9570,1850,3030,51086,0.7968359700249792
bean_halo_blight_google_0120.jpg,9328,15902,145,40161,0.5375904100510043
bean_halo_blight_google_0136.jpg,2603,4345,2304,56284,0.43913960354280895
bean_halo_blight_google_0189.jpg,1332,10170,873,53161,0.1943532501641497
bean_halo_blight_google_0212.jpg,1610,265,2021,61640,0.5848165637486379
bean_mosaic_virus_188.jpg,10658,323,6739,47816,0.7511452533652829
bean_mosaic_virus_24.jpg,4504,511,2618,57903,0.7421932932355607
bean_mosaic_virus_30.jpg,23221,277,498,41540,0.9835864201452866
bean_mosaic_virus_32.jpg,23778,442,13512,27804,0.7731425784425296
bean_mosaic_virus_5.jpg,2226,615,1764,60931,0.6517347386912604
bean_mosaic_virus_google_0016.jpg,28847,2844,408,33437,0.9466412890099433
bean_mosaic_virus_google_0023.jpg,9240,3122,62,53112,0.8530280649926145
bean_mosaic_virus_google_0025.jpg,6779,252,4231,54274,0.7515104484230364
bean_mosaic_virus_google_0069.jpg,14800,592,17102,33042,0.6258722036621982
bean_mosaic_virus_google_0098.jpg,21238,1622,3262,39414,0.896875
bean_mosaic_virus_google_0113.jpg,21793,161,338,43244,0.9886809572416921
bean_mosaic_virus_google_0139.jpg,10374,2771,375,52016,0.8683351468988031
bean_rust_16.jpg,41436,1268,529,22303,0.9787761754597314
bean_rust_178.jpg,59041,345,36,6114,0.9967838059140829
bean_rust_189.jpg,15156,337,2166,47877,0.9237239067499619
bean_rust_19.jpg,15569,1422,10679,37866,0.7201369134346308
bean_rust_3.jpg,41335,620,2414,21167,0.9645990852235602
bean_rust_40.jpg,21123,1789,610,42014,0.9462649792809945
bean_rust_42.jpg,40921,2181,655,21779,0.9665084201327382
bean_rust_8.jpg,6407,407,19413,39309,0.3926579640865355
bean_rust_google_0009.jpg,31989,367,2338,30842,0.9594349384400822
bean_rust_google_0018.jpg,35538,1142,2018,26838,0.9574330513497494
bean_rust_google_0026.jpg,46507,78,12769,6182,0.8786427485098384
bean_rust_google_0031.jpg,15263,5182,737,44354,0.8375908903827686
bean_rust_google_0042.jpg,50050,361,3651,11474,0.9614645766098048
bean_rust_google_0045.jpg,24522,6707,478,33829,0.8722189617457184
bean_rust_google_0051.jpg,34213,716,3477,27130,0.9422602900067475
bean_rust_google_0052.jpg,13043,11164,33,41296,0.6996754553013438
bean_rust_google_0063.jpg,47692,4391,81,13372,0.9552155103348823
bean_rust_google_0068.jpg,44160,87,14065,7224,0.8618939807947537
bean_rust_google_0072.jpg,21014,38,5434,39050,0.8848
bean_rust_google_0096.jpg,4406,7301,2420,51409,0.47547617762909405
bean_rust_google_0102.jpg,11687,23,46820,7006,0.33288235042795905
bean_rust_google_0103.jpg,16928,7799,3492,37317,0.7499058630695284
bean_rust_google_0130.jpg,19621,7583,365,37967,0.8315744861199407
bell_pepper_bacterial_spot_Bing_0002.jpg,2454,1102,501,61479,0.7538012594071571
bell_pepper_bacterial_spot_Bing_0003.jpg,7325,2333,623,55255,0.8321026922640009
bell_pepper_bacterial_spot_Bing_0005.jpg,1169,1836,291,62240,0.5236282194848825
bell_pepper_bacterial_spot_Bing_0008.jpg,4320,12121,38,49057,0.4154045867589788
bell_pepper_bacterial_spot_Bing_0019.jpg,2116,856,1921,60643,0.603795120559281
bell_pepper_bacterial_spot_Bing_0022.jpg,3595,14477,58,47406,0.33095512082853856
bell_pepper_bacterial_spot_Bing_0028.jpg,3004,8003,293,54236,0.42002237136465326
bell_pepper_bacterial_spot_Bing_0036.jpg,1464,16544,3,47525,0.15034659820282414
bell_pepper_bacterial_spot_Bing_0054.jpg,539,692,115,64190,0.5718832891246685
bell_pepper_bacterial_spot_Bing_0055.jpg,484,283,96,64673,0.718634001484781
bell_pepper_bacterial_spot_Bing_0079.jpg,4451,5306,195,55584,0.6180656807609526
bell_pepper_bacterial_spot_Bing_0105.jpg,4979,14308,447,45802,0.4029458179905313
bell_pepper_bacterial_spot_Bing_0111.jpg,130,2301,7,63098,0.10124610591900311
bell_pepper_bacterial_spot_Bing_0119.jpg,266,3170,1514,60586,0.10199386503067484
bell_pepper_bacterial_spot_Bing_0164.jpg,1087,1237,239,62973,0.5956164383561644
bell_pepper_blossom_end_rot_Bing_0002.jpg,3589,6342,63,55542,0.5284546860045646
bell_pepper_blossom_end_rot_Bing_0004.jpg,17156,395,1248,46737,0.9543039910999861
bell_pepper_blossom_end_rot_Bing_0008.jpg,3040,249,88,62159,0.9474832476235001
bell_pepper_blossom_end_rot_Bing_0019.jpg,2528,111,67,62830,0.9659915934275889
bell_pepper_blossom_end_rot_Bing_0023.jpg,2071,338,574,62553,0.8195488721804511
bell_pepper_blossom_end_rot_Bing_0039.jpg,5358,229,1127,58822,0.8876739562624254
bell_pepper_blossom_end_rot_Bing_0046.jpg,16330,899,99,48208,0.9703488026620715
bell_pepper_blossom_end_rot_Bing_0051.jpg,1743,1814,12,61967,0.65625
bell_pepper_blossom_end_rot_Bing_0053.jpg,7156,469,87,57824,0.962604250739844
bell_pepper_blossom_end_rot_Bing_0064.jpg,11270,617,186,53463,0.9655999657284839
bell_pepper_blossom_end_rot_Bing_0074.jpg,17427,62,1774,46273,0.9499591169255928
bell_pepper_blossom_end_rot_Bing_0077.jpg,10919,2809,867,50941,0.8559222387708709
bell_pepper_blossom_end_rot_Bing_0083.jpg,2617,446,70,62403,0.9102608695652173
bell_pepper_blossom_end_rot_Bing_0112.jpg,2513,79,115,62829,0.9628352490421456
bell_pepper_blossom_end_rot_Bing_0195.jpg,627,180,1274,63455,0.4630723781388479
bell_pepper_blossom_end_rot_Bing_0198.jpg,5096,670,122,59648,0.9278951201747997
bell_pepper_blossom_end_rot_Bing_0229.jpg,3167,957,2242,59170,0.6644288261827337
bell_pepper_blossom_end_rot_Google_0044.jpg,2868,1172,55,61441,0.8237828522188712
bell_pepper_blossom_end_rot_Google_0058.jpg,6693,126,6151,52566,0.6807709912017494
bell_pepper_blossom_end_rot_Google_0089.jpg,1247,4303,42,59944,0.36467319783594093
bell_pepper_blossom_end_rot_Google_0247.jpg,1336,191,1114,62895,0.6718632134774956
bell_pepper_blossom_end_rot_Google_0352.jpg,17701,716,1717,45402,0.9356944627989956
bell_pepper_frogeye_leaf_spot_Bing_0002.jpg,699,2029,275,62533,0.37763371150729336
bell_pepper_frogeye_leaf_spot_Bing_0008.jpg,4317,40171,10,21038,0.17687186315681655
bell_pepper_frogeye_leaf_spot_Bing_0085.jpg,481,81,218,64756,0.7628865979381443
bell_pepper_frogeye_leaf_spot_Bing_0112.jpg,606,7493,12,57425,0.13903866008948032
bell_pepper_frogeye_leaf_spot_Google_0019.jpg,3430,1882,723,59501,0.7247754886423666
bell_pepper_frogeye_leaf_spot_Google_0049.jpg,1323,545,159,63509,0.7898507462686567
bell_pepper_powdery_mildew_Bing_0001.jpg,7227,168,326,57815,0.966952100615467
bell_pepper_powdery_mildew_Bing_0010.jpg,1089,1116,338,62993,0.599669603524229
bell_pepper_powdery_mildew_Bing_0035.jpg,6746,12439,183,46168,0.5166577314850271
bell_pepper_powdery_mildew_Bing_0079.jpg,22082,3510,447,39497,0.9177697886577586
bell_pepper_powdery_mildew_Google_0012.jpg,3404,2,25447,36683,0.21105496481383887
bell_pepper_powdery_mildew_Google_0118.jpg,15042,24822,3,25669,0.5478883243184177
blueberry_anthracnose_Bing_0004.jpg,4311,15080,36,46109,0.3632150981548572
blueberry_anthracnose_Bing_0005.jpg,21035,13640,471,30390,0.7488296755130738
blueberry_anthracnose_Bing_0006.jpg,5156,1570,318,58492,0.8452459016393442
blueberry_anthracnose_Bing_0011.jpg,9911,5478,975,49172,0.7544053282588011
blueberry_anthracnose_Bing_0067.jpg,31350,538,622,33026,0.981835264641403
blueberry_anthracnose_Bing_0128.jpg,1331,4511,7,59687,0.37075208913649027
blueberry_anthracnose_Bing_0141.jpg,23001,174,674,41687,0.9818996798292423
blueberry_anthracnose_Bing_0145.jpg,24323,5033,11820,24360,0.7426983618070505
blueberry_botrytis_blight_Bing_0015.jpg,1902,488,238,62908,0.8397350993377484
blueberry_botrytis_blight_Bing_0021.jpg,1731,1269,319,62217,0.6855445544554456
blueberry_botrytis_blight_Bing_0033.jpg,3055,10639,111,51731,0.3623962040332147
blueberry_botrytis_blight_Bing_0058.jpg,743,5744,232,58817,0.1991423210935406
blueberry_botrytis_blight_Bing_0158.jpg,428,3517,86,61505,0.19197129401211033
blueberry_botrytis_blight_Google_0224.jpg,1622,1630,174,62110,0.6426307448494454
blueberry_botrytis_blight_Google_0237.jpg,415,1357,571,63193,0.3009427121102248
blueberry_mummy_berry_Bing_0006.jpg,6247,184,18816,40289,0.39671048453673713
blueberry_mummy_berry_Bing_0024.jpg,3860,2272,1180,58224,0.6910132474042249
blueberry_mummy_berry_Bing_0041.jpg,4190,13458,390,47498,0.3770019794853338
blueberry_mummy_berry_Bing_0174.jpg,14176,259,588,50513,0.9709921572656598
blueberry_mummy_berry_Bing_0210.jpg,1434,2152,57,61893,0.5649005318101241
blueberry_mummy_berry_Bing_0253.jpg,9203,1544,426,54363,0.9033176285826463
blueberry_mummy_berry_Google_0038.jpg,27228,250,4055,34003,0.9267371215602185
blueberry_mummy_berry_Google_0051.jpg,5018,7257,48,53213,0.5787440170693732
blueberry_mummy_berry_Google_0068.jpg,31768,10613,10651,12504,0.749245283018868
blueberry_rust_6.jpg,1535,8215,201,55585,0.2672819084102386
blueberry_rust_google_0004.jpg,11746,5781,1442,46567,0.7648380270226274
blueberry_rust_google_0016.jpg,5587,705,2036,57208,0.8030183255479698
blueberry_rust_google_0024.jpg,6871,1629,1367,55669,0.8210060939180308
blueberry_rust_google_0029.jpg,6828,1432,7881,49395,0.5945404675867474
blueberry_rust_google_0031.jpg,1650,1671,3815,58400,0.37559754154336444
blueberry_rust_google_0044.jpg,6524,1649,1333,56030,0.8139737991266376
blueberry_rust_google_0053.jpg,3317,173,5301,56745,0.5479022134126198
blueberry_rust_google_0075.jpg,3284,964,1185,60103,0.7534702305839165
blueberry_scorch_Bing_0011.jpg,12204,1072,121,52139,0.9534002578024295
blueberry_scorch_Bing_0031.jpg,4672,865,2753,57246,0.7208764079617344
blueberry_scorch_Bing_0039.jpg,1581,2506,532,60917,0.51
blueberry_scorch_Bing_0040.jpg,4614,2370,589,57963,0.7572002953967343
blueberry_scorch_Bing_0050.jpg,5841,406,2176,57113,0.8189848569826136
blueberry_scorch_Bing_0062.jpg,7014,3030,2851,52641,0.704605957104827
blueberry_scorch_Bing_0213.jpg,5258,1199,1416,57663,0.800852943416343
blueberry_scorch_Bing_0221.jpg,490,1452,1926,61668,0.22487379531895366
blueberry_scorch_Google_0108.jpg,1372,1166,3126,59872,0.3899943149516771
broccoli_alternaria_leaf_spot_Bing_0000.jpg,3254,4744,314,57224,0.5626837281687705
broccoli_alternaria_leaf_spot_Bing_0019.jpg,513,73,11412,53538,0.08200783310686596
broccoli_alternaria_leaf_spot_Bing_0021.jpg,0,12803,0,52733,0.0
broccoli_alternaria_leaf_spot_Bing_0023.jpg,0,9669,0,55867,0.0
broccoli_alternaria_leaf_spot_Bing_0045.jpg,0,12553,0,52983,0.0
broccoli_alternaria_leaf_spot_Bing_0048.jpg,7560,969,7,57000,0.9393638170974155
broccoli_alternaria_leaf_spot_Bing_0054.jpg,0,41859,0,23677,0.0
broccoli_alternaria_leaf_spot_Bing_0059.jpg,1201,845,101,63389,0.7174432497013142
broccoli_alternaria_leaf_spot_Bing_0060.jpg,9300,3801,174,52261,0.8239202657807309
broccoli_alternaria_leaf_spot_Bing_0119.jpg,558,1101,0,63877,0.503382949932341
broccoli_alternaria_leaf_spot_Google_0005.jpg,7758,19256,82,38440,0.44517128593561717
broccoli_alternaria_leaf_spot_Google_0052.jpg,1853,4022,262,59399,0.46382978723404256
broccoli_alternaria_leaf_spot_Google_0057.jpg,10998,25559,157,28822,0.46101609657947684
broccoli_downy_mildew_30.jpg,40458,16293,778,8007,0.8257830120322084
broccoli_downy_mildew_40.jpg,26113,4316,1566,33541,0.8987746953947822
broccoli_downy_mildew_9.jpg,976,5718,1987,56855,0.20213316765040903
broccoli_downy_mildew_google_0048.jpg,3881,11307,87,50261,0.40519941532679055
broccoli_downy_mildew_google_0222.jpg,21312,2002,5600,36622,0.8486441285390037
broccoli_downy_mildew_google_0256.jpg,18745,5680,3221,37890,0.8081308874566188
broccoli_ring_spot_Bing_0002.jpg,4150,3848,256,57282,0.6691389874234118
broccoli_ring_spot_Bing_0018.jpg,8832,3685,41,52978,0.8258064516129032
broccoli_ring_spot_Bing_0047.jpg,7214,1315,0,57007,0.9164708124245696
cabbage_alternaria_leaf_spot_16.jpg,22250,147,28162,14977,0.6111881772857751
cabbage_alternaria_leaf_spot_29.jpg,12546,3198,8338,41454,0.6850496887626952
cabbage_alternaria_leaf_spot_3.jpg,11369,538,16425,37204,0.5727311654618271
cabbage_alternaria_leaf_spot_48.jpg,8531,5313,185,51507,0.7562943262411348
cabbage_alternaria_leaf_spot_6.jpg,14429,278,24037,26792,0.5427190491414816
cabbage_alternaria_leaf_spot_google_0020.jpg,8362,364,4215,52595,0.7850537482983617
cabbage_alternaria_leaf_spot_google_0021.jpg,24265,3320,4660,33291,0.8587860555653867
cabbage_alternaria_leaf_spot_google_0026.jpg,15703,3695,2274,43864,0.8402943143812709
cabbage_alternaria_leaf_spot_google_0057.jpg,7565,1074,741,56156,0.8928887577456477
cabbage_alternaria_leaf_spot_google_0128.jpg,22196,1103,21802,20435,0.6596430747284425
cabbage_alternaria_leaf_spot_google_0148.jpg,7298,2203,643,55392,0.8368306386882238
cabbage_alternaria_leaf_spot_google_0206.jpg,771,336,939,63490,0.5473908413205538
cabbage_alternaria_leaf_spot_google_0341.jpg,6746,1454,246,57090,0.8880989994734071
cabbage_black_rot_Bing_0002.jpg,4391,4561,441,56143,0.6371154962275102
cabbage_black_rot_Bing_0006.jpg,2762,31056,1762,29956,0.14407177507693913
cabbage_black_rot_Bing_0007.jpg,1587,539,501,62909,0.7532036070242051
cabbage_black_rot_Bing_0015.jpg,12138,737,594,52067,0.9480220252274769
cabbage_black_rot_Bing_0018.jpg,2576,1992,3774,57194,0.47188129694083164
cabbage_black_rot_Bing_0019.jpg,1963,1535,512,61526,0.6572911434789888
cabbage_black_rot_Bing_0039.jpg,24691,8672,1790,30383,0.8251787982086759
cabbage_black_rot_Bing_0052.jpg,1142,793,309,63292,0.674542232722977
cabbage_black_rot_Bing_0058.jpg,2380,30608,1589,30959,0.12879833319804096
cabbage_black_rot_Bing_0070.jpg,8316,5928,944,50348,0.7076242341729068
cabbage_black_rot_Bing_0080.jpg,5609,2203,93,57631,0.8301021163238124
cabbage_black_rot_Bing_0097.jpg,9206,818,1756,53756,0.8773468026303249
cabbage_black_rot_Bing_0106.jpg,1679,13026,1718,49113,0.1855043641586565
cabbage_black_rot_Bing_0114.jpg,4634,3500,203,57199,0.7145169994603346
cabbage_black_rot_Bing_0145.jpg,374,448,476,64238,0.4473684210526316
cabbage_black_rot_Bing_0195.jpg,489,690,256,64101,0.5083160083160083
cabbage_black_rot_Bing_0210.jpg,779,539,419,63799,0.6192368839427663
cabbage_black_rot_Bing_0217.jpg,1834,544,484,62674,0.7810902896081772
cabbage_black_rot_Bing_0218 - Copy.jpg,9593,2777,3171,49995,0.763348452295695
cabbage_black_rot_Google_0101.jpg,9898,1044,881,53713,0.911376087657106
cabbage_black_rot_Google_0110.jpg,9089,1646,948,53853,0.8751203543231273
cabbage_black_rot_Google_0151.jpg,1769,1731,692,61344,0.5935245764133534
cabbage_black_rot_Google_0208.jpg,2637,572,803,61524,0.7932019852609415
cabbage_black_rot_Google_0262.jpg,4340,3755,657,56784,0.6630003055300947
cabbage_black_rot_Google_0328.jpg,19222,205,21774,24335,0.6362477864389389
cabbage_black_rot_Google_0343.jpg,45,2624,600,62267,0.02715751357875679
cabbage_downy_mildew_Bing_0008.jpg,6923,10630,29,47954,0.5650275453988982
cabbage_downy_mildew_Bing_0012.jpg,5503,14275,68,45690,0.43417886307152154
cabbage_downy_mildew_Bing_0026.jpg,4839,646,2230,57821,0.7709096702246296
cabbage_downy_mildew_Bing_0035.jpg,4444,13919,40,47133,0.3890226287915262
cabbage_downy_mildew_Bing_0039.jpg,2058,1546,385,61547,0.6806680998842402
cabbage_downy_mildew_Bing_0043.jpg,3192,14678,389,47277,0.2976085031000886
cabbage_downy_mildew_Bing_0046.jpg,17303,31465,366,16402,0.5208844469196382
cabbage_downy_mildew_Bing_0053.jpg,4533,5115,320,55568,0.6251982621888146
cabbage_downy_mildew_Bing_0055.jpg,8611,12859,634,43432,0.5607032394595475
cabbage_downy_mildew_Bing_0065.jpg,2320,2625,412,60179,0.6044027614953758
cabbage_downy_mildew_Bing_0081.jpg,2891,2316,493,59836,0.6730299150273542
cabbage_downy_mildew_Bing_0124.jpg,5073,1876,78,58509,0.8385123966942148
cabbage_downy_mildew_Bing_0133.jpg,3512,422,311,61291,0.905504705427356
cabbage_downy_mildew_Bing_0159.jpg,20018,894,516,44108,0.9659798291753124
cabbage_downy_mildew_Bing_0163.jpg,59488,115,131,5802,0.9979366224354566
cabbage_downy_mildew_Bing_0190.jpg,4817,763,30,59926,0.9239474441354176
cabbage_downy_mildew_Google_0295.jpg,13614,6514,6269,39139,0.680512858963785
carrot_alternaria_leaf_blight_Bing_0014.jpg,9966,7520,4183,43867,0.6300616405879563
carrot_alternaria_leaf_blight_Bing_0019.jpg,8552,14631,2964,39389,0.49292486815181996
carrot_alternaria_leaf_blight_Bing_0046.jpg,10616,15080,491,39349,0.5769094910740972
carrot_alternaria_leaf_blight_Bing_0063.jpg,1822,8691,22167,32856,0.10561706567735203
carrot_alternaria_leaf_blight_Bing_0071.jpg,967,820,4813,58936,0.2555834544733712
carrot_alternaria_leaf_blight_Bing_0073.jpg,16911,633,4978,43014,0.8577080110567291
carrot_alternaria_leaf_blight_Bing_0075.jpg,8085,824,3370,53257,0.7940483205657042
carrot_alternaria_leaf_blight_Bing_0091.jpg,9571,27247,6149,22569,0.36434580684456963
carrot_alternaria_leaf_blight_Bing_0110.jpg,17540,10689,3240,34067,0.715786896284356
carrot_alternaria_leaf_blight_Bing_0161.jpg,10385,1072,6245,47834,0.739488019368391
carrot_alternaria_leaf_blight_Bing_0184.jpg,2462,624,5774,56676,0.43490549372902315
carrot_alternaria_leaf_blight_Google_0060.jpg,1656,18362,452,45066,0.1496881496881497
carrot_cavity_spot_1.jpg,9479,1439,2572,52046,0.8253733292698855
carrot_cavity_spot_google_0000.jpg,6259,8368,622,50287,0.5820159940487261
carrot_cavity_spot_google_0003.jpg,1992,4486,193,58865,0.45988687521643773
carrot_cavity_spot_google_0008.jpg,28343,979,4813,31401,0.9072953679695253
carrot_cavity_spot_google_0022.jpg,2341,921,4009,58265,0.48709945900957136
carrot_cavity_spot_google_0033.jpg,4455,1061,4397,55623,0.6201280623608018
carrot_cavity_spot_google_0108.jpg,124,464,515,64433,0.20211898940505296
carrot_cavity_spot_google_0137.jpg,3240,2253,4646,55397,0.4843411316241872
carrot_cavity_spot_google_0140.jpg,304,0,3770,61462,0.13887619917770672
carrot_cavity_spot_google_0152.jpg,612,5442,273,59209,0.17639429312581065
carrot_cavity_spot_google_0161.jpg,8036,106,17588,39806,0.47598175679677784
carrot_cavity_spot_google_0177.jpg,906,984,221,63425,0.600596619158104
carrot_cavity_spot_google_0180.jpg,1295,213,820,63208,0.7148771736130278
carrot_cavity_spot_google_0193.jpg,205,30,2565,62736,0.13643926788685523
carrot_cercospora_leaf_blight_Bing_0001.jpg,265,1267,931,63073,0.1942815249266862
carrot_cercospora_leaf_blight_Bing_0009.jpg,6527,4816,2796,51397,0.631665537597987
carrot_cercospora_leaf_blight_Bing_0055.jpg,5107,4626,1475,54328,0.6260496475635918
carrot_cercospora_leaf_blight_Bing_0212.jpg,147,163,681,64545,0.2583479789103691
cauliflower_alternaria_leaf_spot_148.jpg,1836,280,106,63314,0.9048792508624939
cauliflower_alternaria_leaf_spot_154.jpg,8046,2424,2134,52932,0.779273607748184
cauliflower_alternaria_leaf_spot_google_0002.jpg,3185,4559,56,57736,0.5798816568047337
cauliflower_alternaria_leaf_spot_google_0003.jpg,28777,7737,542,28480,0.874242401227348
cauliflower_alternaria_leaf_spot_google_0024.jpg,6925,28864,702,29045,0.3190068177630367
cauliflower_alternaria_leaf_spot_google_0028.jpg,24827,6983,253,33473,0.8728071717349271
cauliflower_alternaria_leaf_spot_google_0037.jpg,17185,6317,666,41368,0.8311367978139433
cauliflower_alternaria_leaf_spot_google_0042.jpg,6037,740,484,58275,0.9079560836215972
cauliflower_alternaria_leaf_spot_google_0045.jpg,4773,36034,0,24729,0.20943396226415095
cauliflower_alternaria_leaf_spot_google_0061.jpg,18693,3418,10748,32677,0.7252094972067039
cauliflower_alternaria_leaf_spot_google_0203.jpg,7581,2648,1425,53882,0.7882505848713283
cauliflower_bacterial_soft_rot_Bing_0009.jpg,8659,62,33712,23103,0.3389571752916308
cauliflower_bacterial_soft_rot_Bing_0021.jpg,17871,67,5030,42568,0.8751928303827224
cauliflower_bacterial_soft_rot_Bing_0034.jpg,10593,10527,349,44067,0.6607822344208096
cauliflower_bacterial_soft_rot_Bing_0094.jpg,11488,624,509,52915,0.9530051018291924
cauliflower_bacterial_soft_rot_Bing_0124.jpg,2521,2309,1048,59658,0.6003095606619836
cauliflower_bacterial_soft_rot_Bing_0132.jpg,9330,9912,105,46189,0.6506956794643791
cauliflower_bacterial_soft_rot_Bing_0205.jpg,1698,3155,42,60641,0.5150917639921129
celery_anthracnose_google_0003.jpg,89,2052,217,63178,0.07274213322435635
celery_anthracnose_google_0005.jpg,6,6261,40,59229,0.0019008395374623792
celery_anthracnose_google_0007.jpg,0,707,3396,61433,0.0
celery_anthracnose_google_0035.jpg,872,3971,13,60680,0.30446927374301674
celery_anthracnose_google_0087.jpg,3467,82,3236,58751,0.6763558330081936
celery_anthracnose_google_0090.jpg,1176,2814,547,60999,0.4116926308419394
celery_early_blight_2.jpg,6744,1078,161,57553,0.9158688123854145
celery_early_blight_52.jpg,598,14683,148,50107,0.07462407187870469
celery_early_blight_58.jpg,8200,1272,1009,55055,0.8778973288367861
celery_early_blight_9.jpg,3675,3832,274,57755,0.6415851955307262
celery_early_blight_google_0001.jpg,5855,10528,1841,47312,0.48631587690518707
celery_early_blight_google_0009.jpg,1272,982,277,63005,0.6689455692874047
celery_early_blight_google_0163.jpg,5085,7990,1223,51238,0.5246865810246092
cherry_leaf_spot_12.jpg,1381,7371,394,56390,0.2623729457585257
cherry_leaf_spot_15.jpg,15269,9687,256,40324,0.7543785973666658
cherry_leaf_spot_32.jpg,1692,4752,153,58939,0.40825190010857765
cherry_leaf_spot_34.jpg,4003,5702,38,55793,0.5824239778844755
cherry_leaf_spot_35.jpg,327,296,154,64759,0.592391304347826
cherry_leaf_spot_63.jpg,2905,2845,452,59334,0.6379707916986933
cherry_leaf_spot_70.jpg,13091,2681,645,49119,0.8872848041209164
cherry_leaf_spot_google_0024.jpg,449,899,111,64077,0.47064989517819705
cherry_leaf_spot_google_0042.jpg,176,941,57,64362,0.2607407407407407
cherry_leaf_spot_google_0053.jpg,11612,2436,3081,48407,0.8080442573327302
cherry_leaf_spot_google_0054.jpg,2573,1027,57,61879,0.8260032102728732
cherry_leaf_spot_google_0064.jpg,74,3321,77,62064,0.04173716864072194
cherry_leaf_spot_google_0065.jpg,4717,6491,748,53580,0.565824986505128
cherry_leaf_spot_google_0079.jpg,966,741,1736,62093,0.4381946019505557
cherry_leaf_spot_google_0088.jpg,34562,2960,76,27938,0.9579268292682926
cherry_leaf_spot_google_0154.jpg,2299,2681,13,60543,0.6305540318156885
cherry_leaf_spot_google_0180.jpg,2234,7372,1249,54681,0.3413553365421346
cherry_leaf_spot_google_0216.jpg,1102,4303,152,59979,0.33098062772188014
cherry_leaf_spot_google_0227.jpg,26426,1646,212,37252,0.9660391153354049
cherry_leaf_spot_google_0260.jpg,1503,4752,118,59163,0.38166582021330625
cherry_leaf_spot_google_0345.jpg,6656,23332,360,35188,0.3597448924440601
cherry_powdery_mildew_107.jpg,1978,1289,5236,57033,0.3774449002957733
cherry_powdery_mildew_2.jpg,9180,1407,924,54025,0.8873423227490214
cherry_powdery_mildew_60.jpg,5694,12381,1300,46161,0.4542662252183972
cherry_powdery_mildew_65.jpg,5213,2479,11847,45997,0.421218487394958
cherry_powdery_mildew_67.jpg,15344,3997,2413,43782,0.8272144050892232
cherry_powdery_mildew_76.jpg,8443,11809,1345,43939,0.5621171770972038
cherry_powdery_mildew_google_0062.jpg,25944,329,1268,37995,0.9701411610731981
citrus_canker_101.jpg,6173,2277,1517,55569,0.7649318463444857
citrus_canker_103.jpg,301,74,96,65065,0.7797927461139896
citrus_canker_105.jpg,10370,1714,3985,49467,0.7844472181247399
citrus_canker_107.jpg,2291,282,964,61999,0.7862045298558682
citrus_canker_11.jpg,2538,1578,6,61414,0.7621621621621621
citrus_canker_125.jpg,7224,446,652,57214,0.9293708992666924
citrus_canker_13.jpg,3160,195,143,62038,0.9492340042054671
citrus_canker_130.jpg,868,4625,382,59661,0.2574521726234614
citrus_canker_147.jpg,3684,192,1050,60610,0.8557491289198607
citrus_canker_149.jpg,12894,4798,608,47236,0.8266974418157338
citrus_canker_156.jpg,6028,3420,482,55606,0.7554831432510339
citrus_canker_159.jpg,6720,191,2297,56328,0.8437970868910095
citrus_canker_162.jpg,1731,263,1396,62146,0.6760398359695372
citrus_canker_163.jpg,2809,973,2940,58814,0.5894449690483685
citrus_canker_174.jpg,1477,786,2232,61041,0.49464166108506363
citrus_canker_184.jpg,988,158,1478,62912,0.5470653377630121
citrus_canker_196.jpg,330,284,139,64783,0.6094182825484764
citrus_canker_197.jpg,383,871,88,64194,0.44405797101449274
citrus_canker_21.jpg,3321,63,766,61386,0.8890376121001204
citrus_canker_22.jpg,4046,241,7232,54017,0.5198843559267587
citrus_canker_224.jpg,4971,1965,389,58211,0.8085556278464542
citrus_canker_23.jpg,4516,576,937,59507,0.8565196775723092
citrus_canker_247.jpg,507,75,769,64185,0.5457481162540366
citrus_canker_251.jpg,2654,1713,1202,59967,0.645506506141311
citrus_canker_255.jpg,8467,1996,1508,53565,0.8285546530971719
citrus_canker_256.jpg,4359,973,448,59756,0.8598481112535753
citrus_canker_26.jpg,3362,2034,1227,58913,0.6734101151727592
citrus_canker_264.jpg,16372,392,3229,45543,0.9004262340162243
citrus_canker_27.jpg,1538,1656,147,62195,0.6304570608731297
citrus_canker_273.jpg,24765,218,3472,37081,0.9306651634723788
citrus_canker_276.jpg,10388,8171,877,46100,0.6966201716738197
citrus_canker_281.jpg,5722,2390,201,57223,0.8153900961881012
citrus_canker_282.jpg,6032,484,1903,57117,0.8348211196456993
citrus_canker_285.jpg,244,181,1129,63982,0.271412680756396
citrus_canker_298.jpg,5543,1145,3521,55327,0.7037836465210767
citrus_canker_314.jpg,457,332,841,63906,0.43794920939147103
citrus_canker_321.jpg,4328,215,1367,59626,0.8454776323500683
citrus_canker_340.jpg,10286,2639,1279,51332,0.8400163331972234
citrus_canker_352.jpg,6214,161,5395,53766,0.69105871886121
citrus_canker_354.jpg,5880,1514,3197,54945,0.7139821504462388
citrus_canker_36.jpg,4793,4107,631,56005,0.66922647305222
citrus_canker_363.jpg,1658,2076,43,61759,0.6101195952161913
citrus_canker_370.jpg,9022,3076,6972,46466,0.6423180976790546
citrus_canker_388.jpg,901,165,421,64049,0.7546063651591289
citrus_canker_394.jpg,1544,402,335,63255,0.8073202614379085
citrus_canker_4.jpg,9337,332,19122,36745,0.48977129668485103
citrus_canker_40.jpg,9920,101,3750,51765,0.8374488202270904
citrus_canker_48.jpg,18640,6967,532,39397,0.8325331070367806
citrus_canker_5.jpg,544,166,950,63876,0.49364791288566245
citrus_canker_50.jpg,1919,1150,543,61924,0.6939070692460676
citrus_canker_60.jpg,2026,1261,85,62164,0.75064838829196
citrus_canker_62.jpg,5609,1931,443,57553,0.8253384343731607
citrus_canker_64.jpg,1079,2404,1217,60836,0.37342100709465303
citrus_canker_66.jpg,3788,5453,1130,55165,0.5350660357369871
citrus_canker_76.jpg,17698,476,1000,46362,0.959969624647429
citrus_canker_89.jpg,1453,1342,494,62247,0.6128215942640236
citrus_canker_90.jpg,696,963,166,63711,0.5521618405394685
citrus_canker_96.jpg,0,5597,0,59939,0.0
citrus_canker_google_0009.jpg,1455,31,1370,62680,0.675017397355602
citrus_canker_google_0020.jpg,3956,1681,387,59512,0.7927855711422845
citrus_canker_google_0027.jpg,3365,8603,957,52611,0.4131368937998772
citrus_canker_google_0028.jpg,2017,5398,338,57783,0.4128966223132037
citrus_canker_google_0029.jpg,3873,1121,1538,59004,0.7444497837578088
citrus_canker_google_0045.jpg,971,307,106,64152,0.8246284501061572
citrus_canker_google_0051.jpg,809,281,5282,59164,0.22531680824397715
citrus_canker_google_0058.jpg,2999,1911,336,60290,0.7274711946634324
citrus_canker_google_0071.jpg,3651,2287,373,59225,0.7329853443083718
citrus_canker_google_0078.jpg,3289,8549,403,53295,0.4235672891178364
citrus_canker_google_0085.jpg,1968,753,130,62685,0.8167669641004358
citrus_canker_google_0093.jpg,5698,2234,39,57565,0.8337113175799253
citrus_canker_google_0108.jpg,847,1124,49,63516,0.5908615277293338
citrus_canker_google_0117.jpg,2543,1289,69,61635,0.7892613283674736
citrus_canker_google_0139.jpg,356,2133,1612,61435,0.1597487098945479
citrus_canker_google_0175.jpg,447,131,266,64692,0.6924864446165763
citrus_canker_google_0199.jpg,2060,248,1956,61272,0.6514864010120177
citrus_canker_google_0206.jpg,855,42,180,64459,0.8850931677018633
citrus_canker_google_0265.jpg,3873,2115,1146,58402,0.7037339874625238
citrus_canker_google_0277.jpg,3022,7177,628,54709,0.43642140226731174
citrus_greening_disease_24.jpg,2087,1494,4188,57767,0.42349837662337664
citrus_greening_disease_29.jpg,10040,1776,1365,52355,0.864734507557814
citrus_greening_disease_48.jpg,4187,4825,1771,54753,0.5593854375417502
citrus_greening_disease_60.jpg,3204,86,6037,56209,0.5113717979411061
citrus_greening_disease_85.jpg,0,2,579,64955,0.0
citrus_greening_disease_93.jpg,166,315,3057,61998,0.08963282937365011
citrus_greening_disease_google_0002.jpg,3317,345,1935,59939,0.7442225712362576
citrus_greening_disease_google_0009.jpg,6569,4004,4919,50044,0.5955305743166674
citrus_greening_disease_google_0022.jpg,7275,7147,1237,49877,0.6344292317083806
citrus_greening_disease_google_0064.jpg,5782,3921,7011,48822,0.5140469416785206
citrus_greening_disease_google_0066.jpg,1227,2650,426,61233,0.4437613019891501
citrus_greening_disease_google_0071.jpg,7909,4282,9397,43948,0.5362579245346984
citrus_greening_disease_google_0078.jpg,1117,5688,1416,57315,0.2392375240950953
citrus_greening_disease_google_0079.jpg,1749,8532,1883,53372,0.251419535686049
citrus_greening_disease_google_0081.jpg,5594,2969,5122,51851,0.5803205560454381
citrus_greening_disease_google_0086.jpg,0,18,796,64722,0.0
citrus_greening_disease_google_0110.jpg,15,141,2742,62638,0.010298661174047374
citrus_greening_disease_google_0120.jpg,1092,3012,184,61248,0.40594795539033457
citrus_greening_disease_google_0126.jpg,3115,587,1076,60758,0.7893069808691245
citrus_greening_disease_google_0156.jpg,11053,3616,127,50740,0.8551974931331966
citrus_greening_disease_google_0172.jpg,5550,4957,2205,52824,0.6078195159347278
citrus_greening_disease_google_0182.jpg,3592,12656,2547,46741,0.32090052262473756
citrus_greening_disease_google_0183.jpg,1877,1196,4287,58176,0.40640900725343726
citrus_greening_disease_google_0186.jpg,209,5694,265,59368,0.06554806335267367
citrus_greening_disease_google_0221.jpg,2949,4659,987,56941,0.510914760914761
citrus_greening_disease_google_0251.jpg,9677,2402,1001,52456,0.8504635936195456
citrus_greening_disease_google_0253.jpg,21953,3038,1844,38701,0.8999344101008445
coffee_berry_blotch_Bing_0001.jpg,2928,0,12079,50529,0.3265124059102314
coffee_berry_blotch_Bing_0002.jpg,1493,178,488,63377,0.8176341730558598
coffee_berry_blotch_Bing_0006.jpg,3766,1088,534,60148,0.8228097006772995
coffee_berry_blotch_Bing_0010.jpg,1165,822,1834,61715,0.4673084636983554
coffee_berry_blotch_Bing_0017.jpg,1394,439,330,63373,0.783806578577453
coffee_berry_blotch_Bing_0018.jpg,533,1363,907,62733,0.3195443645083933
coffee_berry_blotch_Bing_0027.jpg,7817,716,216,56787,0.943740190752143
coffee_berry_blotch_Bing_0037.jpg,2176,475,485,62400,0.8192771084337349
coffee_berry_blotch_Bing_0044.jpg,1635,2171,470,61260,0.5532058873287092
coffee_berry_blotch_Bing_0049.jpg,3237,1281,1157,59861,0.7264362657091562
coffee_berry_blotch_Bing_0058.jpg,2357,1395,1378,60406,0.6296246827834914
coffee_berry_blotch_Bing_0065.jpg,287,2929,235,62085,0.15355805243445692
coffee_berry_blotch_Bing_0073.jpg,21,2,1113,64400,0.036300777873811585
coffee_berry_blotch_Bing_0078.jpg,75,3388,344,61729,0.03863987635239567
coffee_berry_blotch_Bing_0099.jpg,165,64,280,65027,0.4896142433234421
coffee_berry_blotch_Bing_0105.jpg,221,219,269,64827,0.4752688172043011
coffee_berry_blotch_Bing_0106.jpg,258,6722,139,58417,0.06994713298088653
coffee_berry_blotch_Bing_0114.jpg,1492,441,181,63422,0.8275097060454798
coffee_berry_blotch_Bing_0117.jpg,750,271,232,64283,0.7488766849725412
coffee_berry_blotch_Bing_0120.jpg,3664,3006,0,58866,0.709115540932843
coffee_berry_blotch_Bing_0122.jpg,3639,243,1715,59939,0.7880034647033348
coffee_berry_blotch_Bing_0140.jpg,2189,452,527,62368,0.8172484599589322
coffee_berry_blotch_Bing_0170.jpg,424,1442,256,63414,0.3330714846818539
coffee_berry_blotch_Google_0099.jpg,0,8236,159,57141,0.0
coffee_black_rot_Bing_0001.jpg,5586,2129,781,57040,0.7933532168726033
coffee_brown_eye_spot_Bing_0006.jpg,15106,4641,1889,43900,0.8222742365685047
coffee_brown_eye_spot_Bing_0036.jpg,3717,1137,545,60137,0.8154892496709083
coffee_brown_eye_spot_Bing_0061.jpg,1500,6433,133,57470,0.31361070457871626
coffee_brown_eye_spot_Google_0003.jpg,528,166,530,64312,0.6027397260273972
coffee_leaf_rust_15.jpg,15575,8254,561,41146,0.7794320030026273
coffee_leaf_rust_171.jpg,5047,1302,1133,58054,0.80565088993535
coffee_leaf_rust_33.jpg,1299,1143,1666,61428,0.48048825596449046
coffee_leaf_rust_4.jpg,4472,8978,749,51337,0.47903165336618286
coffee_leaf_rust_46.jpg,10058,1728,937,52813,0.8830165488784514
coffee_leaf_rust_google_0008.jpg,30786,1299,499,32952,0.9716269528167902
coffee_leaf_rust_google_0016.jpg,2548,508,438,62042,0.8434293280370738
coffee_leaf_rust_google_0018.jpg,4398,3834,573,56731,0.6662122244944331
coffee_leaf_rust_google_0019.jpg,18406,4511,1281,41338,0.8640503239132475
coffee_leaf_rust_google_0022.jpg,4343,1369,820,59004,0.798712643678161
coffee_leaf_rust_google_0033.jpg,2586,4826,655,57469,0.4854970430864545
coffee_leaf_rust_google_0042.jpg,10123,6111,135,49167,0.7642307111580855
coffee_leaf_rust_google_0043.jpg,21919,3075,1473,39069,0.9060058694663746
coffee_leaf_rust_google_0045.jpg,6060,3704,3175,52597,0.637928312016422
coffee_leaf_rust_google_0048.jpg,34310,3124,1737,26365,0.9338468447625917
coffee_leaf_rust_google_0077.jpg,19863,81,1040,44552,0.9725561240727594
coffee_leaf_rust_google_0086.jpg,5165,7129,311,52931,0.5813168261114238
coffee_leaf_rust_google_0090.jpg,26546,105,3631,35254,0.9342577602590273
coffee_leaf_rust_google_0096.jpg,8682,381,858,55615,0.9333978390582164
coffee_leaf_rust_google_0107.jpg,659,1,910,63966,0.5912965455361149
coffee_leaf_rust_google_0108.jpg,14398,1116,9741,40281,0.7261997831185535
coffee_leaf_rust_google_0109.jpg,828,7581,242,56885,0.17470197278193902
coffee_leaf_rust_google_0122.jpg,1993,65,4284,59194,0.4782243551289742
coffee_leaf_rust_google_0125.jpg,62722,2729,2,83,0.9786931929003316
coffee_leaf_rust_google_0130.jpg,6467,379,993,57697,0.9040961834195442
coffee_leaf_rust_google_0132.jpg,3245,627,2489,59175,0.6756194045388298
coffee_leaf_rust_google_0135.jpg,1837,2821,870,60008,0.4988458927359131
coffee_leaf_rust_google_0156.jpg,8293,652,4429,52162,0.7654959154474547
coffee_leaf_rust_google_0184.jpg,3211,5,6709,55611,0.4888855054811206
coffee_leaf_rust_google_0237.jpg,190,223,1,65122,0.6291390728476821
coffee_leaf_rust_google_0246.jpg,2870,73,1435,61158,0.7919426048565121
coffee_leaf_rust_google_0281.jpg,42035,1961,1211,20329,0.9636413653974003
corn_gray_leaf_spot_31.jpg,4332,11497,614,49093,0.41703971119133576
corn_gray_leaf_spot_35.jpg,4510,1661,5076,54289,0.5724439931459034
corn_gray_leaf_spot_42.jpg,31295,480,4670,29091,0.9239740183052849
corn_gray_leaf_spot_google_0014.jpg,1556,227,1002,62751,0.7168855102510943
corn_gray_leaf_spot_google_0015.jpg,1659,354,1011,62512,0.7085201793721974
corn_gray_leaf_spot_google_0020.jpg,13919,1254,11473,38890,0.686256625169481
corn_gray_leaf_spot_google_0024.jpg,18240,2101,1746,43449,0.9046048553078583
corn_gray_leaf_spot_google_0035.jpg,12834,8332,1188,43182,0.7294532226895533
corn_gray_leaf_spot_google_0047.jpg,2964,954,2155,59463,0.6559699015159898
corn_gray_leaf_spot_google_0050.jpg,15619,364,1121,48432,0.95461907526816
corn_gray_leaf_spot_google_0053.jpg,5574,205,905,58852,0.9094468918257465
corn_gray_leaf_spot_google_0061.jpg,10726,14372,179,40259,0.595839235619254
corn_gray_leaf_spot_google_0066.jpg,1609,364,1502,62061,0.6329661683713611
corn_gray_leaf_spot_google_0074.jpg,1584,58,3165,60729,0.49569707401032703
corn_gray_leaf_spot_google_0081.jpg,28293,11,23311,13921,0.7081393602643039
corn_gray_leaf_spot_google_0089.jpg,7373,389,20590,37184,0.41276417074877536
corn_gray_leaf_spot_google_0145.jpg,7092,3620,1546,53278,0.7330232558139534
corn_gray_leaf_spot_google_0168.jpg,58084,417,6174,861,0.9463094355607328
corn_gray_leaf_spot_google_0172.jpg,48493,200,2019,14824,0.9776321757975909
corn_gray_leaf_spot_google_0270.jpg,8993,12311,948,43284,0.575644103056489
corn_gray_leaf_spot_google_0293.jpg,41235,516,6479,17306,0.92181299949701
corn_northern_leaf_blight_101.jpg,7154,1476,675,56231,0.8693116228203415
corn_northern_leaf_blight_14.jpg,1478,1896,254,61908,0.5789267528397963
corn_northern_leaf_blight_2.jpg,1606,4197,6606,53127,0.22918301819479128
corn_northern_leaf_blight_28.jpg,5600,6295,194,53447,0.6331618519984171
corn_northern_leaf_blight_30.jpg,8672,2715,7799,46350,0.6225859717136909
corn_northern_leaf_blight_33.jpg,6362,4101,3366,51707,0.6301817641523451
corn_northern_leaf_blight_37.jpg,15795,625,4879,44237,0.8516202081199116
corn_northern_leaf_blight_49.jpg,17246,3708,3394,41188,0.8292542193585614
corn_northern_leaf_blight_53.jpg,4669,755,321,59791,0.8966775494526599
corn_northern_leaf_blight_62.jpg,5952,1514,263,57807,0.8701118339302683
corn_northern_leaf_blight_69.jpg,1725,4260,5331,54220,0.26455026455026454
corn_northern_leaf_blight_81.jpg,801,4758,3659,56318,0.15989619722527199
corn_northern_leaf_blight_google_0000.jpg,4862,1925,221,58528,0.8192080876158383
corn_northern_leaf_blight_google_0012.jpg,9266,3982,9092,43196,0.5863443649939885
corn_northern_leaf_blight_google_0018.jpg,2207,424,219,62686,0.8728495155230374
corn_northern_leaf_blight_google_0023.jpg,1902,1854,17304,44476,0.1656650117585576
corn_northern_leaf_blight_google_0040.jpg,1024,273,15,64224,0.8767123287671232
corn_northern_leaf_blight_google_0041.jpg,464,1261,387,63424,0.36024844720496896
corn_northern_leaf_blight_google_0042.jpg,6607,2334,1436,55159,0.7780263777673104
corn_northern_leaf_blight_google_0059.jpg,941,2095,1001,61499,0.37806347930895945
corn_northern_leaf_blight_google_0064.jpg,2684,528,69,62255,0.899916177703269
corn_northern_leaf_blight_google_0069.jpg,7679,2394,17,55446,0.8643142551634869
corn_northern_leaf_blight_google_0088.jpg,3001,28758,6,33771,0.17263993556923432
corn_northern_leaf_blight_google_0099.jpg,253,5548,246,59489,0.08031746031746032
corn_northern_leaf_blight_google_0101.jpg,3702,2268,890,58676,0.7010035978034463
corn_northern_leaf_blight_google_0133.jpg,18121,6650,7848,32917,0.7142688214426488
corn_rust_1.jpg,37316,309,659,27252,0.9871957671957672
corn_rust_10.jpg,19126,1622,1989,42799,0.91374244559635
corn_rust_15.jpg,18225,21102,30,26179,0.6330103157236636
corn_rust_2.jpg,15928,2345,4668,42595,0.8195734389873678
corn_rust_27.jpg,8750,3864,24,52898,0.8182158219562371
corn_rust_32.jpg,1216,2206,7824,54290,0.19515326592842241
corn_rust_42.jpg,20106,1569,146,43715,0.9590955708731843
corn_rust_60.jpg,1468,113,2197,61758,0.559664506290507
corn_rust_69.jpg,6171,4299,507,54559,0.7197340797760672
corn_rust_74.jpg,7153,3051,605,54727,0.7964591916267676
corn_rust_80.jpg,52543,1318,571,11104,0.9823416686141622
corn_rust_82.jpg,34124,4954,1622,24836,0.9121137602908158
corn_rust_google_0000.jpg,37186,788,13775,13787,0.8362511946927531
corn_rust_google_0013.jpg,56099,2442,1252,5743,0.9681254961515894
corn_rust_google_0029.jpg,18420,11040,220,35856,0.765904365904366
corn_rust_google_0035.jpg,26731,431,575,37799,0.9815304398913123
corn_rust_google_0037.jpg,22623,35,12825,30053,0.7786803428217396
corn_rust_google_0053.jpg,5586,1964,885,57101,0.7968047928107839
corn_rust_google_0056.jpg,14700,7148,568,43120,0.792111218881345
corn_rust_google_0059.jpg,23883,12947,248,28458,0.7835501386132118
corn_rust_google_0068.jpg,32850,7410,7435,17841,0.8156930908187969
corn_rust_google_0071.jpg,47267,2144,4779,11346,0.9317641956691012
corn_rust_google_0078.jpg,9757,4635,1909,49235,0.7488679100468186
corn_rust_google_0080.jpg,29327,9461,1094,25654,0.8474909332601251
corn_rust_google_0094.jpg,25963,3292,1481,34800,0.9158186211397027
corn_rust_google_0097.jpg,10329,2772,149,52286,0.8761185800924551
corn_rust_google_0117.jpg,13348,5284,2138,44766,0.782460871094437
corn_rust_google_0131.jpg,57398,1303,961,5874,0.9806594908593883
corn_rust_google_0132.jpg,17979,570,737,46250,0.9649268750838589
corn_rust_google_0152.jpg,11592,259,1658,52027,0.9236285406955899
corn_rust_google_0156.jpg,16594,7177,1842,39923,0.7863150662212429
corn_rust_google_0174.jpg,12511,4954,643,47428,0.8172050034292433
corn_rust_google_0177.jpg,37148,4205,79,24104,0.945482311020616
corn_rust_google_0196.jpg,25699,2608,6944,30285,0.8432813781788351
corn_rust_google_0211.jpg,41797,1723,2763,19253,0.9490690281562216
corn_smut_13.jpg,16552,2471,987,45526,0.9054209288332148
corn_smut_16.jpg,2598,1306,227,61405,0.7721801159161836
corn_smut_17.jpg,1977,160,89,63310,0.940756602426838
corn_smut_224.jpg,12902,2529,397,49708,0.8981552384267316
corn_smut_85.jpg,9882,910,658,54086,0.9264954059628727
corn_smut_google_0001.jpg,18636,175,859,45866,0.9730068396595833
corn_smut_google_0002.jpg,11510,2100,530,51396,0.8974658869395712
corn_smut_google_0011.jpg,8350,211,658,56317,0.9505378792190791
corn_smut_google_0012.jpg,4319,563,717,59937,0.8709417221213954
corn_smut_google_0013.jpg,10261,3230,7090,44955,0.6653913494585306
corn_smut_google_0023.jpg,23375,3128,518,38515,0.9276529883324073
corn_smut_google_0024.jpg,4988,2796,140,57612,0.7726146220570013
corn_smut_google_0025.jpg,24084,5990,1413,34049,0.86678303431646
corn_smut_google_0034.jpg,18080,7380,1975,38101,0.794463363726244
corn_smut_google_0046.jpg,12148,11691,4,41693,0.6750576533022145
corn_smut_google_0049.jpg,6149,495,438,58454,0.9294837880734639
corn_smut_google_0053.jpg,3913,3938,984,56701,0.6139002196422968
corn_smut_google_0059.jpg,4398,4599,82,56457,0.6526675076055501
corn_smut_google_0063.jpg,13886,156,2711,48783,0.9064264499494109
corn_smut_google_0079.jpg,13745,740,663,50388,0.951441525629045
corn_smut_google_0081.jpg,14791,260,224,50261,0.9839020820860773
corn_smut_google_0084.jpg,20280,629,1105,43522,0.9590012767768478
corn_smut_google_0090.jpg,5208,1885,121,58322,0.8385123168571889
corn_smut_google_0099.jpg,13919,5422,272,45923,0.8301920553501133
corn_smut_google_0101.jpg,4606,3573,2518,54839,0.6019734692543945
corn_smut_google_0115.jpg,5623,3159,102,56652,0.775211966636796
corn_smut_google_0118.jpg,18028,1721,2633,43154,0.8922543924771096
corn_smut_google_0120.jpg,21771,558,10031,33176,0.8043819622766991
corn_smut_google_0124.jpg,10365,425,453,54293,0.959366901147723
corn_smut_google_0132.jpg,3797,1912,1440,58387,0.6937694134843778
corn_smut_google_0134.jpg,10573,3319,13668,37976,0.5545328193428264
corn_smut_google_0162.jpg,3300,501,23,61712,0.9264458169567659
corn_smut_google_0169.jpg,11137,963,1159,52277,0.9130185276274799
corn_smut_google_0194.jpg,15665,2204,506,47161,0.9203877790834313
corn_smut_google_0200.jpg,1850,12455,3292,47939,0.19026070859258498
corn_smut_google_0225.jpg,14069,11008,138,40321,0.7162712554729661
corn_smut_google_0235.jpg,8785,8124,1450,47177,0.6472885352195697
corn_smut_google_0248.jpg,10041,5933,518,49044,0.7568688048844835
corn_smut_google_0298.jpg,24899,326,12253,28058,0.7983391314106161
corn_smut_google_0332.jpg,8735,307,9104,47390,0.6499014173579852
cucumber_angular_leaf_spot_1.jpg,31009,18064,308,16155,0.7714641124517975
cucumber_angular_leaf_spot_130.jpg,17711,1473,13654,32698,0.7007458109952719
cucumber_angular_leaf_spot_14.jpg,6217,18490,500,40329,0.3956848268839104
cucumber_angular_leaf_spot_141.jpg,26586,2778,1651,34521,0.9231089738025382
cucumber_angular_leaf_spot_154.jpg,54804,3259,166,7307,0.9696991144179133
cucumber_angular_leaf_spot_156.jpg,20929,16373,162,28072,0.7168324970458788
cucumber_angular_leaf_spot_172.jpg,14167,3056,257,48056,0.8953139318102822
cucumber_angular_leaf_spot_175.jpg,9710,6741,571,48514,0.7264701481370642
cucumber_angular_leaf_spot_20.jpg,6083,29008,282,30163,0.29346777306059435
cucumber_angular_leaf_spot_214.jpg,17814,17555,1554,28613,0.6508942762665108
cucumber_angular_leaf_spot_217.jpg,29116,1631,5740,29049,0.8876423334298736
cucumber_angular_leaf_spot_243.jpg,38604,7759,81,19092,0.907816762298937
cucumber_angular_leaf_spot_261.jpg,21491,4310,3611,36124,0.8443903109836356
cucumber_angular_leaf_spot_286.jpg,9501,2747,8976,44312,0.6184540276647681
cucumber_angular_leaf_spot_292.jpg,6628,6889,607,51412,0.6387818041634541
cucumber_angular_leaf_spot_311.jpg,20422,5592,3372,36150,0.8200289110183103
cucumber_angular_leaf_spot_328.jpg,18479,4489,14017,28551,0.6663421318332612
cucumber_angular_leaf_spot_33.jpg,9109,3680,1133,51614,0.7910207980547957
cucumber_angular_leaf_spot_4.jpg,24114,1302,20361,19759,0.6900459286603425
cucumber_angular_leaf_spot_41.jpg,43009,1777,3907,16843,0.9380166190486576
cucumber_angular_leaf_spot_42.jpg,15424,704,12077,37331,0.7070526484677623
cucumber_angular_leaf_spot_48.jpg,2654,4624,575,57683,0.5051870181783573
cucumber_angular_leaf_spot_6.jpg,59260,302,401,5573,0.9941034867433297
cucumber_angular_leaf_spot_7.jpg,1323,3888,7689,52636,0.18603670111790763
cucumber_angular_leaf_spot_75.jpg,9298,17299,1231,37708,0.5008888649463987
cucumber_angular_leaf_spot_79.jpg,29565,1323,5659,28989,0.8943913359148112
cucumber_angular_leaf_spot_9.jpg,44723,5720,531,14562,0.9346792480433034
cucumber_angular_leaf_spot_google_0018.jpg,15477,3948,9534,36577,0.6965973534971645
cucumber_angular_leaf_spot_google_0020.jpg,9699,5576,495,49766,0.761631787663434
cucumber_angular_leaf_spot_google_0021.jpg,29524,3173,1567,31272,0.9256913526055057
cucumber_angular_leaf_spot_google_0028.jpg,23518,2240,26906,12872,0.617416187550865
cucumber_angular_leaf_spot_google_0043.jpg,22304,6068,2975,34189,0.8314476896982349
cucumber_angular_leaf_spot_google_0083.jpg,6918,877,4755,52986,0.7107047462502568
cucumber_angular_leaf_spot_google_0085.jpg,1964,11711,1064,50797,0.23516733520924385
cucumber_angular_leaf_spot_google_0097.jpg,8145,1275,1286,54830,0.8641451381889554
cucumber_angular_leaf_spot_google_0116.jpg,2844,621,7279,54792,0.4186046511627907
cucumber_bacterial_wilt_109.jpg,7424,1600,14894,41618,0.47374130559632444
cucumber_bacterial_wilt_12.jpg,16016,727,8699,40094,0.7726373679386367
cucumber_bacterial_wilt_139.jpg,981,45,16818,47692,0.10422310756972111
cucumber_bacterial_wilt_14.jpg,5166,854,11997,47519,0.4456713971444593
cucumber_bacterial_wilt_184.jpg,12421,740,26761,25614,0.4746002330779665
cucumber_bacterial_wilt_313.jpg,837,12301,738,51660,0.11377693196492897
cucumber_bacterial_wilt_38.jpg,1004,4861,250,59421,0.28206208737182187
cucumber_bacterial_wilt_50.jpg,2082,11076,1553,50825,0.2479604597153576
cucumber_bacterial_wilt_58.jpg,7925,3233,11867,42511,0.5121163166397416
cucumber_bacterial_wilt_69.jpg,4339,5364,9505,46328,0.36853951671125834
cucumber_bacterial_wilt_google_0017.jpg,2448,11393,3202,48493,0.25119285824226567
cucumber_bacterial_wilt_google_0020.jpg,12530,698,38680,13628,0.38890095906142336
cucumber_bacterial_wilt_google_0024.jpg,11576,3988,7333,42639,0.6715980622516172
cucumber_bacterial_wilt_google_0027.jpg,783,1180,3078,60495,0.2688873626373626
cucumber_bacterial_wilt_google_0030.jpg,10912,20474,1397,32753,0.4994621810275775
cucumber_bacterial_wilt_google_0043.jpg,10932,2545,6497,45562,0.7074354494272956
cucumber_bacterial_wilt_google_0066.jpg,1233,1675,4217,58411,0.29504666188083273
cucumber_bacterial_wilt_google_0076.jpg,5837,10989,5597,43113,0.41309271054493985
cucumber_bacterial_wilt_google_0099.jpg,1115,5486,2929,56006,0.20948802254579615
cucumber_bacterial_wilt_google_0133.jpg,13327,4174,2995,45040,0.7880436389439139
cucumber_bacterial_wilt_google_0143.jpg,1198,2023,2643,59672,0.3392806570376664
cucumber_bacterial_wilt_google_0249.jpg,0,6718,1329,57489,0.0
cucumber_powdery_mildew_10.jpg,40437,185,2171,22743,0.9716928991950018
cucumber_powdery_mildew_125.jpg,32916,8264,388,23968,0.8838408248751409
cucumber_powdery_mildew_13.jpg,880,23690,63,40903,0.06898443930545212
cucumber_powdery_mildew_178.jpg,31581,10323,168,23464,0.8575618101095679
cucumber_powdery_mildew_18.jpg,17897,6656,15505,25478,0.6176171167284963
cucumber_powdery_mildew_183.jpg,269,1420,158,63689,0.2542533081285444
cucumber_powdery_mildew_197.jpg,505,1452,229,63350,0.37532515793385357
cucumber_powdery_mildew_198.jpg,12081,4298,1395,47762,0.8093116730865851
cucumber_powdery_mildew_22.jpg,347,1326,27,63836,0.3390327308255984
cucumber_powdery_mildew_227.jpg,9952,31222,5,24357,0.3892746083589212
cucumber_powdery_mildew_24.jpg,245,3532,94,61665,0.11904761904761904
cucumber_powdery_mildew_26.jpg,16238,3063,1160,45075,0.8849287446524429
cucumber_powdery_mildew_28.jpg,156,11212,159,54009,0.026705469485577334
cucumber_powdery_mildew_32.jpg,24001,12456,1585,27494,0.7736892155440581
cucumber_powdery_mildew_35.jpg,19307,10457,535,35237,0.778413901544168
cucumber_powdery_mildew_38.jpg,2300,1805,741,60690,0.6437167646235656
cucumber_powdery_mildew_58.jpg,21208,3064,1785,39479,0.8974082301914736
cucumber_powdery_mildew_59.jpg,20421,7965,84,37066,0.8353684727250414
cucumber_powdery_mildew_64.jpg,21824,2584,2524,38604,0.8952334071703996
cucumber_powdery_mildew_69.jpg,9348,27000,520,28668,0.40453522589579366
cucumber_powdery_mildew_70.jpg,3196,31671,276,30393,0.16672318005164455
cucumber_powdery_mildew_73.jpg,402,7017,225,57892,0.09992542878448919
cucumber_powdery_mildew_77.jpg,15088,11756,919,37773,0.7042076030897761
cucumber_powdery_mildew_google_0000.jpg,26430,1650,8675,28781,0.8365909630450266
cucumber_powdery_mildew_google_0001.jpg,20622,8803,466,35645,0.816502682477778
cucumber_powdery_mildew_google_0026.jpg,27370,9383,23,28760,0.8533657593614566
cucumber_powdery_mildew_google_0034.jpg,8610,31173,167,25586,0.3546128500823723
cucumber_powdery_mildew_google_0042.jpg,21008,3358,1732,39438,0.8919458243111281
cucumber_powdery_mildew_google_0065.jpg,7827,18911,5396,33402,0.3917319386401742
cucumber_powdery_mildew_google_0080.jpg,56161,5350,147,3878,0.9533436881996962
cucumber_powdery_mildew_google_0090.jpg,26544,1990,8364,28638,0.8367958134989439
cucumber_powdery_mildew_google_0104.jpg,28992,702,494,35348,0.979790469753295
cucumber_powdery_mildew_google_0119.jpg,19667,22054,1526,22289,0.6252026575960835
cucumber_powdery_mildew_google_0151.jpg,24606,12760,390,27780,0.7891344087745743
cucumber_powdery_mildew_google_0159.jpg,18757,6360,541,39878,0.8446245637734999
cucumber_powdery_mildew_google_0162.jpg,54741,4285,8,6502,0.9622676334871457
cucumber_powdery_mildew_google_0167.jpg,34004,3557,63,27912,0.9494611045959681
cucumber_powdery_mildew_google_0188.jpg,29550,4168,1573,30245,0.9114603414506254
eggplant_cercospora_leaf_spot_12.jpg,2042,469,1716,61309,0.6514595629286968
eggplant_cercospora_leaf_spot_33.jpg,1289,7152,136,56959,0.2613014392864383
eggplant_cercospora_leaf_spot_40.jpg,1147,280,9,64100,0.8881145954316686
eggplant_cercospora_leaf_spot_96.jpg,1155,20654,2,43725,0.10058347121832274
eggplant_cercospora_leaf_spot_google_0007.jpg,4325,7228,154,53829,0.5395459081836327
eggplant_cercospora_leaf_spot_google_0018.jpg,2908,13992,46,48590,0.29293845069003727
eggplant_cercospora_leaf_spot_google_0030.jpg,8715,2693,697,53431,0.8371757925072046
eggplant_cercospora_leaf_spot_google_0031.jpg,20489,6651,399,37997,0.8532106271341717
eggplant_cercospora_leaf_spot_google_0038.jpg,14766,7740,301,42729,0.785989939584276
eggplant_cercospora_leaf_spot_google_0042.jpg,11977,1995,168,51396,0.9171803805950147
eggplant_cercospora_leaf_spot_google_0045.jpg,6212,31977,4,27343,0.2797883121270127
eggplant_cercospora_leaf_spot_google_0121.jpg,9292,2303,1792,52149,0.8194364830900833
eggplant_phomopsis_fruit_rot_Bing_0016.jpg,5332,478,884,58842,0.8867453849991684
eggplant_phomopsis_fruit_rot_Bing_0022.jpg,9030,1864,90,54552,0.9023683421604877
eggplant_phomopsis_fruit_rot_Bing_0037.jpg,1775,565,4639,58557,0.40552890107379486
eggplant_phomopsis_fruit_rot_Bing_0038.jpg,19364,1176,2040,42956,0.9233263398817471
eggplant_phomopsis_fruit_rot_Bing_0048.jpg,12332,58,882,52264,0.9632869864083737
eggplant_phomopsis_fruit_rot_Bing_0094.jpg,18277,1143,1283,44833,0.9377629553617239
eggplant_phomopsis_fruit_rot_Bing_0261.jpg,9999,3419,64,52054,0.8516673054810272
eggplant_phomopsis_fruit_rot_Bing_0266.jpg,13362,4317,56,47801,0.8593755024600443
eggplant_phomopsis_fruit_rot_Google_0017.jpg,2708,525,12196,50107,0.29861608865854333
eggplant_phytophthora_blight_Bing_0000.jpg,2223,3746,1731,57836,0.44804998488360376
eggplant_phytophthora_blight_Bing_0002.jpg,4054,5814,1700,53968,0.5190116502368455
eggplant_phytophthora_blight_Bing_0017.jpg,16400,487,2233,46416,0.9234234234234234
eggplant_phytophthora_blight_Bing_0022.jpg,10215,4582,3186,47553,0.7245194694659196
eggplant_phytophthora_blight_Bing_0043.jpg,42574,1014,1805,20143,0.9679538918003342
eggplant_phytophthora_blight_Bing_0110.jpg,11933,387,646,52570,0.9585123900558256
eggplant_phytophthora_blight_Google_0028.jpg,11582,7155,400,46399,0.7540610045899931
garlic_leaf_blight_140.jpg,10199,1065,784,53488,0.9168876702476738
garlic_leaf_blight_163.jpg,1242,767,2845,60682,0.4074803149606299
garlic_leaf_blight_19.jpg,50,463,746,64277,0.07639419404125286
garlic_leaf_blight_3.jpg,254,472,954,63856,0.2626680455015512
garlic_leaf_blight_35.jpg,14311,1745,8709,40771,0.732470058347835
garlic_leaf_blight_38.jpg,9431,222,2751,53132,0.8638424547744447
garlic_leaf_blight_46.jpg,163,125,2327,62921,0.11735061195104392
garlic_leaf_blight_55.jpg,593,174,2588,62181,0.30040526849037485
garlic_leaf_blight_58.jpg,567,387,4389,60193,0.1918781725888325
garlic_leaf_blight_google_0004.jpg,376,71,2795,62294,0.20784964068546158
garlic_leaf_blight_google_0005.jpg,2531,2686,3787,56532,0.4388383181621153
garlic_leaf_blight_google_0081.jpg,2762,2121,103,60550,0.7129581827568404
garlic_leaf_blight_google_0103.jpg,2391,932,1695,60518,0.6454312322850587
garlic_leaf_blight_google_0159.jpg,2746,0,2598,60192,0.6788627935723115
garlic_leaf_blight_google_0210.jpg,1669,33,2886,60948,0.5334824996004475
garlic_leaf_blight_google_0226.jpg,86,153,971,64326,0.13271604938271606
garlic_leaf_blight_google_0295.jpg,400,153,3925,61058,0.16400164001640016
garlic_leaf_blight_google_0302.jpg,11158,1168,359,52851,0.9359560457996058
garlic_rust_159.jpg,15059,9264,272,40941,0.7595198466737277
garlic_rust_18.jpg,9444,8955,341,46796,0.6701674709054782
garlic_rust_184.jpg,6982,3612,949,53993,0.7537921727395411
garlic_rust_185.jpg,8951,3513,608,52464,0.8128774463061345
garlic_rust_194.jpg,5477,656,1733,57670,0.8209548077643708
garlic_rust_20.jpg,25326,6052,2229,31929,0.8594844993467158
garlic_rust_261.jpg,2567,1282,554,61133,0.7365853658536585
garlic_rust_29.jpg,7825,9297,133,48281,0.6240031897926634
garlic_rust_30.jpg,954,868,194,63520,0.6424242424242425
garlic_rust_310.jpg,3027,505,1919,60085,0.7140835102618542
garlic_rust_43.jpg,5544,1354,2018,56620,0.7668049792531121
garlic_rust_53.jpg,1484,942,312,62798,0.7029843675982946
garlic_rust_56.jpg,3238,2746,432,59120,0.6708100269318418
garlic_rust_69.jpg,2267,1898,280,61091,0.6755065554231228
garlic_rust_80.jpg,93,33,10,65400,0.8122270742358079
garlic_rust_83.jpg,7730,1481,257,56068,0.8989417374113269
garlic_rust_89.jpg,2493,2220,1867,58956,0.5495425989198721
garlic_rust_98.jpg,710,510,3272,61044,0.27297193387158786
garlic_rust_google_0015.jpg,17871,2511,145,45009,0.9308297307151414
garlic_rust_google_0049.jpg,15932,2631,116,46857,0.9206321689636243
garlic_rust_google_0318.jpg,12163,1609,7086,44678,0.7366827170588414
ginger_leaf_spot_105.jpg,59,1864,203,63410,0.0540045766590389
ginger_leaf_spot_11.jpg,26,2084,1725,61701,0.013468013468013467
ginger_leaf_spot_161.jpg,875,401,770,63490,0.5991098938719617
ginger_leaf_spot_google_0000.jpg,3703,11116,525,50192,0.3888276368981992
ginger_leaf_spot_google_0001.jpg,7126,5423,1028,51959,0.6884026469593779
ginger_sheath_blight_10.jpg,0,0,1893,63643,0.0
ginger_sheath_blight_11.jpg,550,594,301,64091,0.5513784461152882
ginger_sheath_blight_13.jpg,418,825,11456,52837,0.06373408553785165
ginger_sheath_blight_14.jpg,2246,4007,444,58839,0.5022922956502293
ginger_sheath_blight_161.jpg,1813,4428,4951,54344,0.2788158400615148
ginger_sheath_blight_2.jpg,317,485,1709,63025,0.22418670438472418
ginger_sheath_blight_21.jpg,7580,11587,319,46050,0.56011231803739
ginger_sheath_blight_30.jpg,0,2182,5566,57788,0.0
ginger_sheath_blight_33.jpg,0,0,202,65334,0.0
ginger_sheath_blight_41.jpg,304,955,1494,62783,0.19888779849525678
ginger_sheath_blight_53.jpg,0,11886,157,53493,0.0
ginger_sheath_blight_64.jpg,0,524,286,64726,0.0
ginger_sheath_blight_89.jpg,3644,12693,478,48721,0.3562246444107728
ginger_sheath_blight_google_0007.jpg,676,3499,4879,56482,0.13895169578622815
grape_black_rot_12.jpg,349,332,7586,57269,0.08101207056638811
grape_black_rot_216.jpg,0,2066,603,62867,0.0
grape_black_rot_23.jpg,7546,8565,3546,45879,0.5547917509098261
grape_black_rot_3.jpg,9571,7360,3173,45432,0.6450547598989048
grape_black_rot_33.jpg,5030,522,2595,57389,0.7634514684677848
grape_black_rot_google_0003.jpg,14276,1402,2581,47277,0.87757799293069
grape_black_rot_google_0011.jpg,3852,176,12287,49221,0.38201021470719493
grape_black_rot_google_0013.jpg,2203,1803,1748,59782,0.553726278748272
grape_black_rot_google_0018.jpg,19399,9637,1481,35019,0.7772658065550124
grape_black_rot_google_0036.jpg,1379,161,268,63728,0.8653906495136492
grape_black_rot_google_0040.jpg,9658,12677,623,42578,0.592224675006132
grape_black_rot_google_0050.jpg,29604,1428,4315,30189,0.9115794983910949
grape_black_rot_google_0052.jpg,3433,5240,1055,55808,0.5216928804802067
grape_black_rot_google_0066.jpg,1726,3259,344,60207,0.4892983699503898
grape_black_rot_google_0081.jpg,4889,3241,1769,55637,0.6612117933459561
grape_black_rot_google_0088.jpg,23153,4180,1184,37019,0.8961873427520806
grape_black_rot_google_0096.jpg,1489,843,256,62948,0.7304390483198431
grape_black_rot_google_0097.jpg,5118,2350,486,57582,0.783047735618115
grape_black_rot_google_0108.jpg,2853,1352,607,60724,0.7444227005870842
grape_black_rot_google_0166.jpg,2103,1016,1801,60616,0.5988893635198633
grape_black_rot_google_0188.jpg,2696,904,1350,60586,0.7052053361234633
grape_black_rot_google_0233.jpg,526,335,1151,63524,0.4144996059889677
grape_black_rot_google_0239.jpg,18883,2711,3274,40668,0.8632031267856735
grape_black_rot_google_0320.jpg,12883,1713,5245,45695,0.7873731817626207
grape_downy_mildew_115.jpg,4753,679,1209,58895,0.8342987537300334
grape_downy_mildew_131.jpg,1849,1754,6666,55267,0.30516586895527315
grape_downy_mildew_144.jpg,24971,766,1901,37898,0.9493052519530879
grape_downy_mildew_146.jpg,506,903,5679,58448,0.1332631024493021
grape_downy_mildew_152.jpg,5929,182,16785,42640,0.4113790112749349
grape_downy_mildew_164.jpg,14937,602,172,49825,0.9747454972592012
grape_downy_mildew_190.jpg,3013,378,2271,59874,0.6946397694524495
grape_downy_mildew_202.jpg,15070,651,952,48863,0.9495006773146836
grape_downy_mildew_203.jpg,2676,8574,5089,49197,0.28146200368130425
grape_downy_mildew_223.jpg,20717,6662,2423,35734,0.8201666699657555
grape_downy_mildew_238.jpg,30775,2429,923,31409,0.9483529012973406
grape_downy_mildew_241.jpg,4984,975,1079,58498,0.8291465646315089
grape_downy_mildew_251.jpg,16390,5313,1906,41927,0.8195204880122003
grape_downy_mildew_255.jpg,3203,11343,3028,47962,0.3083217018818886
grape_downy_mildew_272.jpg,20953,6736,2284,35563,0.8228802576287162
grape_downy_mildew_275.jpg,8517,852,1780,54387,0.8661649547442286
grape_downy_mildew_29.jpg,805,3663,18473,42595,0.06780089278194222
grape_downy_mildew_42.jpg,27532,1486,5083,31435,0.8934174873850048
grape_downy_mildew_49.jpg,1203,19967,2977,41389,0.0949112426035503
grape_downy_mildew_64.jpg,8946,309,1013,55268,0.9311960029145415
grape_downy_mildew_71.jpg,9841,657,18164,36874,0.5111809469391996
grape_downy_mildew_82.jpg,3164,13876,323,48173,0.3082769035903931
grape_downy_mildew_90.jpg,255,2501,5090,57690,0.06295519071719541
grape_downy_mildew_google_0001.jpg,4959,277,1108,59192,0.8774661594267009
grape_downy_mildew_google_0006.jpg,5727,632,13094,46083,0.45488482922954726
grape_downy_mildew_google_0013.jpg,8741,859,2855,53081,0.8247782600490658
grape_downy_mildew_google_0026.jpg,3251,8535,955,52795,0.4065782891445723
grape_downy_mildew_google_0032.jpg,12639,2554,361,49982,0.8966055403823644
grape_downy_mildew_google_0033.jpg,774,253,147,64362,0.7946611909650924
grape_downy_mildew_google_0052.jpg,19739,3057,2052,40688,0.8854150312871465
grape_downy_mildew_google_0067.jpg,7921,384,5477,51754,0.7299451688706631
grape_downy_mildew_google_0080.jpg,911,2540,2244,59841,0.2758098698153194
grape_downy_mildew_google_0081.jpg,2159,197,100,63080,0.9356446370530878
grape_downy_mildew_google_0090.jpg,3520,88,2305,59623,0.746316124244673
grape_downy_mildew_google_0094.jpg,810,229,109,64388,0.8273748723186926
grape_downy_mildew_google_0095.jpg,2020,6,609,62901,0.8678839957035446
grape_downy_mildew_google_0096.jpg,8463,192,2706,54175,0.8538135593220338
grape_downy_mildew_google_0097.jpg,6747,2524,2602,53663,0.7247046186895811
grape_downy_mildew_google_0110.jpg,2828,4350,29,58329,0.5636273044344793
grape_downy_mildew_google_0130.jpg,1850,1336,3473,58877,0.4348337054883065
grape_downy_mildew_google_0133.jpg,7365,288,14441,43442,0.5000169727417767
grape_downy_mildew_google_0135.jpg,6040,854,3909,54733,0.7172118981179125
grape_downy_mildew_google_0143.jpg,4277,404,1129,59726,0.8480222068008327
grape_downy_mildew_google_0173.jpg,4669,1821,5682,53364,0.5544801377590405
grape_downy_mildew_google_0193.jpg,3229,2021,1292,58994,0.6609354211442022
grape_downy_mildew_google_0194.jpg,7008,1587,3438,53503,0.7360957932881677
grape_downy_mildew_google_0203.jpg,3031,4144,1566,56795,0.5149507305470609
grape_downy_mildew_google_0206.jpg,11474,8100,543,45419,0.7264094204045456
grape_downy_mildew_google_0256.jpg,18289,616,618,46013,0.9673648577171269
grape_downy_mildew_google_0274.jpg,6252,5582,2852,50850,0.597191708854714
grape_downy_mildew_google_0280.jpg,22385,5874,945,36332,0.8678206594429045
grape_downy_mildew_google_0290.jpg,25069,2709,4999,32759,0.8667496456107596
grape_downy_mildew_google_0294.jpg,9559,244,4636,51097,0.7966497208100675
grape_downy_mildew_google_0415.jpg,18760,1457,553,44766,0.9491525423728814
grape_downy_mildew_google_0426.jpg,11438,536,765,52797,0.9461885262853125
grape_downy_mildew_google_0457.jpg,28335,9209,4065,23927,0.8102196042548324
grape_leaf_spot_101.jpg,19842,862,5894,38938,0.8545219638242894
grape_leaf_spot_11.jpg,14346,1346,15540,34304,0.6295142393259906
grape_leaf_spot_140.jpg,15264,408,22746,27118,0.5686822398569353
grape_leaf_spot_142.jpg,26104,6078,754,32600,0.8842818428184281
grape_leaf_spot_145.jpg,9493,2867,4825,48351,0.7116725391708524
grape_leaf_spot_157.jpg,7597,27757,68,30114,0.35319277528533904
grape_leaf_spot_168.jpg,36880,2164,3973,22519,0.9231886053293615
grape_leaf_spot_170.jpg,3475,1159,1147,59755,0.7508643042350908
grape_leaf_spot_22.jpg,127,249,5486,59674,0.04241108699282017
grape_leaf_spot_47.jpg,21231,588,3942,39775,0.9036006128702758
grape_leaf_spot_53.jpg,12513,1582,10373,41068,0.6767258862659203
grape_leaf_spot_9.jpg,33306,8680,20,23530,0.8844805608667942
grape_leaf_spot_google_0004.jpg,2868,609,687,61372,0.8156996587030717
grape_leaf_spot_google_0028.jpg,3999,2671,1980,56886,0.6323029488497114
grape_leaf_spot_google_0046.jpg,1377,3107,541,60511,0.4301780693533271
grape_leaf_spot_google_0098.jpg,9696,605,3250,51985,0.834172151245322
grape_leaf_spot_google_0124.jpg,1093,705,371,63367,0.6701410177805027
grape_leaf_spot_google_0173.jpg,29644,24326,491,11075,0.7049283633553296
grapevine_leafroll_disease_20.jpg,11765,1042,30715,22014,0.42559733752961815
grapevine_leafroll_disease_google_0001.jpg,44549,165,19841,981,0.8166336706261915
grapevine_leafroll_disease_google_0015.jpg,8499,2542,11933,42562,0.5400819750262129
grapevine_leafroll_disease_google_0018.jpg,37507,400,843,26786,0.9836998570623025
grapevine_leafroll_disease_google_0023.jpg,55099,6581,3153,703,0.9188373411599906
grapevine_leafroll_disease_google_0030.jpg,10095,1441,8841,45159,0.6625754791283801
grapevine_leafroll_disease_google_0036.jpg,11988,102,11818,41628,0.6679295743258302
grapevine_leafroll_disease_google_0045.jpg,39792,1400,4616,19728,0.9297196261682243
grapevine_leafroll_disease_google_0050.jpg,16377,2409,27532,19218,0.5224340059015871
grapevine_leafroll_disease_google_0057.jpg,11012,665,12435,41424,0.6270356451429222
grapevine_leafroll_disease_google_0093.jpg,46841,5226,4355,9114,0.9072174931969824
grapevine_leafroll_disease_google_0116.jpg,35437,368,16755,12976,0.8054138209257133
grapevine_leafroll_disease_google_0154.jpg,30406,13887,738,20505,0.8061296180919177
grapevine_leafroll_disease_google_0181.jpg,13253,583,20566,31134,0.5562060644213619
lettuce_downy_mildew_13.jpg,3713,1875,2361,57587,0.6367689933116104
lettuce_downy_mildew_18.jpg,15213,2173,1052,47098,0.9041633235267897
lettuce_downy_mildew_23.jpg,2746,14469,3711,44610,0.23200405542412977
lettuce_downy_mildew_40.jpg,22713,7211,3069,32543,0.8154597350375185
lettuce_downy_mildew_47.jpg,21486,16881,1417,25752,0.7013546597029542
lettuce_downy_mildew_5.jpg,9548,1183,5680,49125,0.7356215570707655
lettuce_downy_mildew_52.jpg,10244,12530,1096,41666,0.6005745441754119
lettuce_downy_mildew_53.jpg,9893,5184,2891,47568,0.7101683356663436
lettuce_downy_mildew_63.jpg,31136,383,9128,24889,0.8675034478915621
lettuce_downy_mildew_64.jpg,40404,3470,1501,20161,0.9420487531913405
lettuce_downy_mildew_76.jpg,25477,339,6404,33316,0.8831308386917864
lettuce_downy_mildew_google_0015.jpg,42940,12,18147,4437,0.8254596833879603
lettuce_downy_mildew_google_0018.jpg,3286,348,1064,60838,0.8231462925851704
lettuce_downy_mildew_google_0022.jpg,5358,303,1242,58633,0.873990702226572
lettuce_downy_mildew_google_0027.jpg,13799,54,1876,49807,0.9346383094012463
lettuce_downy_mildew_google_0057.jpg,18694,8249,840,37753,0.8044409062547067
lettuce_downy_mildew_google_0147.jpg,6648,26,30214,28648,0.3054024255788313
lettuce_mosaic_virus_16.jpg,2221,5908,347,57060,0.4152566140039263
lettuce_mosaic_virus_24.jpg,0,6419,445,58672,0.0
lettuce_mosaic_virus_31.jpg,5562,1045,3733,55196,0.6995346497295938
lettuce_mosaic_virus_8.jpg,21080,9264,137,35055,0.8176722716782064
lettuce_mosaic_virus_google_0049.jpg,11384,2040,9983,42129,0.65442212066339
lettuce_mosaic_virus_google_0050.jpg,4863,34433,180,26060,0.21935542073569544
lettuce_mosaic_virus_google_0070.jpg,919,21836,164,42617,0.07710378387448612
lettuce_mosaic_virus_google_0076.jpg,4133,33304,6,28093,0.19881662497594765
maple_tar_spot_google_0005.jpg,11176,2991,4180,47189,0.7571046302882498
maple_tar_spot_google_0015.jpg,3846,706,8741,52243,0.44880098022054965
maple_tar_spot_google_0020.jpg,246,469,5819,59002,0.07256637168141593
maple_tar_spot_google_0022.jpg,5979,277,1276,58004,0.8850566205314189
maple_tar_spot_google_0033.jpg,2605,203,693,62035,0.8532590894202424
maple_tar_spot_google_0040.jpg,1185,3,419,63929,0.8488538681948424
maple_tar_spot_google_0041.jpg,1125,109,141,64161,0.9
maple_tar_spot_google_0042.jpg,316,446,1257,63517,0.27066381156316915
maple_tar_spot_google_0043.jpg,13819,1149,6030,44538,0.7938076227130425
maple_tar_spot_google_0045.jpg,3940,2543,911,58142,0.6952532203988001
maple_tar_spot_google_0057.jpg,3222,3888,309,58117,0.6055821821257401
maple_tar_spot_google_0066.jpg,3690,4395,3029,54422,0.49851391515806537
maple_tar_spot_google_0074.jpg,2306,6747,58,56425,0.4039590084961023
maple_tar_spot_google_0085.jpg,2918,62324,0,294,0.08562206572769954
maple_tar_spot_google_0088.jpg,1373,588,1462,62113,0.5725604670558799
maple_tar_spot_google_0089.jpg,2699,6271,2457,54109,0.3821322384255982
maple_tar_spot_google_0101.jpg,1164,1311,298,62763,0.5913131826263652
maple_tar_spot_google_0110.jpg,2771,583,6638,55544,0.4342239285434459
maple_tar_spot_google_0181.jpg,20054,234,1323,43925,0.9626305052202088
maple_tar_spot_google_0190.jpg,11101,1574,2407,50454,0.8479547798189665
maple_tar_spot_google_0191.jpg,2974,40,5375,57147,0.5234533133855496
maple_tar_spot_google_0200.jpg,11188,2,8824,45522,0.7171335170822383
maple_tar_spot_google_0205.jpg,7208,366,4019,53943,0.7667677251210042
peach_anthracnose_Bing_0002.jpg,6387,2845,531,55773,0.7909597523219815
peach_anthracnose_Bing_0013.jpg,11730,1176,657,51973,0.9275293559482861
peach_anthracnose_Google_0197.jpg,11421,261,8115,45739,0.7316932538919854
peach_brown_rot_Bing_0000.jpg,20324,694,153,44365,0.9795879021568864
peach_brown_rot_Bing_0009.jpg,4582,132,1405,59417,0.8563685636856369
peach_brown_rot_Bing_0011.jpg,15683,201,931,48721,0.9651670872053665
peach_brown_rot_Bing_0021.jpg,13505,172,3378,48481,0.8838350785340314
peach_brown_rot_Bing_0040.jpg,24230,1023,268,40015,0.9740507728487869
peach_brown_rot_Bing_0047.jpg,22016,4124,781,38615,0.8997690908719373
peach_brown_rot_Bing_0067.jpg,51611,45,1076,12804,0.9892565864504567
peach_brown_rot_Bing_0085.jpg,10906,708,369,53553,0.9529468303551925
peach_brown_rot_Bing_0092.jpg,10516,1514,187,53319,0.925174855936304
peach_brown_rot_Bing_0098.jpg,19025,1968,208,44335,0.9459056331725749
peach_brown_rot_Bing_0111.jpg,34415,818,1206,29097,0.9714342168402631
peach_brown_rot_Bing_0114.jpg,14957,187,478,49914,0.9782530494784002
peach_brown_rot_Bing_0120.jpg,11992,366,503,52675,0.9650344022854384
peach_brown_rot_Bing_0124.jpg,4726,213,264,60333,0.9519589082485648
peach_brown_rot_Bing_0141.jpg,19042,857,166,45471,0.9738410003324213
peach_brown_rot_Bing_0148.jpg,17290,706,364,47176,0.9699859747545582
peach_brown_rot_Bing_0155.jpg,10221,1429,1099,52787,0.8899434044405746
peach_brown_rot_Bing_0164.jpg,16333,2266,600,46337,0.9193403129573342
peach_brown_rot_Bing_0185.jpg,21117,1447,781,42191,0.949889793531555
peach_brown_rot_Bing_0191.jpg,9706,650,594,54586,0.9397753679318358
peach_brown_rot_Bing_0199.jpg,10305,367,8577,46287,0.6973675306219125
peach_brown_rot_Bing_0201.jpg,12291,508,6375,46362,0.781249006832989
peach_brown_rot_Bing_0206.jpg,10291,3122,415,51708,0.8533521290269083
peach_brown_rot_Bing_0216.jpg,1951,8882,0,54703,0.3052252816020025
peach_brown_rot_Bing_0221.jpg,6717,430,891,57498,0.9104710267705862
peach_brown_rot_Bing_0235.jpg,1511,8511,88,55426,0.2600464676017554
peach_brown_rot_Bing_0262.jpg,2919,0,4789,57828,0.5493554154512091
peach_brown_rot_Bing_0269.jpg,7614,521,180,57221,0.9559922154560864
peach_brown_rot_Bing_0284.jpg,3936,52,246,61302,0.9635250917992656
peach_brown_rot_Bing_0293.jpg,4110,8428,672,52326,0.4745958429561201
peach_brown_rot_Bing_0298.jpg,1876,3476,189,59995,0.5058649049480922
peach_brown_rot_Bing_0306.jpg,19907,690,1233,43706,0.9539257732946785
peach_brown_rot_Bing_0317.jpg,42618,1465,683,20770,0.9754188409777533
peach_brown_rot_Google_0249.jpg,8224,149,507,56656,0.961646398503274
peach_brown_rot_Google_0268.jpg,2266,1043,1550,60677,0.6360701754385965
peach_leaf_curl_2.jpg,1848,3356,2673,57659,0.38005141388174807
peach_leaf_curl_34.jpg,47,3492,2617,59380,0.015153957762373046
peach_leaf_curl_35.jpg,14509,446,741,49840,0.9607018705512332
peach_leaf_curl_48.jpg,3831,2024,598,59083,0.7450408401400234
peach_leaf_curl_49.jpg,5268,1710,1716,56842,0.7546196819939837
peach_leaf_curl_6.jpg,1177,1551,3129,59679,0.33466022177992605
peach_leaf_curl_google_0004.jpg,8454,4536,1202,51344,0.7466219199858695
peach_leaf_curl_google_0011.jpg,3458,834,197,61047,0.8702655089971059
peach_leaf_curl_google_0017.jpg,7531,996,1699,55310,0.8482288674888776
peach_leaf_curl_google_0020.jpg,4562,494,2033,58447,0.7831087460303836
peach_leaf_curl_google_0035.jpg,7882,1188,3223,53243,0.781363073110285
peach_leaf_curl_google_0057.jpg,6385,4527,6425,48199,0.5383188601298373
peach_leaf_curl_google_0063.jpg,12837,435,3092,49172,0.8792164651895483
peach_leaf_curl_google_0064.jpg,11941,7537,210,45848,0.7550665528470707
peach_leaf_curl_google_0069.jpg,2157,205,767,62407,0.8161180476730987
peach_leaf_curl_google_0071.jpg,4362,8754,1036,51384,0.47121097547801666
peach_leaf_curl_google_0074.jpg,2002,128,2638,60768,0.5914327917282127
peach_leaf_curl_google_0085.jpg,3465,841,466,60764,0.8413257253854559
peach_leaf_curl_google_0093.jpg,1657,8,6194,57677,0.34825556956704495
peach_leaf_curl_google_0099.jpg,6802,335,384,58015,0.9498010193395239
peach_leaf_curl_google_0112.jpg,6771,3115,150,55500,0.8057357053608616
peach_leaf_curl_google_0128.jpg,2023,3177,2461,57875,0.4178025609252375
peach_leaf_curl_google_0149.jpg,13567,2399,308,49262,0.9092858818404209
peach_leaf_curl_google_0164.jpg,1815,2480,839,60402,0.5223773204777666
peach_leaf_curl_google_0173.jpg,10183,258,7396,47699,0.7268379728765167
peach_leaf_curl_google_0181.jpg,2044,1772,2959,58761,0.46354461957138
peach_leaf_curl_google_0183.jpg,4644,197,825,59870,0.9008729388942774
peach_leaf_curl_google_0198.jpg,10275,437,758,54066,0.9450448378937687
peach_leaf_curl_google_0199.jpg,615,1448,219,63254,0.4245771487745944
peach_leaf_curl_google_0200.jpg,8059,254,188,57035,0.9733091787439614
peach_leaf_curl_google_0207.jpg,6594,1497,22219,35226,0.3573596358118361
peach_leaf_curl_google_0224.jpg,7801,439,42,57254,0.9700926444071379
peach_leaf_curl_google_0233.jpg,1675,1093,1488,61280,0.5648288652841005
peach_leaf_curl_google_0252.jpg,17844,3134,247,44311,0.9134608001228596
peach_leaf_curl_google_0269.jpg,4707,215,1504,59110,0.8455941794664511
peach_leaf_curl_google_0305.jpg,906,2052,2308,60270,0.2935839274141283
peach_rust_Bing_0001.jpg,26778,922,2645,35191,0.9375558006407226
peach_rust_Bing_0021.jpg,16951,236,3084,45265,0.9108054376444038
peach_scab_Bing_0007.jpg,35,3085,6565,55851,0.00720164609053498
peach_scab_Bing_0038.jpg,3311,600,40,61585,0.9118700082621867
peach_scab_Bing_0046.jpg,24906,5409,481,34740,0.894258733977236
peach_scab_Bing_0054.jpg,7153,58,1583,56742,0.8970966325954725
peach_scab_Bing_0070.jpg,8777,142,6955,49662,0.7121009289683988
peach_scab_Bing_0083.jpg,15555,1393,690,47898,0.9372458048383695
peach_scab_Bing_0086.jpg,2144,476,408,62508,0.8290796597061099
peach_scab_Bing_0110.jpg,16563,3321,687,44965,0.8920665697204718
peach_scab_Bing_0130.jpg,648,1029,198,63661,0.5136741973840666
peach_scab_Bing_0136.jpg,53,0,1814,63669,0.05520833333333333
peach_scab_Bing_0176.jpg,3133,163,454,61786,0.9103588551503705
peach_scab_Bing_0181.jpg,8087,411,1598,55440,0.889512181708189
peach_scab_Bing_0192.jpg,4919,2281,450,57886,0.7827193889728697
peach_scab_Bing_0223.jpg,5509,1120,91,58816,0.9009730967372639
peach_scab_Bing_0234.jpg,4509,1765,268,58994,0.8160347479866076
peach_scab_Google_0131.jpg,1353,206,1873,62104,0.5655172413793104
plum_bacterial_spot_Bing_0013.jpg,6110,448,2421,56557,0.8098614885015575
plum_bacterial_spot_Bing_0082.jpg,5599,759,1795,57383,0.814281559045957
plum_bacterial_spot_Google_0057.jpg,11137,838,2926,50635,0.8554420462401106
plum_brown_rot_Bing_0000.jpg,4306,4449,163,56618,0.6512401693889898
plum_brown_rot_Bing_0001.jpg,12739,753,433,51611,0.9555205520552055
plum_brown_rot_Bing_0005.jpg,10814,712,377,53633,0.9520623321741427
plum_brown_rot_Bing_0018.jpg,9910,456,503,54667,0.953847634631118
plum_brown_rot_Bing_0025.jpg,13206,2731,4975,44624,0.7741368192742833
plum_brown_rot_Bing_0046.jpg,3880,185,958,60513,0.871616309109289
plum_brown_rot_Bing_0050.jpg,15071,65,3255,47145,0.9007829777060546
plum_brown_rot_Bing_0062.jpg,6648,678,276,57934,0.9330526315789474
plum_brown_rot_Bing_0075.jpg,40049,7961,308,17218,0.9064243439292948
plum_brown_rot_Bing_0077.jpg,16881,5282,809,42564,0.8471633252201842
plum_brown_rot_Bing_0079.jpg,5983,2636,338,56579,0.8009370816599732
plum_brown_rot_Bing_0084.jpg,12213,1543,255,51525,0.9314368517388651
plum_brown_rot_Bing_0097.jpg,5955,124,1956,57501,0.8513223731236598
plum_brown_rot_Bing_0154.jpg,2324,1384,0,61828,0.7705570291777188
plum_brown_rot_Bing_0170.jpg,2395,884,230,62027,0.8113143631436315
plum_brown_rot_Google_0177.jpg,6810,165,4294,54267,0.75336025222634
plum_pocket_disease_23.jpg,25,167,162,65182,0.13192612137203166
plum_pocket_disease_google_0007.jpg,3844,1556,488,59648,0.7899712289354706
plum_pocket_disease_google_0020.jpg,6901,356,587,57692,0.9360461173279078
plum_pocket_disease_google_0028.jpg,0,773,1236,63527,0.0
plum_pocket_disease_google_0029.jpg,834,4564,1896,58242,0.20521653543307086
plum_pocket_disease_google_0032.jpg,10524,92,2046,52874,0.9077891831277495
plum_pocket_disease_google_0038.jpg,7298,1577,1804,54857,0.8119263503365411
plum_pocket_disease_google_0047.jpg,2643,590,211,62092,0.8684080827994086
plum_pocket_disease_google_0062.jpg,9769,611,75,55081,0.9660799050632911
plum_pocket_disease_google_0074.jpg,3384,1608,4487,56057,0.5261603047500583
plum_pocket_disease_google_0117.jpg,0,2490,7215,55831,0.0
plum_pox_virus_Bing_0011.jpg,16125,4251,1531,43629,0.8479701304164914
plum_pox_virus_Bing_0052.jpg,13159,10626,385,41366,0.7050282622090064
plum_pox_virus_Bing_0054.jpg,11383,7511,4132,42510,0.661629224912087
plum_pox_virus_Bing_0064.jpg,2817,1810,354,60555,0.722492946909464
plum_pox_virus_Bing_0076.jpg,21057,95,2995,41389,0.9316432174143882
plum_pox_virus_Bing_0152.jpg,14475,15348,238,35475,0.6500359259924555
plum_pox_virus_Google_0040.jpg,2478,4632,4455,53971,0.35291604358043155
plum_rust_Bing_0007.jpg,22792,797,6815,35132,0.8569065343258891
plum_rust_Bing_0017.jpg,53756,544,2499,8737,0.9724752385690381
plum_rust_Bing_0022.jpg,47960,91,5527,11958,0.9446709606255786
plum_rust_Bing_0024.jpg,64062,717,22,735,0.9942652274120578
plum_rust_Bing_0036.jpg,39379,255,3517,22385,0.9542954077305222
plum_rust_Bing_0048.jpg,2117,11561,3039,48819,0.2248062015503876
plum_rust_Google_0036.jpg,21184,96,8575,35681,0.8301103078038363
potato_early_blight_33.jpg,233,2596,138,62569,0.145625
potato_early_blight_59.jpg,2026,1121,1943,60446,0.5694210230466554
potato_early_blight_6.jpg,16364,9107,940,39125,0.7651198129748685
potato_early_blight_google_0004.jpg,2396,1659,110,61371,0.7303764670019814
potato_early_blight_google_0014.jpg,1224,872,97,63343,0.7164179104477612
potato_early_blight_google_0018.jpg,20841,1703,791,42201,0.9435440057950019
potato_early_blight_google_0021.jpg,1317,1440,919,61860,0.5275385539755658
potato_early_blight_google_0024.jpg,1782,2111,1540,60103,0.493970893970894
potato_early_blight_google_0063.jpg,7450,4820,1228,52038,0.7112850868818026
potato_early_blight_google_0076.jpg,2846,6467,8793,47430,0.27166857579228715
potato_early_blight_google_0077.jpg,140,8907,1693,54796,0.025735294117647058
potato_early_blight_google_0095.jpg,5200,11514,1120,47702,0.4515064686984458
potato_early_blight_google_0097.jpg,300,3506,904,60826,0.11976047904191617
potato_early_blight_google_0105.jpg,7913,3028,356,54239,0.8238417490890161
potato_early_blight_google_0118.jpg,4195,834,17,60490,0.9079103993074342
potato_early_blight_google_0147.jpg,2091,407,468,62570,0.8269725133478347
potato_early_blight_google_0153.jpg,4073,13403,126,47934,0.3758246828143022
potato_early_blight_google_0182.jpg,1108,340,356,63732,0.760989010989011
potato_early_blight_google_0192.jpg,15274,308,4358,45596,0.867495882319532
potato_early_blight_google_0194.jpg,35373,2150,353,27660,0.9658288850359732
potato_early_blight_google_0198.jpg,509,6,146,64875,0.8700854700854701
potato_early_blight_google_0224.jpg,1077,269,78,64112,0.8612554978008796
potato_early_blight_google_0252.jpg,2135,488,1354,61559,0.6986256544502618
potato_early_blight_google_0265.jpg,10499,92,25779,29166,0.4480146792122725
potato_early_blight_google_0277.jpg,11044,959,6474,47059,0.7482131364113682
potato_late_blight_11.jpg,3453,428,899,60756,0.8388193854002186
potato_late_blight_36.jpg,32624,2147,1438,29327,0.9479174233289265
potato_late_blight_43.jpg,5794,448,215,59079,0.9458819688188719
potato_late_blight_6.jpg,2318,513,74,62631,0.8876124832471759
potato_late_blight_86.jpg,8274,266,690,56306,0.9453839122486288
potato_late_blight_95.jpg,3706,285,118,61427,0.9484325015994881
potato_late_blight_96.jpg,637,1221,1092,62586,0.3551714524672428
potato_late_blight_google_0032.jpg,802,75,32,64627,0.9374634716540035
potato_late_blight_google_0048.jpg,7417,5207,3339,49573,0.6344739093242088
potato_late_blight_google_0053.jpg,3991,989,434,60122,0.8486975013290803
potato_late_blight_google_0082.jpg,1359,829,93,63255,0.7467032967032967
potato_late_blight_google_0084.jpg,5665,1109,174,58588,0.8982795528423055
potato_late_blight_google_0100.jpg,2072,1107,844,61513,0.679901558654635
potato_late_blight_google_0102.jpg,2025,204,64,63243,0.9379342288096341
potato_late_blight_google_0107.jpg,4845,408,91,60192,0.9510256158602415
potato_late_blight_google_0135.jpg,3875,219,3430,58012,0.6798842003684534
potato_late_blight_google_0169.jpg,8650,297,3028,53561,0.8387878787878787
potato_late_blight_google_0179.jpg,8378,746,5805,50607,0.7189256446561119
potato_late_blight_google_0183.jpg,4784,197,63,60492,0.9735449735449735
potato_late_blight_google_0205.jpg,3016,823,689,61008,0.799575821845175
potato_late_blight_google_0219.jpg,3661,204,163,61508,0.9522694758746261
potato_late_blight_google_0225.jpg,1750,5014,104,58668,0.4061267115339986
potato_late_blight_google_0234.jpg,1567,531,877,62561,0.6900044033465433
raspberry_fire_blight_Bing_0005.jpg,3995,746,1353,59442,0.791951630488651
raspberry_fire_blight_Bing_0013.jpg,3965,2442,1359,57770,0.6759867019009462
raspberry_fire_blight_Bing_0018.jpg,931,2304,547,61754,0.3950774453638871
raspberry_fire_blight_Bing_0041.jpg,1706,1478,971,61381,0.5821532161747142
raspberry_fire_blight_Bing_0190.jpg,2946,20345,1725,40520,0.21071454116300695
raspberry_fire_blight_Google_0005.jpg,27457,3364,682,34033,0.9313772048846676
raspberry_fire_blight_Google_0221.jpg,0,319,4799,60418,0.0
raspberry_gray_mold_Bing_0000.jpg,4457,3918,297,56864,0.6789549851473836
raspberry_gray_mold_Bing_0001.jpg,5277,719,2860,56680,0.7467628953513055
raspberry_gray_mold_Bing_0020.jpg,879,145,487,64025,0.7355648535564854
raspberry_gray_mold_Bing_0039.jpg,830,1492,1162,62052,0.3847936949466852
raspberry_gray_mold_Bing_0075.jpg,2842,2194,13029,47471,0.2718706653274023
raspberry_gray_mold_Bing_0089.jpg,18594,81,15986,30875,0.6983006290489155
raspberry_gray_mold_Google_0005.jpg,292,13728,71,51445,0.04060349023152333
raspberry_gray_mold_Google_0078.jpg,5135,1757,1936,56708,0.7355152904103702
raspberry_leaf_spot_Bing_0073.jpg,32081,1161,4347,27947,0.9209415817425004
raspberry_leaf_spot_Bing_0112.jpg,1453,4164,2889,57030,0.29179636509689727
raspberry_leaf_spot_Google_0115.jpg,2789,6095,3261,53391,0.373510111155752
raspberry_yellow_rust_Bing_0006.jpg,48242,3198,554,13542,0.9625683387206193
raspberry_yellow_rust_Bing_0007.jpg,34,2328,2374,60800,0.014255765199161425
raspberry_yellow_rust_Bing_0010.jpg,31698,320,463,33055,0.9877997475809844
raspberry_yellow_rust_Bing_0018.jpg,16789,5883,1140,41724,0.8270239649269723
raspberry_yellow_rust_Bing_0101.jpg,12478,453,98,52507,0.9783980867997021
raspberry_yellow_rust_Bing_0175.jpg,22125,231,1486,41694,0.9626471164095982
raspberry_yellow_rust_Bing_0183.jpg,10588,2394,646,51908,0.8744631648496861
rice_blast_151.jpg,831,312,217,64176,0.758557736193519
rice_blast_23.jpg,1922,174,201,63239,0.911116378288694
rice_blast_38.jpg,754,1326,535,62921,0.44761056693380824
rice_blast_42.jpg,1076,1311,513,62636,0.5412474849094567
rice_blast_62.jpg,545,2591,989,61411,0.2334047109207709
rice_blast_87.jpg,17070,32425,60,15981,0.5124202626641651
rice_blast_google_0004.jpg,711,170,663,63992,0.6305986696230599
rice_blast_google_0007.jpg,2846,932,485,61273,0.8006752004501336
rice_blast_google_0008.jpg,16896,4290,843,43507,0.8681310211946051
rice_blast_google_0009.jpg,1024,2914,375,61223,0.38373618137530446
rice_blast_google_0018.jpg,557,1745,40,63194,0.38427043808209727
rice_blast_google_0027.jpg,3430,1800,7,60299,0.7915080189223491
rice_blast_google_0050.jpg,294,486,1145,63611,0.26498422712933756
rice_blast_google_0052.jpg,2369,532,658,61977,0.7992577597840755
rice_blast_google_0062.jpg,5530,2669,154,57183,0.7966577828999496
rice_blast_google_0111.jpg,9690,5995,631,49220,0.7452126432361763
rice_blast_google_0152.jpg,3219,680,121,61516,0.8893493576460837
rice_sheath_blight_133.jpg,1955,628,1797,61156,0.6172059984214681
rice_sheath_blight_148.jpg,4486,1338,5386,54326,0.5716106014271152
rice_sheath_blight_198.jpg,1740,1562,3656,58578,0.40009197516670497
rice_sheath_blight_21.jpg,2908,11067,2333,49228,0.30266444629475436
rice_sheath_blight_41.jpg,4439,3238,2604,55255,0.603125
rice_sheath_blight_43.jpg,480,3675,276,61105,0.19547953573610263
rice_sheath_blight_52.jpg,11292,1523,7294,45427,0.7192127639247158
rice_sheath_blight_57.jpg,0,1167,3374,60995,0.0
rice_sheath_blight_58.jpg,2624,435,12397,50080,0.2902654867256637
rice_sheath_blight_61.jpg,741,649,12099,52047,0.10414617006324667
rice_sheath_blight_8.jpg,94,1846,1190,62406,0.05831265508684864
rice_sheath_blight_google_0000.jpg,1631,349,5568,57988,0.35537640265824166
rice_sheath_blight_google_0027.jpg,10736,1120,2915,50765,0.8418081311012663
rice_sheath_blight_google_0036.jpg,6756,6362,5450,46968,0.5335649976307061
rice_sheath_blight_google_0043.jpg,1866,2064,3262,58344,0.412011481563259
soybean_bacterial_blight_Baidu_0081.jpg,37537,290,15207,12502,0.8288966667034702
soybean_bacterial_blight_Bing_0009.jpg,35097,837,4458,25144,0.9298573302070501
soybean_bacterial_blight_Bing_0027.jpg,31847,378,3981,29330,0.9359469824989346
soybean_bacterial_blight_Bing_0032.jpg,33772,660,653,30451,0.9809314957084974
soybean_bacterial_blight_Bing_0044.jpg,13125,165,7276,44970,0.7791398296280906
soybean_bacterial_blight_Bing_0049.jpg,9566,1243,8825,45902,0.6552054794520548
soybean_bacterial_blight_Bing_0055.jpg,25934,475,189,38938,0.9873600852813523
soybean_bacterial_blight_Bing_0057.jpg,1697,132,886,62821,0.7692656391659112
soybean_bacterial_blight_Bing_0065.jpg,16171,164,18998,30203,0.6279512270891581
soybean_bacterial_blight_Bing_0066.jpg,19646,189,24178,21523,0.6172261581237531
soybean_bacterial_blight_Bing_0105.jpg,18590,1672,5900,39374,0.8308008580622095
soybean_bacterial_blight_Bing_0121.jpg,30030,185,313,35008,0.9917764787476469
soybean_bacterial_blight_Bing_0172.jpg,3831,706,89,60910,0.9059950336998935
soybean_bacterial_blight_Bing_0216.jpg,13824,506,1503,49703,0.932258825909566
soybean_bacterial_blight_Bing_0227.jpg,11009,5104,212,49211,0.8055169386112534
soybean_bacterial_blight_Google_0025.jpg,9831,460,5988,49257,0.7530448104174646
soybean_bacterial_blight_Google_0057.jpg,1933,518,1041,62044,0.7126267281105991
soybean_bacterial_blight_Google_0201.jpg,4529,395,4505,56107,0.6489468405215647
soybean_brown_spot_Baidu_0009.jpg,20009,5112,162,40253,0.8835555948070299
soybean_brown_spot_Baidu_0010.jpg,9733,7336,326,48141,0.7175611913889708
soybean_brown_spot_Bing_0025.jpg,16383,1118,136,47899,0.9631393298059965
soybean_brown_spot_Bing_0061.jpg,5090,142,3611,56693,0.73063948898299
soybean_brown_spot_Bing_0063.jpg,21989,518,598,42431,0.9752516964562913
soybean_brown_spot_Bing_0069.jpg,17773,1863,2295,43605,0.8952750352609309
soybean_brown_spot_Bing_0081.jpg,3580,456,718,60782,0.8591312694984401
soybean_brown_spot_Bing_0090.jpg,7462,915,2223,54936,0.8262650869228214
soybean_brown_spot_Bing_0115.jpg,24357,609,1332,39238,0.9616819662422268
soybean_brown_spot_Bing_0186.jpg,30454,739,7118,27225,0.8857412928088417
soybean_brown_spot_Bing_0223.jpg,34935,1498,12100,17003,0.8370872669765659
soybean_brown_spot_Bing_0229.jpg,20312,2058,836,42330,0.9334987821131486
soybean_brown_spot_Bing_0353.jpg,3672,2699,3694,55471,0.5346145446604063
soybean_brown_spot_Google_0154.jpg,3141,591,2554,59250,0.6663837912379336
soybean_downy_mildew_Baidu_0000.jpg,3740,601,7172,54023,0.49039533206582314
soybean_downy_mildew_Baidu_0004.jpg,18551,3630,2597,40758,0.8562856285628563
soybean_downy_mildew_Baidu_0022.jpg,25886,140,8010,31500,0.8639898534761857
soybean_downy_mildew_Baidu_0031.jpg,5690,205,2849,56792,0.7884162394346681
soybean_downy_mildew_Bing_0012.jpg,17930,413,134,47059,0.9849754168154475
soybean_downy_mildew_Bing_0023.jpg,17882,1284,1936,44434,0.9174020110814693
soybean_downy_mildew_Bing_0031.jpg,21281,957,2950,40348,0.9159224429189352
soybean_downy_mildew_Bing_0038.jpg,3690,3071,4870,53905,0.4816917955747014
soybean_downy_mildew_Bing_0045.jpg,20075,564,5235,39662,0.8737948595181615
soybean_downy_mildew_Bing_0046.jpg,57587,2901,17,5031,0.9752904515123801
soybean_downy_mildew_Bing_0047.jpg,24852,6445,473,33766,0.8778213415280279
soybean_downy_mildew_Bing_0054.jpg,17402,325,9242,38567,0.7843861981925131
soybean_downy_mildew_Bing_0072.jpg,25334,844,116,39242,0.9814054389091191
soybean_downy_mildew_Bing_0075.jpg,17583,3003,548,44402,0.9082831830978639
soybean_downy_mildew_Bing_0078.jpg,37926,16241,205,11164,0.8218162907105246
soybean_downy_mildew_Bing_0083.jpg,734,20,15075,49707,0.0886312866026686
soybean_downy_mildew_Bing_0087.jpg,19064,461,6787,39224,0.8402679830747531
soybean_downy_mildew_Bing_0101.jpg,38025,3451,918,23142,0.945672042676482
soybean_downy_mildew_Bing_0107.jpg,55414,233,832,9057,0.9904819783185722
soybean_downy_mildew_Bing_0110.jpg,7453,18,15571,42494,0.4888014428594852
soybean_downy_mildew_Bing_0115.jpg,752,90,982,63712,0.5838509316770186
soybean_downy_mildew_Bing_0121.jpg,46117,1431,12788,5200,0.8664293162240613
soybean_downy_mildew_Bing_0127.jpg,11168,221,6630,47517,0.7652722102305821
soybean_downy_mildew_Bing_0142.jpg,29152,1102,195,35087,0.97823862015738
soybean_downy_mildew_Bing_0143.jpg,4059,1206,2513,57758,0.6858156627523866
soybean_downy_mildew_Google_0052.jpg,14057,6562,7550,37367,0.6657983233079146
soybean_downy_mildew_Google_0061.jpg,27090,2155,185,36106,0.9585987261146497
soybean_downy_mildew_Google_0068.jpg,633,3715,2732,58456,0.16413846752236483
soybean_downy_mildew_Google_0102.jpg,21234,1004,2738,40560,0.9190218567409651
soybean_downy_mildew_Google_0256.jpg,49,0,347,65140,0.2202247191011236
soybean_downy_mildew_Google_0302.jpg,45421,1073,51,18991,0.9877780919035296
soybean_frog_eye_leaf_spot_Baidu_0012.jpg,12858,3652,1035,47991,0.8458375818175838
soybean_frog_eye_leaf_spot_Baidu_0023.jpg,32800,4195,1492,27049,0.9202238837375678
soybean_frog_eye_leaf_spot_Bing_0003.jpg,43729,759,4791,16257,0.9403277137450542
soybean_frog_eye_leaf_spot_Bing_0004.jpg,54002,455,979,10100,0.9868966903634935
soybean_frog_eye_leaf_spot_Bing_0006.jpg,37406,2971,2597,22562,0.930729037073899
soybean_frog_eye_leaf_spot_Bing_0007.jpg,4324,169,5023,56020,0.6248554913294798
soybean_frog_eye_leaf_spot_Bing_0012.jpg,3540,696,4208,57092,0.5907877169559412
soybean_frog_eye_leaf_spot_Bing_0016.jpg,26611,977,2520,35428,0.9383451753380702
soybean_frog_eye_leaf_spot_Bing_0017.jpg,41097,1205,1454,21780,0.9686634532662369
soybean_frog_eye_leaf_spot_Bing_0029.jpg,10312,422,24198,30604,0.45583944832463974
soybean_frog_eye_leaf_spot_Bing_0047.jpg,13060,2111,1264,49101,0.8855738260722156
soybean_frog_eye_leaf_spot_Bing_0049.jpg,9346,3391,4707,48092,0.6977230309817096
soybean_frog_eye_leaf_spot_Bing_0053.jpg,28529,2134,8163,26710,0.8471234503748793
soybean_frog_eye_leaf_spot_Bing_0056.jpg,32799,5630,406,26701,0.9157383365440992
soybean_frog_eye_leaf_spot_Bing_0068.jpg,2,96,362,65076,0.008658008658008658
soybean_frog_eye_leaf_spot_Bing_0086.jpg,8835,224,9508,46969,0.6448434420845194
soybean_frog_eye_leaf_spot_Bing_0089.jpg,1176,420,527,63413,0.712943316156411
soybean_frog_eye_leaf_spot_Bing_0095.jpg,307,166,62,65001,0.7292161520190024
soybean_frog_eye_leaf_spot_Bing_0096.jpg,18586,1133,2489,43328,0.9112124332009609
soybean_frog_eye_leaf_spot_Bing_0103.jpg,6421,863,3759,54493,0.7353412734768667
soybean_frog_eye_leaf_spot_Bing_0126.jpg,548,325,3810,60853,0.2095201682278723
soybean_frog_eye_leaf_spot_Bing_0141.jpg,5163,1022,2140,57211,0.7655693950177936
soybean_frog_eye_leaf_spot_Bing_0143.jpg,2481,2277,1464,59314,0.5701482247500862
soybean_frog_eye_leaf_spot_Bing_0155.jpg,53755,291,1545,9945,0.983209262341558
soybean_frog_eye_leaf_spot_Bing_0164.jpg,61983,380,161,3012,0.9956548627787996
soybean_frog_eye_leaf_spot_Bing_0189.jpg,505,766,153,64112,0.5235873509590462
soybean_frog_eye_leaf_spot_Bing_0202.jpg,11718,222,18753,34843,0.552592487797977
soybean_frog_eye_leaf_spot_Bing_0204.jpg,5563,1683,8238,50052,0.5286264075640233
soybean_frog_eye_leaf_spot_Bing_0213.jpg,26873,398,1816,36449,0.9604360257326662
soybean_frog_eye_leaf_spot_Bing_0215.jpg,12376,14891,3920,34349,0.5681886004177857
soybean_frog_eye_leaf_spot_Bing_0216.jpg,43628,1488,2255,18165,0.9588676798646139
soybean_frog_eye_leaf_spot_Bing_0224.jpg,3066,44,12795,49631,0.32323019345316534
soybean_frog_eye_leaf_spot_Bing_0233.jpg,9534,934,2888,52180,0.8330275229357799
soybean_frog_eye_leaf_spot_Bing_0240.jpg,48612,2019,359,14546,0.9761249774100922
soybean_frog_eye_leaf_spot_Bing_0244.jpg,27462,285,5749,32040,0.9010138127891335
soybean_frog_eye_leaf_spot_Bing_0251.jpg,10238,3928,339,51031,0.8275471850624418
soybean_frog_eye_leaf_spot_Bing_0253.jpg,30242,283,2604,32407,0.9544428839690079
soybean_frog_eye_leaf_spot_Google_0048.jpg,36912,1152,3439,24033,0.9414525282152649
soybean_frog_eye_leaf_spot_Google_0056.jpg,23415,34022,28,8071,0.5790059347181009
soybean_frog_eye_leaf_spot_Google_0057.jpg,4746,656,7622,52512,0.5341586944288126
soybean_frog_eye_leaf_spot_Google_0061.jpg,14961,7,48201,2367,0.3829770894662742
soybean_frog_eye_leaf_spot_Google_0089.jpg,11921,4782,1223,47610,0.7988072503099138
soybean_frog_eye_leaf_spot_Google_0096.jpg,48138,2653,260,14485,0.9706318240933974
soybean_frog_eye_leaf_spot_Google_0109.jpg,27958,703,689,36186,0.9757101975291408
soybean_frog_eye_leaf_spot_Google_0128.jpg,4627,1686,1166,58057,0.7644143399966958
soybean_frog_eye_leaf_spot_Google_0221.jpg,3441,613,2776,58706,0.6700418654464025
soybean_frog_eye_leaf_spot_Google_0362.jpg,5945,258,17333,42000,0.4033106068315186
soybean_frog_eye_leaf_spot_Google_0363.jpg,6832,1106,14905,42693,0.4604549283909014
soybean_mosaic_Baidu_0059.jpg,26622,13525,820,24569,0.7877613221086271
soybean_mosaic_Baidu_0089.jpg,692,5274,2258,57312,0.15522655899506504
soybean_mosaic_Baidu_0094.jpg,36866,539,1475,26656,0.9734111372217675
soybean_mosaic_Bing_0000.jpg,20710,1424,761,42641,0.9498910675381264
soybean_mosaic_Bing_0010.jpg,12702,18267,2019,32548,0.5560078791858175
soybean_mosaic_Bing_0013.jpg,16984,2575,944,45033,0.9061274575186065
soybean_mosaic_Bing_0018.jpg,10984,2495,3890,48167,0.774803371777237
soybean_mosaic_Bing_0036.jpg,5992,1529,1895,56120,0.7777777777777778
soybean_mosaic_Bing_0062.jpg,29384,5914,2503,27735,0.874719059313835
soybean_mosaic_Bing_0076.jpg,34368,2521,2443,26204,0.9326458616010855
soybean_mosaic_Bing_0105.jpg,25199,1305,7030,32002,0.8580865952701208
soybean_mosaic_Bing_0108.jpg,41935,1103,217,22281,0.9845052236177955
soybean_mosaic_Bing_0112.jpg,21002,305,70,44159,0.991151277755492
soybean_mosaic_Bing_0118.jpg,1998,4170,44,59324,0.48672350791717417
soybean_mosaic_Bing_0124.jpg,49789,658,782,14307,0.985745114732028
soybean_mosaic_Bing_0176.jpg,8781,2210,684,53861,0.8585256159561987
soybean_mosaic_Bing_0177.jpg,24368,252,338,40578,0.9880387625187528
soybean_mosaic_Bing_0231.jpg,6234,1744,1647,55911,0.7861781953464909
soybean_mosaic_Google_0010.jpg,6736,196,593,58011,0.9446742865156721
soybean_mosaic_Google_0026.jpg,32143,3732,3876,25785,0.8941775391548669
soybean_mosaic_Google_0117.jpg,31231,1014,2779,30512,0.9427514904535507
soybean_mosaic_Google_0142.jpg,11712,1542,2912,49370,0.8402324413516035
soybean_mosaic_Google_0372.jpg,17952,5413,444,41727,0.859749527070712
soybean_rust_Baidu_0010.jpg,20942,3194,2490,38910,0.8805079044735957
soybean_rust_Baidu_0036.jpg,20433,3052,11196,30855,0.7414812933193018
soybean_rust_Bing_0001.jpg,14161,119,4735,46521,0.8536894140342416
soybean_rust_Bing_0008.jpg,25652,581,11575,27728,0.8084462653640089
soybean_rust_Bing_0019.jpg,16452,928,2835,45321,0.8973736602394524
soybean_rust_Bing_0022.jpg,54596,854,4497,5589,0.9532839195760544
soybean_rust_Bing_0032.jpg,55219,108,1672,8537,0.9841380170739097
soybean_rust_Bing_0052.jpg,41775,199,1071,22491,0.9850271162461683
soybean_rust_Bing_0055.jpg,10627,8030,213,46666,0.7205478523239651
soybean_rust_Bing_0061.jpg,19574,7283,817,37862,0.8285641720284457
soybean_rust_Bing_0071.jpg,29168,879,51,35438,0.9843080349610231
soybean_rust_Bing_0073.jpg,36119,2937,3774,22706,0.9149957567543604
soybean_rust_Bing_0074.jpg,41257,736,109,23434,0.9898631221583752
soybean_rust_Bing_0075.jpg,57541,438,3987,3570,0.9629728802496925
soybean_rust_Bing_0077.jpg,24257,3901,49,37329,0.9247102775236352
soybean_rust_Bing_0089.jpg,28859,211,6644,29822,0.8938410790887832
soybean_rust_Bing_0096.jpg,12641,6163,14560,32172,0.5495489620693403
soybean_rust_Bing_0145.jpg,32375,436,75,32650,0.9921699023919339
soybean_rust_Bing_0149.jpg,44213,1314,111,19898,0.9841404102347219
soybean_rust_Bing_0150.jpg,27740,339,229,37228,0.9898658292891807
soybean_rust_Bing_0167.jpg,45705,332,5194,14305,0.942993315177024
soybean_rust_Bing_0170.jpg,41683,1115,2132,20606,0.9625114012907993
soybean_rust_Google_0067.jpg,11519,303,566,53148,0.9636508135692475
soybean_rust_Google_0218.jpg,32726,111,8375,24324,0.8852281641375206
squash_powdery_mildew_114.jpg,26692,1067,8467,29310,0.8484694364092946
squash_powdery_mildew_129.jpg,28798,983,1946,33809,0.9516067740603057
squash_powdery_mildew_17.jpg,36956,547,3117,24916,0.952768897597195
squash_powdery_mildew_20.jpg,47782,135,3216,14403,0.9661224283475711
squash_powdery_mildew_23.jpg,43469,4941,1007,16119,0.935964515642831
squash_powdery_mildew_28.jpg,7720,775,1529,55512,0.8701532912533815
squash_powdery_mildew_32.jpg,10837,11797,12442,30460,0.4720667349116808
squash_powdery_mildew_35.jpg,28850,21262,3897,11527,0.6963637021928819
squash_powdery_mildew_37.jpg,30884,7246,7150,20256,0.8109868179192269
squash_powdery_mildew_41.jpg,6655,9482,19674,29725,0.31342721235812177
squash_powdery_mildew_47.jpg,36470,562,3441,25063,0.9479744746110758
squash_powdery_mildew_48.jpg,31205,4063,3699,26569,0.889386079917916
squash_powdery_mildew_50.jpg,11331,2068,18518,33619,0.5240011098779135
squash_powdery_mildew_6.jpg,26039,9633,4074,25790,0.7916394314813407
squash_powdery_mildew_71.jpg,948,147,40800,23641,0.04425460401932638
squash_powdery_mildew_google_0000.jpg,20491,739,6224,38082,0.854771091876108
squash_powdery_mildew_google_0001.jpg,24849,504,16123,24060,0.7493102148511119
squash_powdery_mildew_google_0006.jpg,29085,2534,4692,29225,0.8895039451954248
squash_powdery_mildew_google_0011.jpg,20928,3536,6810,34262,0.8018083598329566
squash_powdery_mildew_google_0033.jpg,17140,731,26542,21123,0.5569184280213799
squash_powdery_mildew_google_0035.jpg,53762,1902,1454,8418,0.9697330447330448
squash_powdery_mildew_google_0045.jpg,21316,2308,16747,25165,0.6911018529025564
squash_powdery_mildew_google_0047.jpg,11332,1762,1587,50855,0.8712566793526314
squash_powdery_mildew_google_0049.jpg,39807,578,4001,21150,0.9456130557172211
squash_powdery_mildew_google_0070.jpg,47092,321,10411,7712,0.8977086431049601
squash_powdery_mildew_google_0079.jpg,26010,69,17154,22303,0.7512672761145531
squash_powdery_mildew_google_0102.jpg,20939,562,1357,42678,0.9561842135306071
squash_powdery_mildew_google_0105.jpg,25154,2036,8156,30190,0.8315371900826446
squash_powdery_mildew_google_0109.jpg,28448,249,5040,31799,0.9149473345662137
squash_powdery_mildew_google_0119.jpg,26123,15457,3813,20143,0.7305498070361877
squash_powdery_mildew_google_0124.jpg,47889,4777,1962,10908,0.9342645609996391
squash_powdery_mildew_google_0150.jpg,22424,58,26665,16389,0.6266225147056769
squash_powdery_mildew_google_0183.jpg,27765,3861,7366,26544,0.8318228799976033
squash_powdery_mildew_google_0191.jpg,11031,2017,9331,43157,0.6603412152050284
squash_powdery_mildew_google_0196.jpg,20623,21905,1410,21598,0.6388686668422112
squash_powdery_mildew_google_0327.jpg,25375,518,5196,34447,0.8988027769906489
strawberry_anthracnose_5.jpg,214,392,224,64706,0.4099616858237548
strawberry_anthracnose_google_0001.jpg,8119,1788,199,55430,0.8909739368998628
strawberry_anthracnose_google_0002.jpg,750,345,7600,56841,0.15881418740074113
strawberry_anthracnose_google_0007.jpg,4553,2745,1895,56343,0.6624472573839663
strawberry_anthracnose_google_0011.jpg,2587,249,74,62626,0.9412406767327633
strawberry_anthracnose_google_0014.jpg,7020,5548,1396,51572,0.6690812047274114
strawberry_anthracnose_google_0027.jpg,12706,3664,45,49121,0.8726348683080938
strawberry_anthracnose_google_0028.jpg,5750,983,3366,55437,0.7255978295160578
strawberry_anthracnose_google_0067.jpg,7473,437,387,57239,0.9477488902980342
strawberry_anthracnose_google_0070.jpg,5906,2223,26,57381,0.8400540502098002
strawberry_anthracnose_google_0092.jpg,8608,646,582,55700,0.9334200824116243
strawberry_anthracnose_google_0143.jpg,869,194,42,64431,0.8804457953394124
strawberry_leaf_scorch_google_0017.jpg,17539,6747,199,41051,0.8347134970493052
strawberry_leaf_scorch_google_0037.jpg,25050,3382,5524,31580,0.849066196657967
strawberry_leaf_scorch_google_0043.jpg,21692,4163,5013,34668,0.8254185692541857
strawberry_leaf_scorch_google_0062.jpg,2469,159,7580,55328,0.3895243354105861
strawberry_leaf_scorch_google_0117.jpg,17558,1314,5885,40779,0.8298712040647525
strawberry_leaf_scorch_google_0122.jpg,10619,3405,11052,40460,0.5949852920577111
strawberry_leaf_scorch_google_0133.jpg,1033,179,1029,63295,0.6310323762981063
strawberry_leaf_scorch_google_0186.jpg,10648,17310,3868,33710,0.5013890850873476
tobacco_blue_mold_Bing_0016.jpg,2487,1651,637,60761,0.6849352795373176
tobacco_blue_mold_Bing_0024.jpg,17280,26073,1402,20781,0.5571048601595874
tobacco_blue_mold_Bing_0028.jpg,2005,41,260,63230,0.9301786128508467
tobacco_blue_mold_Bing_0042.jpg,0,12,2333,63191,0.0
tobacco_blue_mold_Bing_0079.jpg,4925,8441,562,51608,0.5224632684453403
tobacco_blue_mold_Bing_0083.jpg,2147,3620,2593,57176,0.40867992766726946
tobacco_blue_mold_Bing_0094.jpg,11906,1187,4450,47993,0.80858433223539
tobacco_blue_mold_Bing_0096.jpg,9943,3894,2875,48824,0.7460513974864003
tobacco_blue_mold_Bing_0107.jpg,16046,9561,1383,38546,0.7457012733525421
tobacco_blue_mold_Bing_0121.jpg,714,104,1170,63548,0.5284974093264249
tobacco_blue_mold_Bing_0127.jpg,744,27,1094,63671,0.5703334610962054
tobacco_blue_mold_Google_0008.jpg,9941,3813,989,50793,0.8054610273861611
tobacco_brown_spot_Bing_0001.jpg,38663,2805,4330,19738,0.9155231408579108
tobacco_brown_spot_Bing_0003.jpg,3066,871,473,61126,0.8202247191011236
tobacco_brown_spot_Bing_0004.jpg,9388,5122,175,50851,0.779960952104017
tobacco_brown_spot_Bing_0020.jpg,4204,5031,287,56014,0.612560104910389
tobacco_brown_spot_Bing_0041.jpg,20359,2102,0,43075,0.9509107893507707
tobacco_brown_spot_Bing_0044.jpg,3006,1047,235,61248,0.8242391006306553
tobacco_brown_spot_Bing_0045.jpg,1408,840,676,62612,0.6500461680517082
tobacco_brown_spot_Bing_0047.jpg,4396,18696,7248,35196,0.253109166282819
tobacco_brown_spot_Bing_0055.jpg,947,2397,61,62131,0.4352022058823529
tobacco_brown_spot_Bing_0122.jpg,3168,1201,488,60679,0.7895327102803739
tobacco_brown_spot_Bing_0144.jpg,8574,8350,164,48448,0.668225391629647
tobacco_brown_spot_Bing_0159.jpg,25098,509,3115,36814,0.9326644370122631
tobacco_brown_spot_Google_0029.jpg,21791,1630,1136,40979,0.940321049451972
tobacco_frogeye_leaf_spot_Bing_0000.jpg,3090,2755,13,59678,0.6906571300849352
tobacco_frogeye_leaf_spot_Bing_0002.jpg,963,15300,173,49100,0.11069601701247198
tobacco_frogeye_leaf_spot_Bing_0007.jpg,2501,1015,234,61786,0.8001919692849144
tobacco_frogeye_leaf_spot_Bing_0039.jpg,2875,2137,69,60455,0.7227249874308698
tobacco_frogeye_leaf_spot_Google_0052.jpg,15619,9773,0,40144,0.7616980810026578
tobacco_frogeye_leaf_spot_Google_0149.jpg,3359,2576,74,59527,0.7171221178479932
tobacco_mosaic_virus_115.jpg,24959,258,23013,17306,0.6820423834182733
tobacco_mosaic_virus_117.jpg,15763,139,38053,11581,0.4521931208583149
tobacco_mosaic_virus_127.jpg,49310,517,5107,10602,0.9460496527378075
tobacco_mosaic_virus_161.jpg,29898,104,29798,5736,0.6666369372784231
tobacco_mosaic_virus_36.jpg,1287,3767,38622,21860,0.05724706981295732
tobacco_mosaic_virus_4.jpg,49462,8495,367,7212,0.9177815300688401
tobacco_mosaic_virus_47.jpg,34647,1941,28101,847,0.6975718772650399
tobacco_mosaic_virus_51.jpg,25086,198,35102,5150,0.5869992512167728
tomato_bacterial_leaf_spot_120.jpg,97,9660,1809,53970,0.01663379919403241
tomato_bacterial_leaf_spot_14.jpg,3292,3139,3162,55943,0.5109817617384556
tomato_bacterial_leaf_spot_19.jpg,2191,12436,2047,48862,0.23228200371057514
tomato_bacterial_leaf_spot_2.jpg,21161,3811,128,40436,0.9148526836860422
tomato_bacterial_leaf_spot_200.jpg,16737,420,9348,39031,0.7741085056195366
tomato_bacterial_leaf_spot_27.jpg,21488,4181,10639,29228,0.7435808706484878
tomato_bacterial_leaf_spot_31.jpg,1787,2533,609,60607,0.5321620011911852
tomato_bacterial_leaf_spot_63.jpg,941,2763,240,61592,0.3852610030706244
tomato_bacterial_leaf_spot_70.jpg,500,4176,1610,59250,0.14736221632773358
tomato_bacterial_leaf_spot_71.jpg,1603,1413,2713,59807,0.43726132024004366
tomato_bacterial_leaf_spot_78.jpg,2163,4599,782,57992,0.4456577727413207
tomato_bacterial_leaf_spot_9.jpg,28,1940,10525,53043,0.0044724862231451164
tomato_bacterial_leaf_spot_google_0014.jpg,3836,4266,1975,55459,0.55142672320851
tomato_bacterial_leaf_spot_google_0020.jpg,4133,3325,12580,45498,0.34198005874808657
tomato_bacterial_leaf_spot_google_0043.jpg,965,643,794,63134,0.5732105732105732
tomato_bacterial_leaf_spot_google_0087.jpg,10299,1109,8306,45822,0.6863026022057108
tomato_bacterial_leaf_spot_google_0103.jpg,11116,294,30113,24013,0.42234844886870954
tomato_bacterial_leaf_spot_google_0163.jpg,4553,573,10035,50375,0.4619052450035508
tomato_bacterial_leaf_spot_google_0195.jpg,27378,2208,21762,14188,0.6955262556207606
tomato_bacterial_leaf_spot_google_0276.jpg,6676,308,26797,31755,0.3300294139456707
tomato_bacterial_leaf_spot_google_0319.jpg,38873,414,693,25556,0.9859612189770839
tomato_bacterial_leaf_spot_google_0405.jpg,364,17,1736,63419,0.29343006852075776
tomato_early_blight_10.jpg,1086,304,2539,61607,0.43310069790628114
tomato_early_blight_118.jpg,14551,1928,1916,47141,0.8833242275238269
tomato_early_blight_136.jpg,908,262,1627,62739,0.49014844804318486
tomato_early_blight_14.jpg,827,93,1358,63258,0.5326892109500805
tomato_early_blight_155.jpg,6867,7126,1641,49902,0.6103728723167859
tomato_early_blight_159.jpg,4143,1031,1511,58851,0.7652382711488733
tomato_early_blight_160.jpg,18867,1250,1662,43757,0.928357033902475
tomato_early_blight_172.jpg,5069,2322,1631,56514,0.7194663260237031
tomato_early_blight_173.jpg,4703,1219,241,59373,0.8656359285845757
tomato_early_blight_191.jpg,2623,1533,500,60880,0.7207033933232587
tomato_early_blight_202.jpg,10324,1972,1135,52105,0.8692064828457167
tomato_early_blight_321.jpg,459,1467,272,63338,0.3455024463680843
tomato_early_blight_4.jpg,3956,1176,29,60375,0.8678293298234068
tomato_early_blight_62.jpg,6191,2848,3741,52756,0.6526804069369037
tomato_early_blight_671.jpg,6226,2190,425,56695,0.8264418928784761
tomato_early_blight_96.jpg,3619,1959,1519,58439,0.6754385964912281
tomato_early_blight_google_0000.jpg,934,1316,3895,59391,0.26387907896595564
tomato_early_blight_google_0041.jpg,8286,7918,2,49330,0.6766291033806957
tomato_early_blight_google_0056.jpg,739,274,2151,62372,0.3786830643095055
tomato_early_blight_google_0059.jpg,11661,2703,2766,48406,0.8100448056684381
tomato_early_blight_google_0152.jpg,6218,3082,1869,54367,0.7152470236383505
tomato_early_blight_google_0163.jpg,3484,1000,412,60640,0.8315035799522673
tomato_early_blight_google_0177.jpg,8060,19476,360,37640,0.44832573144954946
tomato_early_blight_google_0188.jpg,6304,5698,687,52847,0.6638235139261833
tomato_early_blight_google_0198.jpg,9122,4381,2701,49332,0.7203664218589592
tomato_early_blight_google_0209.jpg,1612,132,352,63440,0.8694714131607335
tomato_early_blight_google_0247.jpg,5569,1880,1592,56495,0.7623545516769336
tomato_early_blight_google_0249.jpg,731,910,35,63860,0.6073950976319069
tomato_early_blight_google_0267.jpg,7480,320,891,56845,0.9251128563477831
tomato_early_blight_google_0273.jpg,5709,2693,3032,54102,0.6660444496295864
tomato_early_blight_google_0291.jpg,4271,1857,4300,55108,0.581127967888972
tomato_early_blight_google_0319.jpg,1396,292,520,63328,0.7746947835738068
tomato_early_blight_google_0326.jpg,11898,6113,1155,46370,0.7660314190059233
tomato_early_blight_google_0341.jpg,6447,4524,3875,50690,0.6055511200864134
tomato_early_blight_google_0355.jpg,9327,3080,866,52263,0.8253982300884956
tomato_early_blight_google_0411.jpg,2286,278,414,62558,0.8685410334346505
tomato_early_blight_google_0427.jpg,51517,5004,457,8558,0.9496658832204249
tomato_late_blight_10.jpg,1068,124,46,64298,0.9262792714657415
tomato_late_blight_109.jpg,11013,1590,748,52185,0.9040387456903628
tomato_late_blight_113.jpg,1893,673,29,62941,0.8435828877005348
tomato_late_blight_142.jpg,1391,5336,176,58633,0.335423197492163
tomato_late_blight_147.jpg,426,303,2197,62610,0.2541766109785203
tomato_late_blight_182.jpg,3357,10783,631,50765,0.3703662842012357
tomato_late_blight_185.jpg,4532,503,392,60109,0.9101315393111759
tomato_late_blight_19.jpg,1884,240,90,63322,0.9194729136163983
tomato_late_blight_199.jpg,4328,3851,5,57352,0.6918158567774936
tomato_late_blight_204.jpg,4708,352,90,60386,0.9551633191316697
tomato_late_blight_205.jpg,2317,1349,2641,59229,0.5373376623376623
tomato_late_blight_207.jpg,6024,992,1633,56887,0.8210999795542834
tomato_late_blight_209.jpg,10657,330,2807,51742,0.8717025888511717
tomato_late_blight_233.jpg,23188,526,1961,39861,0.9491025929640013
tomato_late_blight_61.jpg,26428,12050,216,26842,0.811645833973158
tomato_late_blight_65.jpg,8262,1004,266,56004,0.9286276272900977
tomato_late_blight_76.jpg,2437,1786,86,61227,0.7225022235398755
tomato_late_blight_99.jpg,3892,9321,643,51680,0.43858462925400044
tomato_late_blight_google_0024.jpg,8453,89,1567,55427,0.9107854757030492
tomato_late_blight_google_0045.jpg,10782,2878,561,51315,0.8624565052193737
tomato_late_blight_google_0059.jpg,4627,10904,127,49878,0.4561991619423219
tomato_late_blight_google_0067.jpg,7480,4490,3164,50402,0.6615371009109401
tomato_late_blight_google_0080.jpg,10711,64,2293,52468,0.9008789267841373
tomato_late_blight_google_0081.jpg,2065,747,2883,59841,0.5322164948453608
tomato_late_blight_google_0084.jpg,3916,81,3565,57974,0.6823488412615438
tomato_late_blight_google_0095.jpg,8819,85,6691,49941,0.7224543294830835
tomato_late_blight_google_0118.jpg,1695,962,516,62363,0.6963845521774856
tomato_late_blight_google_0137.jpg,10355,496,684,54001,0.946094106898127
tomato_late_blight_google_0175.jpg,9930,10307,1109,44190,0.6349916869164854
tomato_late_blight_google_0217.jpg,4916,2481,158,57981,0.7883890626252906
tomato_late_blight_google_0221.jpg,3797,11923,144,49672,0.38624688469559026
tomato_late_blight_google_0224.jpg,1205,2808,443,61080,0.42571983748454334
tomato_late_blight_google_0226.jpg,4525,1749,2395,56867,0.6859178414430802
tomato_leaf_mold_10.jpg,8357,5905,1521,49753,0.692377796188898
tomato_leaf_mold_148.jpg,3837,424,8115,53160,0.4733238759020539
tomato_leaf_mold_150.jpg,5113,1002,1107,58314,0.8290231049858128
tomato_leaf_mold_151.jpg,6002,1971,2158,55405,0.7440649600198351
tomato_leaf_mold_163.jpg,5176,7845,84,52431,0.566270991740058
tomato_leaf_mold_182.jpg,27192,3387,2440,32517,0.9032236634502001
tomato_leaf_mold_190.jpg,1729,212,673,62922,0.7962238084273544
tomato_leaf_mold_196.jpg,1395,12727,1310,50104,0.16580495632019968
tomato_leaf_mold_202.jpg,10707,718,7656,46455,0.7188800859406472
tomato_leaf_mold_203.jpg,28212,5427,1863,30034,0.8855824465580563
tomato_leaf_mold_235.jpg,2118,3757,194,59467,0.517405643092708
tomato_leaf_mold_25.jpg,12104,1498,370,51564,0.9283632458966099
tomato_leaf_mold_259.jpg,5789,2817,923,56007,0.7558427993210602
tomato_leaf_mold_264.jpg,1266,2886,393,60991,0.4357253484770263
tomato_leaf_mold_265.jpg,12080,3048,1357,49051,0.845790302818134
tomato_leaf_mold_277.jpg,2548,631,786,61571,0.782435129740519
tomato_leaf_mold_31.jpg,1516,417,3033,60570,0.46775686516507253
tomato_leaf_mold_32.jpg,4274,8671,1066,51525,0.4674870112113754
tomato_leaf_mold_40.jpg,1652,7,417,63460,0.8862660944206009
tomato_leaf_mold_59.jpg,9435,3646,2331,50124,0.7594478206624542
tomato_leaf_mold_99.jpg,3893,3287,2297,56059,0.5823485415108451
tomato_leaf_mold_google_0002.jpg,8684,1905,1518,53429,0.8353614544754943
tomato_leaf_mold_google_0007.jpg,3741,966,673,60156,0.8203047911413223
tomato_leaf_mold_google_0024.jpg,13490,15611,4056,32379,0.578386605783866
tomato_leaf_mold_google_0051.jpg,6426,2004,853,56253,0.8181297345470749
tomato_leaf_mold_google_0105.jpg,12451,7086,8297,37702,0.6181457118034007
tomato_leaf_mold_google_0116.jpg,4775,1240,6033,53488,0.5676752065624443
tomato_leaf_mold_google_0131.jpg,13835,5239,2366,44096,0.7844082211197733
tomato_leaf_mold_google_0135.jpg,3733,1077,530,60196,0.8228810757191668
tomato_leaf_mold_google_0152.jpg,2955,2848,2460,57273,0.5268318773399893
tomato_leaf_mold_google_0174.jpg,7943,16740,2750,38103,0.44906151062867483
tomato_mosaic_virus_143.jpg,3932,3292,737,57575,0.6612292945430085
tomato_mosaic_virus_15.jpg,33066,1095,2210,29165,0.9524028975906217
tomato_mosaic_virus_16.jpg,9918,4388,3475,47755,0.716126935990469
tomato_mosaic_virus_194.jpg,14387,29320,222,21607,0.4934151862267645
tomato_mosaic_virus_25.jpg,6946,6391,3842,48357,0.5758341968911918
tomato_mosaic_virus_33.jpg,9398,54855,0,1283,0.25520359533475445
tomato_mosaic_virus_55.jpg,1684,8,29965,33879,0.10101676614378693
tomato_mosaic_virus_google_0031.jpg,7987,9881,3020,44648,0.5532121212121213
tomato_mosaic_virus_google_0042.jpg,3423,2978,2323,56812,0.5635959496171894
tomato_mosaic_virus_google_0049.jpg,39654,3683,179,22020,0.9535649873752555
tomato_mosaic_virus_google_0113.jpg,15812,7453,73,42198,0.807765006385696
tomato_mosaic_virus_google_0126.jpg,10961,769,4924,48882,0.7938439254028608
tomato_mosaic_virus_google_0140.jpg,8574,17023,119,39820,0.500087489063867
tomato_septoria_leaf_spot_10.jpg,2425,2115,299,60697,0.6676762114537445
tomato_septoria_leaf_spot_18.jpg,1051,16246,209,48030,0.11327261949668589
tomato_septoria_leaf_spot_20.jpg,2725,3618,351,58842,0.578617687652617
tomato_septoria_leaf_spot_243.jpg,2397,710,292,62137,0.8271221532091098
tomato_septoria_leaf_spot_61.jpg,6294,80,7470,51692,0.6250869003873274
tomato_septoria_leaf_spot_63.jpg,22697,13503,1099,28237,0.7566171078071872
tomato_septoria_leaf_spot_80.jpg,36943,1126,8788,18679,0.8816945107398568
tomato_septoria_leaf_spot_google_0021.jpg,4932,2216,2296,56092,0.6861435726210351
tomato_septoria_leaf_spot_google_0022.jpg,8081,1321,6028,50106,0.6874229084258432
tomato_septoria_leaf_spot_google_0023.jpg,6005,1767,2664,55100,0.7304908460555928
tomato_septoria_leaf_spot_google_0026.jpg,20064,694,3675,41103,0.9018136054116008
tomato_septoria_leaf_spot_google_0027.jpg,20735,856,19219,24726,0.6738159070598749
tomato_septoria_leaf_spot_google_0033.jpg,4883,42,20835,39776,0.31870247691152953
tomato_septoria_leaf_spot_google_0045.jpg,12670,809,11331,40726,0.676093916755603
tomato_septoria_leaf_spot_google_0051.jpg,4327,6110,499,54600,0.5669920723317827
tomato_septoria_leaf_spot_google_0053.jpg,1576,7602,1657,54701,0.25396825396825395
tomato_septoria_leaf_spot_google_0061.jpg,15944,4322,2299,42971,0.8280661663507232
tomato_septoria_leaf_spot_google_0070.jpg,12496,1070,9201,42769,0.7087315316337237
tomato_septoria_leaf_spot_google_0081.jpg,25439,2097,2387,35613,0.9190058162638634
tomato_septoria_leaf_spot_google_0128.jpg,12518,1935,5832,45251,0.7632228759564674
tomato_septoria_leaf_spot_google_0131.jpg,11621,1586,2617,49712,0.8468573510657679
tomato_septoria_leaf_spot_google_0151.jpg,12671,1191,3990,47684,0.8302591488385808
tomato_septoria_leaf_spot_google_0189.jpg,3877,1295,224,60140,0.8361910924188505
tomato_septoria_leaf_spot_google_0205.jpg,3090,12,10123,52311,0.37879252221881704
tomato_septoria_leaf_spot_google_0208.jpg,12289,9100,1188,42959,0.7049274364710606
tomato_septoria_leaf_spot_google_0243.jpg,13947,2792,2459,46338,0.841574898174687
tomato_yellow_leaf_curl_virus_15.jpg,4252,898,13920,46466,0.36463425092187635
tomato_yellow_leaf_curl_virus_17.jpg,3395,886,7622,53633,0.44384886913322
tomato_yellow_leaf_curl_virus_18.jpg,12956,6208,3057,43315,0.7366176763225971
tomato_yellow_leaf_curl_virus_227.jpg,15814,2367,3910,43445,0.8344017939585807
tomato_yellow_leaf_curl_virus_4.jpg,2953,4189,13651,44743,0.24871557314916196
tomato_yellow_leaf_curl_virus_40.jpg,2432,4792,5016,53296,0.33151581243184297
tomato_yellow_leaf_curl_virus_44.jpg,5982,1733,7243,50578,0.5713467048710602
tomato_yellow_leaf_curl_virus_62.jpg,12819,2004,6384,44329,0.7534826309292894
tomato_yellow_leaf_curl_virus_99.jpg,1853,2681,8150,52852,0.2549356813647933
tomato_yellow_leaf_curl_virus_google_0010.jpg,5431,101,5808,54196,0.6476656132609863
tomato_yellow_leaf_curl_virus_google_0021.jpg,5858,10884,3574,45220,0.4476197753495836
tomato_yellow_leaf_curl_virus_google_0032.jpg,3025,13232,60,49219,0.3127908179092131
tomato_yellow_leaf_curl_virus_google_0037.jpg,19640,3960,4500,37436,0.8227901131126938
tomato_yellow_leaf_curl_virus_google_0061.jpg,4496,5972,2950,52118,0.5019537791671318
tomato_yellow_leaf_curl_virus_google_0072.jpg,5905,5888,4533,49210,0.531240160136746
tomato_yellow_leaf_curl_virus_google_0078.jpg,16459,8188,4676,36213,0.7190162072430213
tomato_yellow_leaf_curl_virus_google_0114.jpg,3793,4070,5736,51937,0.43617755289788407
tomato_yellow_leaf_curl_virus_google_0146.jpg,220,1264,162,63890,0.2357984994640943
tomato_yellow_leaf_curl_virus_google_0162.jpg,17093,11760,1720,34963,0.7171988419418454
wheat_bacterial_leaf_streak_(black_chaff)_Baidu_0031.jpg,1283,1918,1392,60943,0.43669162695711367
wheat_bacterial_leaf_streak_(black_chaff)_Baidu_0039.jpg,2387,925,2317,59907,0.595558882235529
wheat_bacterial_leaf_streak_(black_chaff)_Baidu_0040.jpg,8330,658,6118,50430,0.7108721624850657
wheat_bacterial_leaf_streak_(black_chaff)_Baidu_0202.jpg,3228,876,7015,54417,0.4499895448525824
wheat_bacterial_leaf_streak_(black_chaff)_Baidu_0217.jpg,0,0,7926,57610,0.0
wheat_bacterial_leaf_streak_(black_chaff)_Baidu_0235.jpg,7614,1270,7938,48714,0.6231789163529219
wheat_bacterial_leaf_streak_(black_chaff)_Baidu_0241.jpg,979,445,1531,62581,0.49771225216065074
wheat_bacterial_leaf_streak_(black_chaff)_Baidu_0253.jpg,0,154,4296,61086,0.0
wheat_bacterial_leaf_streak_(black_chaff)_Baidu_0275.jpg,38919,460,4475,21682,0.9403791091297887
wheat_bacterial_leaf_streak_(black_chaff)_Bing_0004.jpg,18985,491,809,45251,0.9668958492487905
wheat_bacterial_leaf_streak_(black_chaff)_Bing_0009.jpg,26460,654,19736,18686,0.7218660482880916
wheat_bacterial_leaf_streak_(black_chaff)_Google_0141.jpg,6186,428,291,58631,0.9450767703002062
wheat_bacterial_leaf_streak_(black_chaff)_Google_0142.jpg,17044,148,6696,41648,0.8327958565425584
wheat_bacterial_leaf_streak_(black_chaff)_Google_0283.jpg,3536,561,3611,57828,0.6289576663109214
wheat_bacterial_leaf_streak_(black_chaff)_Google_0314.jpg,7455,4488,8121,45472,0.5418074784694211
wheat_bacterial_leaf_streak_(black_chaff)_black_chaff (10).jpg,16731,981,2513,45311,0.9054551358372118
wheat_bacterial_leaf_streak_(black_chaff)_black_chaff (2).jpg,9359,96,2814,53267,0.865452191603477
wheat_bacterial_leaf_streak_(black_chaff)_black_chaff (23).jpg,4359,501,1546,59130,0.8098467254993033
wheat_bacterial_leaf_streak_(black_chaff)_black_chaff (25).jpg,8662,2278,6146,48450,0.6728289575889389
wheat_bacterial_leaf_streak_(black_chaff)_black_chaff (3).jpg,23392,2211,1553,38380,0.9255361240800823
wheat_bacterial_leaf_streak_(black_chaff)_black_chaff (9).jpg,3341,8749,306,53140,0.4246044354070026
wheat_bacterial_leaf_streak_(black_chaff)_google_black_chaff (15).jpg,650,263,135,64488,0.7656065959952886
wheat_bacterial_leaf_streak_(black_chaff)_google_black_chaff (5).jpg,1071,515,68,63882,0.7860550458715596
wheat_head_scab_Baidu_0007.jpg,287,102,512,64635,0.4831649831649832
wheat_head_scab_Baidu_0018.jpg,2838,1302,4932,56464,0.4765743073047859
wheat_head_scab_Baidu_0053.jpg,13502,2442,2691,46901,0.8402775616890189
wheat_head_scab_Baidu_0065.jpg,2142,1560,127,61707,0.7174677608440797
wheat_head_scab_Baidu_0081.jpg,20901,6647,429,37559,0.8552313924464995
wheat_head_scab_Baidu_0093.jpg,1834,1519,1960,60223,0.5132223310479922
wheat_head_scab_Baidu_0101.jpg,3911,530,707,60388,0.8634507119991169
wheat_head_scab_Baidu_0111.jpg,2614,1686,9192,52044,0.32459952812616416
wheat_head_scab_Baidu_0127.jpg,5046,7688,1672,51130,0.5188155459592844
wheat_head_scab_Baidu_0137.jpg,574,395,36,64531,0.727042431918936
wheat_head_scab_Baidu_0138.jpg,1856,41,4918,58721,0.4280936454849498
wheat_head_scab_Baidu_0144.jpg,4062,4722,1962,54790,0.5486223662884927
wheat_head_scab_Baidu_0162.jpg,2703,3058,2196,57579,0.5071294559099437
wheat_head_scab_Baidu_0175.jpg,10745,2587,2080,50124,0.8215773980196506
wheat_head_scab_Baidu_0185.jpg,3935,385,950,60266,0.8549701249321021
wheat_head_scab_Baidu_0264.jpg,8704,2202,1665,52965,0.8182373678025852
wheat_head_scab_Baidu_0281.jpg,2021,2414,1371,59730,0.5164175290660534
wheat_head_scab_Baidu_0297.jpg,912,57,681,63886,0.711943793911007
wheat_head_scab_Baidu_0310.jpg,20256,385,1493,43402,0.9556970983722576
wheat_head_scab_Baidu_0332.jpg,14633,4220,3138,43545,0.7990934906072521
wheat_head_scab_Baidu_0368.jpg,5624,223,16697,42992,0.3993183754615166
wheat_head_scab_Baidu_0404.jpg,5056,4962,5340,50178,0.4953463309493485
wheat_head_scab_Baidu_0431.jpg,4333,665,1242,59296,0.8196349191336423
wheat_head_scab_Baidu_0434.jpg,14051,255,11700,39530,0.7015502908355593
wheat_head_scab_Baidu_0474.jpg,13479,683,1118,50256,0.9373761257345526
wheat_head_scab_Baidu_0481.jpg,2547,240,859,61890,0.8225415792023252
wheat_head_scab_Bing_0023.jpg,6250,310,700,58276,0.9252405625462621
wheat_head_scab_Bing_0040.jpg,1068,570,2292,61606,0.42737094837935174
wheat_head_scab_Bing_0043.jpg,6011,1748,106,57671,0.8663880080714903
wheat_head_scab_Bing_0071.jpg,643,302,9,64582,0.8052598622417032
wheat_head_scab_Bing_0087.jpg,6054,561,971,57950,0.887683284457478
wheat_head_scab_Bing_0111.jpg,1781,322,1768,61665,0.6302193913658882
wheat_head_scab_Bing_0125.jpg,10884,6187,183,48282,0.7736157509417869
wheat_head_scab_Bing_0138.jpg,1439,455,85,63557,0.8420128730251609
wheat_head_scab_Bing_0140.jpg,0,0,776,64760,0.0
wheat_head_scab_Bing_0141.jpg,775,380,24,64357,0.7932446264073695
wheat_head_scab_Bing_0176.jpg,8628,832,506,55570,0.9280413036463375
wheat_head_scab_Bing_0178.jpg,912,4040,1536,59048,0.2464864864864865
wheat_head_scab_Bing_0179.jpg,6342,3309,338,55547,0.7766823831975996
wheat_head_scab_Bing_0181.jpg,690,766,34,64046,0.6330275229357798
wheat_head_scab_Bing_0186.jpg,7820,4266,336,53114,0.7726509238217567
wheat_head_scab_Bing_0204.jpg,24855,1229,3242,36210,0.9174802975212712
wheat_head_scab_Bing_0206.jpg,7042,2211,268,56015,0.8503290466702892
wheat_head_scab_Bing_0219.jpg,4240,575,124,60597,0.9238479137160911
wheat_head_scab_Bing_0245.jpg,849,381,58,64248,0.7945718296677585
wheat_head_scab_Bing_0257.jpg,2990,613,74,61859,0.8969551522423879
wheat_head_scab_Bing_0272.jpg,836,1133,10,63557,0.5939609236234459
wheat_head_scab_Bing_0279.jpg,3053,874,4835,56774,0.5168006771053745
wheat_head_scab_Bing_0287.jpg,0,2426,0,63110,0.0
wheat_head_scab_Bing_0288.jpg,1105,2323,317,61791,0.4556701030927835
wheat_head_scab_Bing_0298.jpg,900,418,91,64127,0.779558250324816
wheat_head_scab_Bing_0311.jpg,420,100,138,64878,0.7792207792207793
wheat_head_scab_Bing_0319.jpg,2186,139,308,62903,0.9072421664245695
wheat_head_scab_Google_0034.jpg,1253,231,146,63906,0.869233437391606
wheat_head_scab_Google_0057.jpg,1494,216,242,63584,0.8670922809053976
wheat_head_scab_Google_0083.jpg,6509,660,443,57924,0.9218893846044898
wheat_head_scab_Google_0085.jpg,5768,5090,387,54291,0.6780697113971669
wheat_head_scab_Google_0098.jpg,6954,1988,1302,55292,0.8086986858937085
wheat_head_scab_Google_0189.jpg,3089,7492,247,54708,0.4439175109578214
wheat_head_scab_Google_0202.jpg,3888,3770,74,57804,0.6691910499139415
wheat_head_scab_Google_0205.jpg,1575,58,3397,60506,0.4769114307342922
wheat_head_scab_Google_0264.jpg,1,3543,110,61882,0.0005471956224350205
wheat_head_scab_Google_0309.jpg,13572,6139,2631,43194,0.7558055354457872
wheat_head_scab_Google_0394.jpg,581,598,227,64130,0.5848012078510317
wheat_leaf_rust_Baidu_0025.jpg,40046,404,3823,21263,0.9498689500587056
wheat_leaf_rust_Baidu_0072.jpg,3815,2263,5743,53715,0.48797646456894345
wheat_leaf_rust_Baidu_0088.jpg,6385,49,975,58127,0.9257648252863564
wheat_leaf_rust_Baidu_0263.jpg,5744,301,705,58786,0.9194813510485033
wheat_leaf_rust_Baidu_0317.jpg,8412,143,700,56281,0.9522839191713364
wheat_leaf_rust_Baidu_0365.jpg,5829,1965,623,57119,0.8183349712199915
wheat_leaf_rust_Bing_0008.jpg,28723,191,2059,34563,0.9623090324309836
wheat_leaf_rust_Bing_0020.jpg,9338,1,7500,48697,0.7134507391985331
wheat_leaf_rust_Bing_0031.jpg,57396,649,1836,5655,0.9788108495271878
wheat_leaf_rust_Bing_0032.jpg,25551,130,3124,36731,0.9401354036352932
wheat_leaf_rust_Bing_0034.jpg,9031,3040,1727,51738,0.7911866485610408
wheat_leaf_rust_Bing_0036.jpg,2397,3446,1894,57799,0.47306098283007697
wheat_leaf_rust_Bing_0042.jpg,18636,834,2983,43083,0.9071040911192777
wheat_leaf_rust_Bing_0047.jpg,22217,49,1160,42110,0.9735118199943036
wheat_leaf_rust_Bing_0055.jpg,7590,199,2849,54898,0.8327847267939433
wheat_leaf_rust_Google_0037.jpg,8071,7400,1726,48339,0.6388317239195821
wheat_leaf_rust_Google_0040.jpg,23737,4203,1673,35923,0.8898594189315839
wheat_leaf_rust_Google_0058.jpg,24182,19,3424,37911,0.9335417993707414
wheat_leaf_rust_Google_0065.jpg,20021,2319,1089,42107,0.9215650172612198
wheat_leaf_rust_Google_0069.jpg,18252,73,559,46652,0.9829814735028005
wheat_leaf_rust_Google_0103.jpg,12594,450,6685,45807,0.7792593509265848
wheat_leaf_rust_Google_0328.jpg,3867,297,602,60770,0.895864705200973
wheat_leaf_rust_Google_0339.jpg,34942,581,4030,25983,0.9381032284045909
wheat_leaf_rust_Google_0358.jpg,7628,275,5287,52346,0.7328273609376501
wheat_leaf_rust_Google_0374.jpg,151,0,660,64725,0.31392931392931395
wheat_leaf_rust_Google_0376.jpg,10957,2849,1213,50517,0.8436248845087774
wheat_loose_smut_Baidu_0009.jpg,2578,7294,235,55429,0.40646432794639337
wheat_loose_smut_Baidu_0016.jpg,2266,330,410,62530,0.8596358118361154
wheat_loose_smut_Baidu_0023.jpg,17313,1350,1099,45774,0.9339447066756574
wheat_loose_smut_Baidu_0034.jpg,5120,241,806,59369,0.9072384158766723
wheat_loose_smut_Baidu_0036.jpg,13904,4921,953,45758,0.8256041802743305
wheat_loose_smut_Bing_0004.jpg,12939,1002,970,50625,0.9291921005385997
wheat_loose_smut_Bing_0008.jpg,3076,243,904,61313,0.8428551856418688
wheat_loose_smut_Bing_0009.jpg,5898,294,591,58753,0.9302105512183582
wheat_loose_smut_Bing_0022.jpg,2259,597,1422,61258,0.6911427260211106
wheat_loose_smut_Bing_0027.jpg,3586,135,411,61404,0.9292562840114019
wheat_loose_smut_Bing_0095.jpg,106,175,5172,60083,0.03813635545961504
wheat_loose_smut_Bing_0097.jpg,1965,418,280,62873,0.8491789109766638
wheat_loose_smut_Bing_0107.jpg,7704,969,537,56326,0.9109613338063143
wheat_loose_smut_Bing_0109.jpg,4505,3755,948,56328,0.657040764238314
wheat_loose_smut_Bing_0113.jpg,5269,471,888,58908,0.8857695217281668
wheat_loose_smut_Bing_0123.jpg,16590,2567,470,45909,0.9161443520998426
wheat_loose_smut_Bing_0136.jpg,653,3804,24,61055,0.25438254772107516
wheat_loose_smut_Bing_0137.jpg,1976,559,249,62752,0.8302521008403362
wheat_loose_smut_Bing_0176.jpg,4176,41,535,60784,0.9354838709677419
wheat_loose_smut_Bing_0178.jpg,8,2435,966,62127,0.004682470002926544
wheat_loose_smut_Bing_0199.jpg,301,686,2350,62199,0.16547553600879605
wheat_loose_smut_Bing_0203.jpg,4166,51,351,60968,0.953972979161896
wheat_loose_smut_Bing_0230.jpg,4499,488,150,60399,0.9337899543378996
wheat_loose_smut_Bing_0234.jpg,1616,280,2189,61451,0.5669180845465708
wheat_loose_smut_Bing_0239.jpg,7787,1346,1354,55049,0.8522490970778155
wheat_loose_smut_Bing_0245.jpg,352,861,31,64292,0.44110275689223055
wheat_loose_smut_Bing_0263.jpg,2026,218,140,63152,0.9188208616780046
wheat_loose_smut_Bing_0264.jpg,1244,209,80,64003,0.8959308606409795
wheat_loose_smut_Bing_0283.jpg,1361,16256,6,47913,0.14338390223345976
wheat_loose_smut_Bing_0290.jpg,855,263,138,64280,0.8100426338228328
wheat_loose_smut_Bing_0299.jpg,404,213,0,64919,0.791380999020568
wheat_loose_smut_Bing_0305.jpg,3495,1700,1810,58531,0.6657142857142857
wheat_loose_smut_Bing_0335.jpg,843,168,285,64240,0.788218793828892
wheat_loose_smut_Bing_0400.jpg,5076,379,1231,58850,0.8631185172589696
wheat_loose_smut_Google_0043.jpg,3307,323,265,61641,0.9183560122188281
wheat_loose_smut_Google_0065.jpg,8095,798,393,56250,0.9314769000632875
wheat_loose_smut_Google_0068.jpg,10933,178,2217,52208,0.9012818927496805
wheat_loose_smut_Google_0079.jpg,3442,384,410,61300,0.8965876530346445
wheat_loose_smut_Google_0081.jpg,4609,251,709,59967,0.9056789153075261
wheat_loose_smut_Google_0178.jpg,4832,5,3740,56959,0.7207099709150571
wheat_loose_smut_Google_0229.jpg,472,252,19,64793,0.776954732510288
wheat_loose_smut_Google_0241.jpg,3056,452,184,61844,0.9057498518079431
wheat_loose_smut_Google_0253.jpg,1236,1030,955,62315,0.5546331613192731
wheat_powdery_mildew_Baidu_0001.jpg,13650,2515,2588,46783,0.8425145819831497
wheat_powdery_mildew_Baidu_0007.jpg,5899,2405,3091,54141,0.6822019197409506
wheat_powdery_mildew_Baidu_0012.jpg,11750,15192,1074,37520,0.5909570990293216
wheat_powdery_mildew_Baidu_0019.jpg,676,446,167,64247,0.6880407124681934
wheat_powdery_mildew_Baidu_0034.jpg,8542,1003,5471,50520,0.7251888954919773
wheat_powdery_mildew_Baidu_0040.jpg,3313,15941,5544,40738,0.23570844153534204
wheat_powdery_mildew_Baidu_0044.jpg,321,210,6315,58690,0.0895772289660946
wheat_powdery_mildew_Baidu_0049.jpg,51215,35,14130,156,0.8785110853810197
wheat_powdery_mildew_Baidu_0070.jpg,2685,4240,4560,54051,0.378969654199012
wheat_powdery_mildew_Baidu_0082.jpg,8060,2496,2278,52702,0.771513353115727
wheat_powdery_mildew_Baidu_0083.jpg,1720,135,1172,62509,0.7246682115020012
wheat_powdery_mildew_Baidu_0089.jpg,2539,9235,1412,52350,0.3229252782193959
wheat_powdery_mildew_Baidu_0108.jpg,17591,3269,4955,39721,0.810533106022209
wheat_powdery_mildew_Baidu_0141.jpg,5502,491,17052,42491,0.38546957648789715
wheat_powdery_mildew_Baidu_0181.jpg,40673,281,19515,5067,0.8042751774732554
wheat_powdery_mildew_Baidu_0206.jpg,3841,3455,3128,55112,0.5385208552400982
wheat_powdery_mildew_Baidu_0252.jpg,2107,1276,13387,48766,0.22323462414578588
wheat_powdery_mildew_Baidu_0279.jpg,8315,2410,3035,51776,0.7533408833522084
wheat_powdery_mildew_Baidu_0286.jpg,3958,0,60999,579,0.11486613944714504
wheat_powdery_mildew_Baidu_0295.jpg,365,3220,581,61370,0.16111233723239904
wheat_powdery_mildew_Bing_0005.jpg,844,1047,44160,19485,0.03599530866830152
wheat_powdery_mildew_Bing_0014.jpg,37511,415,1611,25999,0.9737047035614163
wheat_powdery_mildew_Bing_0016.jpg,19832,852,59,44793,0.9775477510782502
wheat_powdery_mildew_Bing_0023.jpg,28882,742,881,35031,0.9726707865357738
wheat_powdery_mildew_Bing_0037.jpg,44980,684,572,19300,0.9862304858796702
wheat_powdery_mildew_Bing_0042.jpg,7824,2939,4504,50269,0.6776666233597506
wheat_powdery_mildew_Bing_0043.jpg,10948,932,21287,32369,0.49633911368015415
wheat_powdery_mildew_Bing_0045.jpg,3625,918,1127,59866,0.7799892415277031
wheat_powdery_mildew_Bing_0054.jpg,2915,19200,1968,41453,0.21594192162382397
wheat_powdery_mildew_Bing_0073.jpg,6286,127,12493,46630,0.49904731660844714
wheat_powdery_mildew_Bing_0080.jpg,102,3569,6771,55094,0.019347496206373292
wheat_powdery_mildew_Bing_0088.jpg,23981,5364,4293,31898,0.8323990350405248
wheat_powdery_mildew_Bing_0093.jpg,22683,5497,1006,36350,0.8746264628197961
wheat_powdery_mildew_Bing_0115.jpg,24,2177,217,63118,0.019656019656019656
wheat_powdery_mildew_Bing_0126.jpg,28999,104,1539,34894,0.9724518368236615
wheat_powdery_mildew_Bing_0163.jpg,30169,536,25887,8944,0.6954507209460472
wheat_powdery_mildew_Bing_0170.jpg,3438,197,8212,53689,0.44985279685966634
wheat_powdery_mildew_Bing_0177.jpg,61072,160,3836,468,0.9683209132709688
wheat_powdery_mildew_Bing_0188.jpg,22045,546,4574,38371,0.8959561064824223
wheat_powdery_mildew_Bing_0203.jpg,9402,342,1809,53983,0.8973514674302076
wheat_powdery_mildew_Bing_0214.jpg,7466,1329,14821,41920,0.48040666623769385
wheat_powdery_mildew_Bing_0219.jpg,14934,159,3227,47216,0.8981776628375534
wheat_powdery_mildew_Google_0014.jpg,4888,552,5332,54764,0.6242656449553001
wheat_powdery_mildew_Google_0051.jpg,20256,198,636,44446,0.9798287621535337
wheat_powdery_mildew_Google_0056.jpg,13399,627,1254,50256,0.9344119390494787
wheat_powdery_mildew_Google_0079.jpg,3168,6052,2253,54063,0.43275732531930877
wheat_powdery_mildew_Google_0101.jpg,12434,361,197,52544,0.9780539605128609
wheat_powdery_mildew_Google_0115.jpg,38888,705,8677,17266,0.8923564101975723
wheat_powdery_mildew_Google_0122.jpg,8176,1167,241,55952,0.9207207207207208
wheat_powdery_mildew_Google_0203.jpg,4035,3774,7775,49952,0.4113359498445385
wheat_powdery_mildew_Google_0218.jpg,3712,1512,1434,58878,0.7159112825458052
wheat_powdery_mildew_Google_0263.jpg,7630,1339,13976,42591,0.49910057236304173
wheat_powdery_mildew_Google_0317.jpg,1090,1,836,63609,0.7225720914816043
wheat_powdery_mildew_Google_0329.jpg,13131,780,537,51088,0.9522462743391711
wheat_septoria_blotch_Baidu_0007.jpg,3176,5,4365,57990,0.5924267860473792
wheat_septoria_blotch_Baidu_0033.jpg,1655,202,759,62920,0.77499414656989
wheat_septoria_blotch_Baidu_0098.jpg,13642,264,2262,49368,0.9152633344515263
wheat_septoria_blotch_Baidu_0123.jpg,2857,577,3240,58862,0.5995173643898857
wheat_septoria_blotch_Bing_0041.jpg,6444,23,1378,57691,0.90195255091329
wheat_septoria_blotch_Bing_0044.jpg,15442,1671,510,47913,0.9340390140632089
wheat_septoria_blotch_Bing_0045.jpg,8336,1653,4283,51264,0.7374380750176929
wheat_septoria_blotch_Bing_0051.jpg,6095,2219,2076,55146,0.7394601152562936
wheat_septoria_blotch_Google_0016.jpg,15630,221,755,48930,0.9697232907308599
wheat_septoria_blotch_Google_0021.jpg,16999,12542,20593,15402,0.5064275393621617
wheat_septoria_blotch_Google_0027.jpg,2833,718,2721,59264,0.6222954420647996
wheat_septoria_blotch_Google_0049.jpg,19549,233,5415,40339,0.8737764269431905
wheat_septoria_blotch_Google_0058.jpg,14216,1863,2392,47065,0.8698259246795362
wheat_septoria_blotch_Google_0061.jpg,4693,4290,672,55881,0.6541678282687483
wheat_septoria_blotch_Google_0115.jpg,12149,518,7942,44927,0.7417424751205812
wheat_septoria_blotch_Google_0119.jpg,31144,493,6052,27847,0.9049147937762411
wheat_septoria_blotch_Google_0140.jpg,3433,31127,844,30132,0.1767901743183047
wheat_septoria_blotch_Google_0174.jpg,2308,653,3535,59040,0.5243071331213085
wheat_septoria_blotch_Google_0206.jpg,3486,24,1571,60455,0.8138204739115209
wheat_septoria_blotch_Google_0309.jpg,10744,769,1213,52810,0.9155517682147423
wheat_septoria_blotch_blotch (10).jpg,9032,1074,1773,53657,0.8638515613791784
wheat_septoria_blotch_blotch (101).jpg,3984,539,787,60226,0.8573273079406069
wheat_septoria_blotch_blotch (111).jpg,8926,3849,1528,51233,0.7685221059882044
wheat_septoria_blotch_blotch (113).jpg,9303,803,2156,53274,0.8627869232552747
wheat_septoria_blotch_blotch (12).jpg,6774,1224,831,56707,0.8682945587387041
wheat_septoria_blotch_blotch (129).jpg,7035,1871,2374,54256,0.7682227682227682
wheat_septoria_blotch_blotch (130).jpg,13489,286,41531,10230,0.39215059233955957
wheat_septoria_blotch_blotch (19).jpg,16415,1084,1013,47024,0.9399604890199559
wheat_septoria_blotch_blotch (2).jpg,11759,702,3351,49724,0.8529977149903885
wheat_septoria_blotch_blotch (22).jpg,5727,1638,1594,56577,0.779926460574697
wheat_septoria_blotch_blotch (24).jpg,2917,7513,1365,53741,0.39654703643284395
wheat_septoria_blotch_blotch (27).jpg,8834,190,4836,51676,0.7785317705120296
wheat_septoria_blotch_blotch (29).jpg,19317,5090,204,40925,0.8794846111819341
wheat_septoria_blotch_blotch (34).jpg,1951,838,28,62719,0.8183724832214765
wheat_septoria_blotch_blotch (35).jpg,343,456,1,64736,0.600174978127734
wheat_septoria_blotch_blotch (39).jpg,2270,684,248,62334,0.8296783625730995
wheat_septoria_blotch_blotch (50).jpg,8988,36,6719,49793,0.7268610246249646
wheat_septoria_blotch_blotch (64).jpg,13295,221,5882,46138,0.8133239531398159
wheat_septoria_blotch_blotch (69).jpg,2744,4020,3161,55611,0.4331833609598232
wheat_septoria_blotch_blotch (79).jpg,649,1934,4808,58145,0.16144278606965173
wheat_septoria_blotch_blotch (87).jpg,7176,822,1924,55614,0.8393964206339923
wheat_septoria_blotch_google_septoria (16).jpg,2040,202,1502,61792,0.7053941908713693
wheat_septoria_blotch_google_septoria (18).jpg,11424,14,1125,52973,0.9525159461374911
wheat_septoria_blotch_google_septoria (2).jpg,9093,1349,2362,52732,0.8305247294149883
wheat_septoria_blotch_google_septoria (23).jpg,2654,2388,4111,56383,0.4495638180740239
wheat_septoria_blotch_google_septoria (27).jpg,6580,1396,8075,49485,0.5815032477575007
wheat_stem_rust_Baidu_0001.jpg,15699,5901,866,43070,0.8226909472029347
wheat_stem_rust_Baidu_0003.jpg,2826,1639,23,61048,0.7727645611156686
wheat_stem_rust_Baidu_0004.jpg,4198,1287,1525,58526,0.7491077801570307
wheat_stem_rust_Baidu_0007.jpg,1,1100,4724,59711,0.00034328870580157915
wheat_stem_rust_Baidu_0127.jpg,5981,3065,1348,55142,0.7305038167938931
wheat_stem_rust_Bing_0002.jpg,2246,629,201,62460,0.844043592634348
wheat_stem_rust_Bing_0005.jpg,11780,7276,3263,43217,0.6909293527669433
wheat_stem_rust_Bing_0011.jpg,4249,4089,9319,47879,0.38793024742079796
wheat_stem_rust_Bing_0016.jpg,8601,4135,889,51911,0.7739584270673986
wheat_stem_rust_Bing_0018.jpg,17253,1671,6443,40169,0.8096198967620836
wheat_stem_rust_Bing_0040.jpg,857,409,57,64213,0.7862385321100918
wheat_stem_rust_Bing_0070.jpg,20201,2351,2332,40652,0.8961295331041367
wheat_stem_rust_Bing_0143.jpg,1081,519,2724,61212,0.4
wheat_stem_rust_Bing_0206.jpg,3233,792,230,61281,0.8635149572649573
wheat_stem_rust_Bing_0217.jpg,17805,418,19843,27470,0.6373610638792934
wheat_stem_rust_Bing_0233.jpg,2291,9761,77,53407,0.317753120665742
wheat_stem_rust_Bing_0247.jpg,15776,438,408,48914,0.973887276992407
wheat_stem_rust_Bing_0254.jpg,13369,3845,163,48159,0.8696415793924412
wheat_stem_rust_Bing_0261.jpg,2401,4383,173,58579,0.5131438341525967
wheat_stem_rust_Bing_0278.jpg,788,11014,1335,52399,0.11317773788150808
wheat_stem_rust_Bing_0279.jpg,999,4403,50,60084,0.3097194233452178
wheat_stem_rust_Bing_0286.jpg,1644,4621,5797,53474,0.23989493652415
wheat_stem_rust_Google_0006.jpg,4199,2376,4567,54394,0.5474219412033113
wheat_stem_rust_Google_0066.jpg,1560,1271,1868,60837,0.49848218565266017
wheat_stem_rust_Google_0071.jpg,4120,6584,44,54788,0.5542103847188593
wheat_stem_rust_Google_0101.jpg,7646,29682,79,28129,0.3394224579939183
wheat_stem_rust_Google_0140.jpg,10983,3320,245,50988,0.860365829775567
wheat_stem_rust_Google_0274.jpg,448,14553,20,50515,0.057922296205313854
wheat_stem_rust_Google_0291.jpg,12849,11226,109,41352,0.693921637458483
wheat_stem_rust_Google_0333.jpg,1521,6598,60,57357,0.3136082474226804
wheat_stripe_rust_Baidu_0011.jpg,2776,3647,4679,54434,0.40005764519383197
wheat_stripe_rust_Baidu_0029.jpg,1096,405,775,63260,0.6500593119810202
wheat_stripe_rust_Baidu_0030.jpg,3815,685,255,60781,0.8903150525087514
wheat_stripe_rust_Baidu_0047.jpg,2619,2872,3220,56825,0.4623124448367167
wheat_stripe_rust_Baidu_0060.jpg,576,556,441,63963,0.536063285248953
wheat_stripe_rust_Baidu_0068.jpg,929,376,944,63287,0.5846444304594084
wheat_stripe_rust_Baidu_0106.jpg,4230,1595,965,58746,0.7676950998185118
wheat_stripe_rust_Baidu_0120.jpg,6440,2298,2810,53988,0.7160329108294419
wheat_stripe_rust_Baidu_0139.jpg,1896,2968,784,59888,0.5026511134676565
wheat_stripe_rust_Baidu_0143.jpg,2438,153,342,62603,0.9078383913610129
wheat_stripe_rust_Baidu_0156.jpg,119,21,69,65327,0.725609756097561
wheat_stripe_rust_Baidu_0158.jpg,592,330,638,63976,0.550185873605948
wheat_stripe_rust_Baidu_0205.jpg,850,222,493,63971,0.7039337474120083
wheat_stripe_rust_Baidu_0235.jpg,2567,1712,1388,59869,0.6235122662132621
wheat_stripe_rust_Baidu_0243.jpg,341,375,820,64000,0.3633457645178476
wheat_stripe_rust_Baidu_0259.jpg,107,29,293,65107,0.39925373134328357
wheat_stripe_rust_Baidu_0273.jpg,555,109,92,64780,0.8466819221967964
wheat_stripe_rust_Baidu_0286.jpg,6728,1425,2490,54893,0.7746243739565943
wheat_stripe_rust_Baidu_0317.jpg,5198,733,507,59098,0.8934341698178068
wheat_stripe_rust_Baidu_0320.jpg,1835,73,326,63302,0.9019415089702629
wheat_stripe_rust_Baidu_0336.jpg,996,106,87,64347,0.9116704805491991
wheat_stripe_rust_Baidu_0349.jpg,14156,3271,2457,45652,0.8317273795534665
wheat_stripe_rust_Baidu_0355.jpg,5341,580,4522,55093,0.6767612772427775
wheat_stripe_rust_Baidu_0401.jpg,1225,1200,60,63051,0.660377358490566
wheat_stripe_rust_Baidu_0420.jpg,23337,2297,1082,38820,0.9324915589475157
wheat_stripe_rust_Baidu_0448.jpg,6439,2733,335,56029,0.8076006522011789
wheat_stripe_rust_Baidu_0484.jpg,4033,783,576,60144,0.8558090185676392
wheat_stripe_rust_Bing_0002.jpg,16882,1152,481,47021,0.9538661468486029
wheat_stripe_rust_Bing_0005.jpg,7322,2226,3540,52448,0.7174914257716806
wheat_stripe_rust_Bing_0007.jpg,11024,223,218,54071,0.9803904130908444
wheat_stripe_rust_Bing_0011.jpg,12588,3598,83,49267,0.8724399625740722
wheat_stripe_rust_Bing_0022.jpg,11731,1591,3310,48904,0.8272044565102422
wheat_stripe_rust_Bing_0053.jpg,25940,1348,227,38021,0.9705359648302311
wheat_stripe_rust_Bing_0066.jpg,7936,2712,4,54884,0.8538842263826124
wheat_stripe_rust_Bing_0072.jpg,5501,6514,404,53117,0.6139508928571429
wheat_stripe_rust_Bing_0080.jpg,3727,693,359,60757,0.876322595814719
wheat_stripe_rust_Bing_0083.jpg,3822,673,1303,59738,0.7945945945945946
wheat_stripe_rust_Bing_0084.jpg,18278,671,3876,42711,0.8893754713767852
wheat_stripe_rust_Bing_0093.jpg,16517,1755,55,47209,0.9480541843645965
wheat_stripe_rust_Bing_0097.jpg,5849,349,1993,57345,0.8331908831908832
wheat_stripe_rust_Bing_0105.jpg,331,161,74,64970,0.738015607580825
wheat_stripe_rust_Bing_0108.jpg,1604,505,346,63081,0.7903424488790343
wheat_stripe_rust_Bing_0111.jpg,9578,890,1146,53922,0.9039260098150246
wheat_stripe_rust_Bing_0113.jpg,17127,1873,2090,44446,0.896302692519036
wheat_stripe_rust_Bing_0135.jpg,5573,2089,1950,55924,0.7340138294369444
wheat_stripe_rust_Bing_0137.jpg,3123,562,185,61666,0.8931788931788932
wheat_stripe_rust_Bing_0142.jpg,2798,1875,370,60493,0.7136844790205331
wheat_stripe_rust_Bing_0159.jpg,20274,8767,44,36451,0.8214915213031058
wheat_stripe_rust_Bing_0160.jpg,10648,1147,931,52810,0.9110978009754428
wheat_stripe_rust_Bing_0173.jpg,5032,427,756,59321,0.89481639548324
wheat_stripe_rust_Bing_0177.jpg,42988,293,1801,20454,0.9762234586124674
wheat_stripe_rust_Bing_0178.jpg,1329,529,206,63472,0.7833775419982316
wheat_stripe_rust_Bing_0181.jpg,13765,509,1709,49553,0.9254403657388732
wheat_stripe_rust_Bing_0209.jpg,3955,1010,5954,54617,0.5318004571735915
wheat_stripe_rust_Bing_0224.jpg,6571,1895,435,56635,0.8494053774560496
wheat_stripe_rust_Bing_0225.jpg,2149,934,20,62433,0.8183549124143183
wheat_stripe_rust_Bing_0228.jpg,14351,1116,1720,48349,0.9100767328302365
wheat_stripe_rust_Bing_0233.jpg,8867,1954,5697,49018,0.6986015363403585
wheat_stripe_rust_Bing_0241.jpg,8347,180,400,56609,0.9664235266875072
wheat_stripe_rust_Bing_0252.jpg,17135,4244,313,43844,0.8826332191516213
wheat_stripe_rust_Bing_0257.jpg,8192,1048,1632,54664,0.8594208980276962
wheat_stripe_rust_Bing_0287.jpg,3901,263,1191,60181,0.8429127052722558
wheat_stripe_rust_Google_0029.jpg,11626,4271,719,48920,0.8233127965441541
wheat_stripe_rust_Google_0045.jpg,16779,1255,508,46994,0.9500863508960675
wheat_stripe_rust_Google_0064.jpg,9621,446,6357,49112,0.7387982338260702
wheat_stripe_rust_Google_0115.jpg,11579,1236,43,52678,0.9476613332242092
wheat_stripe_rust_Google_0148.jpg,2032,378,340,62786,0.849853617733166
wheat_stripe_rust_Google_0223.jpg,7433,345,258,57500,0.9610188118171827
wheat_stripe_rust_Google_0229.jpg,4723,831,317,59665,0.8916367755333208
wheat_stripe_rust_Google_0322.jpg,15078,17817,1425,31216,0.6104700595165796
wheat_stripe_rust_Google_0334.jpg,3591,892,254,60799,0.8623919308357348
wheat_stripe_rust_Google_0341.jpg,15096,18172,1,32267,0.6242530755711775
zucchini_bacterial_wilt_Bing_0003.jpg,1929,88,18134,45385,0.17472826086956522
zucchini_bacterial_wilt_Bing_0010.jpg,938,201,22191,42206,0.07730344486566672
zucchini_bacterial_wilt_Bing_0012.jpg,12139,2822,18137,32438,0.5366845723633309
zucchini_bacterial_wilt_Bing_0015.jpg,2831,929,5435,56341,0.4708132379843672
zucchini_bacterial_wilt_Bing_0019.jpg,26169,6332,2644,30391,0.8536060279870828
zucchini_bacterial_wilt_Bing_0026.jpg,3381,1640,12114,48401,0.3295964125560538
zucchini_bacterial_wilt_Bing_0105.jpg,2893,4002,10199,48442,0.2894881673087507
zucchini_bacterial_wilt_Bing_0140.jpg,10905,6553,7837,40241,0.6024861878453038
zucchini_bacterial_wilt_Bing_0170.jpg,11588,2391,12444,39113,0.6097182394569993
zucchini_bacterial_wilt_Bing_0188.jpg,6892,0,6365,52279,0.6841034294505931
zucchini_bacterial_wilt_Bing_0260.jpg,7280,2404,10214,45638,0.5357274265950401
zucchini_bacterial_wilt_Google_0024.jpg,6120,665,27095,31656,0.306
zucchini_bacterial_wilt_Google_0057.jpg,2152,1914,2542,58928,0.491324200913242
zucchini_bacterial_wilt_Google_0060.jpg,1960,509,7698,55369,0.32324565020202856
zucchini_bacterial_wilt_Google_0277.jpg,18782,2495,2154,42105,0.8898680501267382
zucchini_downy_mildew_Bing_0025.jpg,20271,10248,11011,24006,0.6560088024465623
zucchini_downy_mildew_Bing_0035.jpg,5194,15291,227,44824,0.400988188064541
zucchini_downy_mildew_Bing_0047.jpg,4344,15044,265,45883,0.3620452556569571
zucchini_downy_mildew_Bing_0084.jpg,20068,13614,313,31541,0.7423931339363335
zucchini_downy_mildew_Bing_0159.jpg,14964,43643,71,6858,0.4063985225822221
zucchini_downy_mildew_Bing_0169.jpg,3863,2344,555,58774,0.7271529411764706
zucchini_downy_mildew_Bing_0214.jpg,7373,20256,542,37365,0.41486608147647985
zucchini_downy_mildew_Bing_0234.jpg,2646,59017,0,3873,0.08229019266354631
zucchini_downy_mildew_Bing_0259.jpg,17481,1443,5391,41221,0.8364915302899799
zucchini_powdery_mildew_Bing_0002.jpg,23034,3372,1894,37236,0.8974169166634199
zucchini_powdery_mildew_Bing_0003.jpg,41638,2366,3888,17644,0.9301463196693845
zucchini_powdery_mildew_Bing_0004.jpg,43857,17803,41,3835,0.8309554936622521
zucchini_powdery_mildew_Bing_0009.jpg,12601,9243,10,43682,0.7314468146858221
zucchini_powdery_mildew_Bing_0010.jpg,3465,41566,2,20503,0.14289249041197574
zucchini_powdery_mildew_Bing_0020.jpg,14092,1676,3218,46550,0.8520466775500333
zucchini_powdery_mildew_Bing_0029.jpg,41453,1222,4115,18746,0.9395192819827068
zucchini_powdery_mildew_Bing_0046.jpg,4869,32530,230,27907,0.229140194832698
zucchini_powdery_mildew_Bing_0047.jpg,26932,7177,2644,28783,0.8457878621339405
zucchini_powdery_mildew_Bing_0052.jpg,59245,3522,11,2758,0.971046442064201
zucchini_powdery_mildew_Bing_0054.jpg,48436,4416,941,11743,0.9475980396951941
zucchini_powdery_mildew_Bing_0068.jpg,6215,2511,96,56714,0.8266276517922458
zucchini_powdery_mildew_Bing_0100.jpg,21823,12896,113,30704,0.7703821374988968
zucchini_powdery_mildew_Bing_0109.jpg,2006,286,444,62800,0.8460565162378744
zucchini_powdery_mildew_Bing_0110.jpg,11529,8030,21,45956,0.7412002957343534
zucchini_powdery_mildew_Bing_0124.jpg,26997,18918,178,19443,0.7387330688192639
zucchini_powdery_mildew_Bing_0155.jpg,9628,3082,8238,44588,0.6297749869178441
zucchini_powdery_mildew_Bing_0170.jpg,12093,5382,7221,40840,0.6574247737095328
zucchini_powdery_mildew_Bing_0194.jpg,6588,10536,31,48381,0.5549425093711831
zucchini_powdery_mildew_Bing_0195.jpg,3796,12969,170,48601,0.36621484733008536
zucchini_powdery_mildew_Bing_0218.jpg,11340,4096,348,49752,0.8361598584279605
zucchini_powdery_mildew_Bing_0224.jpg,16685,4677,4249,39925,0.7889634953659921
zucchini_powdery_mildew_Bing_0233.jpg,25573,3601,6345,30017,0.8371963595888169
zucchini_powdery_mildew_Bing_0239.jpg,20685,3592,8190,33069,0.778333835039133
zucchini_powdery_mildew_Bing_0248.jpg,6009,2599,14645,42283,0.4107033012097601
zucchini_powdery_mildew_Bing_0251.jpg,28850,8073,554,28059,0.8699323050944563
zucchini_powdery_mildew_Bing_0267.jpg,11946,19765,0,33825,0.5472661886982615
zucchini_powdery_mildew_Bing_0289.jpg,29205,15172,1179,19980,0.7812897098754699
zucchini_powdery_mildew_Bing_0308.jpg,25428,4302,1198,34608,0.9024061324437505
zucchini_powdery_mildew_Bing_0312.jpg,8874,10504,2671,43487,0.5739417262231996
zucchini_powdery_mildew_Bing_0336.jpg,59959,1544,235,3798,0.985381726747578
zucchini_powdery_mildew_Bing_0337.jpg,35192,9687,361,20296,0.8750745971752536
zucchini_powdery_mildew_Bing_0347.jpg,25795,3935,985,34821,0.912935763581667
zucchini_powdery_mildew_Google_0045.jpg,9756,3397,3532,48851,0.7379448583639046
zucchini_powdery_mildew_Google_0118.jpg,12860,32678,55,19943,0.44001163327801823
zucchini_powdery_mildew_Google_0157.jpg,35288,6668,350,23230,0.9095548624893678
zucchini_powdery_mildew_Google_0186.jpg,27242,9607,2,28685,0.8500772315229432
zucchini_powdery_mildew_Google_0281.jpg,16550,6912,235,41839,0.8224215469475986
zucchini_powdery_mildew_Google_0282.jpg,21221,6403,1097,36815,0.8498257979255937
zucchini_powdery_mildew_Google_0314.jpg,24244,9689,803,30800,0.8221091895557816
zucchini_powdery_mildew_Google_0327.jpg,14569,10247,464,40256,0.7312103189540515
zucchini_powdery_mildew_Google_0389.jpg,1142,9218,531,54645,0.18981135211501704
zucchini_powdery_mildew_Google_0394.jpg,22783,883,936,40934,0.9616123245752876
zucchini_yellow_mosaic_virus_11.jpg,0,14353,0,51183,0.0
zucchini_yellow_mosaic_virus_164.jpg,25979,396,28691,10470,0.6411006231106176
zucchini_yellow_mosaic_virus_179.jpg,29983,413,5106,30034,0.9157211575169886
zucchini_yellow_mosaic_virus_236.jpg,3662,21711,4389,35774,0.21912398276687411
zucchini_yellow_mosaic_virus_66.jpg,10056,79,35253,20148,0.3627443907365991
zucchini_yellow_mosaic_virus_67.jpg,231,9239,9146,46920,0.02451318512230063
zucchini_yellow_mosaic_virus_9.jpg,0,1117,0,64419,0.0
zucchini_yellow_mosaic_virus_google_0028.jpg,26473,352,4549,34162,0.9152765052638858
zucchini_yellow_mosaic_virus_google_0033.jpg,39806,1203,4612,19915,0.931930186006766
zucchini_yellow_mosaic_virus_google_0038.jpg,29221,2044,12067,22204,0.8055076978209034
zucchini_yellow_mosaic_virus_google_0042.jpg,25040,589,13794,26113,0.7768797604827575
zucchini_yellow_mosaic_virus_google_0053.jpg,182,14,6159,59181,0.05568303503135995
zucchini_yellow_mosaic_virus_google_0067.jpg,8630,2115,7126,47665,0.6512961775027357
zucchini_yellow_mosaic_virus_google_0088.jpg,43312,1015,159,21050,0.9866283970022096
zucchini_yellow_mosaic_virus_google_0123.jpg,13361,3155,889,48131,0.8685561984008321
zucchini_yellow_mosaic_virus_google_0147.jpg,26340,6218,779,32199,0.8827521490691557
zucchini_yellow_mosaic_virus_google_0200.jpg,25962,8234,2605,28735,0.8273027101954974
zucchini_yellow_mosaic_virus_google_0235.jpg,44024,405,12217,8890,0.8746200456938512
zucchini_yellow_mosaic_virus_google_0239.jpg,11897,479,774,52386,0.9499740487882781
