image,h,w,lesion_frac,n_components,lesion_frac_256,Plant,Disease,in_2025,shared_fail,n_models_fail,mean_dice_all,dice_unet,dice_att_unet,dice_fpn,dice_deeplabv3p,category,confidence,reason
zucchini_yellow_mosaic_virus_9.jpg,500,667,0.0,0,0.0,Zucchini,zucchini yellow mosaic virus,True,True,4,0.0,0.0,0.0,0.0,0.0,D_undecidable,medium,"No clear mosaic symptoms (leaf mottling/distortion) are visible on the leaves in the image, so it's hard to confirm whether lesions are truly present or absent at this resolution."
zucchini_yellow_mosaic_virus_11.jpg,357,557,0.0,0,0.0,Zucchini,zucchini yellow mosaic virus,True,True,4,0.0,0.0,0.0,0.0,0.0,A_missing_lesions,medium,"The leaf shows visible mottled yellow-green mosaic discoloration patches, yet the reference mask is completely empty."
wheat_head_scab_Bing_0287.jpg,269,180,0.0,0,0.0,Wheat,wheat head scab Bing,True,True,4,0.0,0.0,0.0,0.0,0.0,A_missing_lesions,medium,The right wheat head shows clear bleached/discolored scab symptoms yet the reference mask is entirely empty.
plum_pocket_disease_google_0028.jpg,433,722,0.0187476409511684,1,0.01885986328125,Plum,plum pocket disease,True,True,4,0.0,0.0,0.0,0.0,0.0,C_mask_ok_models_wrong,medium,"The reference mask aligns with one swollen, discolored fruit consistent with plum pocket disease, while the model predictions are scattered small fragments on different, mostly healthy-looking fruits/leaves, missing the actual lesion."
citrus_greening_disease_85.jpg,900,1200,0.0089425925925925,4,0.0088348388671875,Citrus,citrus greening disease,True,True,4,0.0,0.0,0.0,0.0,0.0,C_mask_ok_models_wrong,medium,"The reference mask covers the orange-mottled fruit clusters consistent with visible lesions, but the cyan prediction panel shows no visible model annotation, indicating the models failed to mark the lesions."
citrus_canker_96.jpg,1200,1600,0.0,0,0.0,Citrus,citrus canker,False,True,4,0.0,0.0,0.0,0.0,0.0,D_undecidable,medium,"Leaves show no obvious citrus canker lesions (no clear raised corky spots visible at this resolution), so an empty reference cannot be judged clearly wrong."
citrus_greening_disease_google_0086.jpg,583,880,0.012188133478871,2,0.01214599609375,Citrus,citrus greening disease,True,True,4,0.0,0.0,0.0,0.0,0.0,C_mask_ok_models_wrong,medium,"Reference marks the two visible fruits with discoloration, which looks plausible, but the third panel shows no cyan prediction at all, indicating the models failed to mark the lesions."
grape_black_rot_216.jpg,520,390,0.0090433925049309,4,0.0092010498046875,Grape,grape black rot,True,True,4,0.0,0.0,0.0,0.0,0.0,C_mask_ok_models_wrong,medium,"Reference marks plausible discolored/spotted berries matching black rot symptoms while the third panel shows no cyan prediction at all, indicating the models missed the lesions."
broccoli_alternaria_leaf_spot_Bing_0021.jpg,517,783,0.0,0,0.0,Broccoli,broccoli alternaria leaf spot Bing,True,True,4,0.0,0.0,0.0,0.0,0.0,A_missing_lesions,high,Multiple distinct ringed lesions are clearly visible on the leaf but the reference mask is completely empty.
broccoli_alternaria_leaf_spot_Bing_0023.jpg,1440,1920,0.0,0,0.0,Broccoli,broccoli alternaria leaf spot Bing,False,True,4,0.0,0.0,0.0,0.0,0.0,A_missing_lesions,high,Leaves show obvious dark necrotic lesions with concentric rings yet the reference mask is completely empty.
broccoli_alternaria_leaf_spot_Bing_0045.jpg,1035,1566,0.0,0,0.0,Broccoli,broccoli alternaria leaf spot Bing,True,True,4,0.0,0.0,0.0,0.0,0.0,A_missing_lesions,high,Multiple clear concentric lesions with dark borders are visible in the photo yet the reference mask is completely empty.
broccoli_alternaria_leaf_spot_Bing_0054.jpg,316,480,0.0,0,0.0,Broccoli,broccoli alternaria leaf spot Bing,True,True,4,0.0,0.0,0.0,0.0,0.0,A_missing_lesions,high,"The leaf clearly shows extensive necrotic spotting consistent with Alternaria leaf spot, yet the reference mask is completely empty."
wheat_head_scab_Bing_0140.jpg,300,450,0.0117629629629629,1,0.0118408203125,Wheat,wheat head scab Bing,True,True,4,0.0003694945314809,0.0014779781259237,0.0,0.0,0.0,B_overinclusive,medium,"The red mask covers the whole wheat head including fingers/hand area and portions that appear green/healthy, extending beyond the visible bleached scab lesion tissue."
celery_anthracnose_google_0005.jpg,1440,1920,0.0006998697916666,8,0.000701904296875,Celery,celery anthracnose,False,True,4,0.0004752098843655,0.0,0.0,0.0,0.0019008395374623,D_undecidable,medium,"Reference annotation marks (red) are not visibly distinguishable in this resolution, and the tiny cyan prediction marks are too small to assess coverage against the visibly blighted leaflets."
ginger_sheath_blight_33.jpg,900,1200,0.0030935185185185,2,0.003082275390625,Ginger,ginger sheath blight,False,True,4,0.0007794232268121,0.0,0.0,0.0031176929072486,0.0,C_mask_ok_models_wrong,medium,"The reference marks a small visible lesion/discoloration at the stem base plausibly, while the model prediction panel shows almost no cyan pixels, indicating the models failed to detect it."
apple_black_rot_google_0001.jpg,332,499,4.2253181060917016e-05,1,6.103515625e-05,Apple,apple black rot,True,True,4,0.0011417245994879,0.001187648456057,0.0009965122072745,0.0011682242990654,0.0012145134355548,A_missing_lesions,high,"The leaf clearly shows numerous dark lesion spots but the reference mask (panel 2) shows no red annotation at all, while the model prediction (panel 3) actually covers much of the visible lesion area."
wheat_loose_smut_Bing_0178.jpg,640,640,0.014892578125,3,0.014862060546875,Wheat,wheat loose smut Bing,True,True,4,0.0017522602869424,0.0,0.0023265711448432,0.0,0.0046824700029265,C_mask_ok_models_wrong,medium,"Reference mask covers the visible blackened smutted heads plausibly, while the model prediction only marks a tiny unrelated cyan speck, missing the lesions."
citrus_greening_disease_google_0110.jpg,370,660,0.042084357084357,2,0.0420684814453125,Citrus,citrus greening disease,True,True,4,0.0025746652935118,0.0,0.0,0.0,0.0102986611740473,B_overinclusive,medium,"The reference mask outlines the entire surface of both fruits rather than just the small discolored lesion spot, covering mostly healthy-looking rind."
ginger_sheath_blight_64.jpg,643,486,0.0043040275457762,1,0.004364013671875,Ginger,ginger sheath blight,True,True,4,0.0048343702707247,0.0134895278665246,0.0058479532163742,0.0,0.0,C_mask_ok_models_wrong,medium,"The reference red mask aligns with a visibly discolored/lesioned leaf base, while the cyan model predictions are scattered on different, less clearly symptomatic leaf areas, indicating model error rather than reference mislabeling."
coffee_berry_blotch_Google_0099.jpg,360,640,0.0023741319444444,2,0.0024261474609375,Coffee,coffee berry blotch Google,False,True,4,0.0084477296726504,0.0,0.0337909186906019,0.0,0.0,C_mask_ok_models_wrong,medium,"Reference marks small dark lesion spots on berries plausibly, while model predictions cover large leaf/background regions and twig areas not matching visible lesions."
ginger_sheath_blight_53.jpg,300,400,0.0025666666666666,1,0.0023956298828125,Ginger,ginger sheath blight,True,True,4,0.0092970840963516,0.0371883363854064,0.0,0.0,0.0,C_mask_ok_models_wrong,medium,"Reference marks a small discolored stem segment plausibly, while models highlight much larger, different, mostly healthy-looking stalk regions."
wheat_powdery_mildew_Bing_0115.jpg,576,768,0.0036598488136574,1,0.0036773681640625,Wheat,wheat powdery mildew Bing,True,True,4,0.0102109104060595,0.0211876219682185,0.0,0.0,0.0196560196560196,C_mask_ok_models_wrong,medium,"The reference marks a small plausible lesion area on the leaf while the models' cyan predictions spread over a much larger, different region including other leaves, indicating model error rather than reference mask error."
banana_bunchy_top_Bing_0020.jpg,1024,768,0.0111338297526041,2,0.0111541748046875,Banana,banana bunchy top Bing,False,True,4,0.0102332348039127,0.0,0.0341685649202733,0.0067643742953776,0.0,C_mask_ok_models_wrong,medium,"The reference red mask correctly highlights the visible reddish-orange discolored lesion tissue, while the cyan model prediction is a tiny mark on a different, mostly green healthy leaf."
wheat_powdery_mildew_Bing_0080.jpg,2448,3264,0.1049285931692938,9,0.1048736572265625,Wheat,wheat powdery mildew Bing,False,True,4,0.0129753211984595,0.0,0.0,0.0325537885874649,0.0193474962063732,C_mask_ok_models_wrong,medium,"The red reference mask closely follows visibly discolored/spotted leaf blades, while the cyan model predictions cover different, largely healthy-looking leaves, indicating model error rather than mask error."
cucumber_powdery_mildew_28.jpg,810,640,0.0048591820987654,15,0.0048065185546875,Cucumber,cucumber powdery mildew,True,True,4,0.0155994442944712,0.0,0.0,0.0356923076923076,0.0267054694855773,C_mask_ok_models_wrong,medium,"Reference marks small lesion spots plausibly on the leaf while the cyan model predictions are located in largely different, mostly healthy-looking areas, indicating model error rather than reference mask error."
zucchini_yellow_mosaic_virus_67.jpg,765,1080,0.1433744855967078,6,0.1430816650390625,Zucchini,zucchini yellow mosaic virus,True,True,4,0.0156197469760319,0.0,0.0184267881910045,0.0195390145908225,0.0245131851223006,B_overinclusive,medium,"The reference mask covers large areas of background/dark soil and shadow below the leaf edge, not just lesion tissue on the leaf."
wheat_loose_smut_Bing_0095.jpg,997,847,0.0804834811399961,4,0.080535888671875,Wheat,wheat loose smut Bing,False,True,4,0.0224814342160944,0.0265470181342306,0.0,0.0252423632705322,0.038136355459615,C_mask_ok_models_wrong,medium,"The reference mask aligns well with four smutted spike heads, but panel 3 shows no visible cyan prediction overlay matching those lesions, indicating the models failed to detect them."
apple_scab_google_0284.jpg,360,640,0.0010590277777777,1,0.0010528564453125,Apple,apple scab,True,True,4,0.0252761073457627,0.0161479054528434,0.0198504027617951,0.0366300366300366,0.0284760845383759,C_mask_ok_models_wrong,medium,The reference tightly marks the small apple scab spot while the cyan model prediction covers large unrelated regions including the sooty blotch area and other healthy-looking skin.
wheat_head_scab_Google_0264.jpg,448,660,0.0016842532467532,1,0.0016937255859375,Wheat,wheat head scab Google,False,True,4,0.029606347039204,0.0,0.0,0.1178781925343811,0.000547195622435,C_mask_ok_models_wrong,medium,Reference mask aligns with visible discolored spikelet tissue while the model's cyan prediction is placed off the wheat head entirely on the shirt sleeve.
plum_pocket_disease_google_0117.jpg,263,350,0.1100597501357957,3,0.1100921630859375,Plum,plum pocket disease,True,True,4,0.0313645168179556,0.050760437857212,0.0,0.0746976294146105,0.0,C_mask_ok_models_wrong,medium,"Reference covers two fruits showing reddish discoloration consistent with disease, while models only marked the stem/twig, missing the actual lesioned fruits."
banana_bunchy_top_Bing_0035.jpg,946,1024,0.010361266186575,2,0.010284423828125,Banana,banana bunchy top Bing,False,True,4,0.0321210322319122,0.0799683293745051,0.0,0.0,0.0485157995531439,C_mask_ok_models_wrong,medium,"Reference marks the discolored leaf tip/margin plausibly while the cyan prediction panel shows no model-marked pixels at all, indicating the models missed the lesion."
plum_pocket_disease_23.jpg,1920,1080,0.0028669945987654,1,0.0028533935546875,Plum,plum pocket disease,False,True,4,0.0329815303430079,0.0,0.0,0.0,0.1319261213720316,C_mask_ok_models_wrong,medium,"The reference mask correctly marks the small reddened pocket-like lesion on the fruit, but the cyan model prediction panel shows no visible overlap there, indicating the models failed to detect it."
peach_leaf_curl_34.jpg,380,600,0.0405701754385964,4,0.0406494140625,Peach,peach leaf curl,True,True,4,0.0341290979062017,0.0,0.0,0.1213624338624338,0.015153957762373,C_mask_ok_models_wrong,medium,"Reference mask closely follows visible curled/discolored leaf margins, while model predictions are shifted onto different, less clearly diseased regions."
coffee_berry_blotch_Bing_0065.jpg,768,1024,0.0079917907714843,15,0.007965087890625,Coffee,coffee berry blotch Bing,False,True,4,0.0383895131086142,0.0,0.0,0.0,0.1535580524344569,D_undecidable,medium,"The three panels shown are the original image repeated without a visible distinct red reference mask or cyan prediction overlay, making comparison impossible."
banana_bunchy_top_Bing_0165.jpg,1024,768,0.0267690022786458,3,0.0268096923828125,Banana,banana bunchy top Bing,False,True,4,0.0385078103379354,0.0,0.0735294117647058,0.080501829587036,0.0,C_mask_ok_models_wrong,medium,"The reference mask tightly follows the visibly discolored/necrotic leaf margins, while the cyan model prediction is barely visible, indicating the models failed to detect the lesion rather than the reference being wrong."
citrus_greening_disease_google_0186.jpg,599,680,0.0071491701856034,10,0.007232666015625,Citrus,citrus greening disease,False,True,4,0.0430960253758345,0.0191317144959529,0.0543478260869565,0.0333564975677553,0.0655480633526736,C_mask_ok_models_wrong,medium,Reference marks plausible discolored leaf lesions while the cyan model predictions instead cover pot soil and background areas unrelated to the leaves.
banana_bunchy_top_Bing_0260.jpg,768,1024,0.0714378356933593,7,0.07147216796875,Banana,banana bunchy top Bing,False,True,4,0.0438757169437111,0.0,0.0486253974191135,0.0,0.1268774703557312,C_mask_ok_models_wrong,medium,"Reference mask covers the visibly dried/reddish-brown necrotic upright leaves consistent with symptomatic tissue, while panel 3 shows no cyan at all, meaning the models missed these lesions entirely."
banana_cigar_end_rot_Google_0201.jpg,1040,780,0.0399716469428007,16,0.0400543212890625,Banana,banana cigar end rot Google,False,True,4,0.0449166644316345,0.0600882813612416,0.0058191584601611,0.0398398192832939,0.0739193986218417,C_mask_ok_models_wrong,medium,"Reference marks the dried/necrotic tips of fingers which match visible cigar-end rot symptoms, while model predictions cover unrelated mid-fruit and background regions."
wheat_stem_rust_Baidu_0007.jpg,933,700,0.0717439902005818,16,0.0720977783203125,Wheat,wheat stem rust Baidu,True,True,4,0.0463446781761777,0.0,0.0478080295339178,0.1372273944649917,0.0003432887058015,B_overinclusive,medium,"The red reference mask covers entire long leaf blades including clearly green healthy tissue, not just rust-colored lesion spots."
tobacco_mosaic_virus_36.jpg,1120,744,0.610042242703533,3,0.6089630126953125,Tobacco,tobacco mosaic virus,False,True,4,0.0472520009689663,0.0484944229020058,0.0361376452986534,0.0471288658622491,0.0572470698129573,B_overinclusive,high,"The reference mask covers nearly entire leaves including stems/healthy-looking green tissue, far beyond any visible lesion pattern."
garlic_leaf_blight_19.jpg,358,500,0.0124078212290502,12,0.01214599609375,Garlic,garlic leaf blight,True,True,4,0.0474468153147614,0.0469371519490851,0.0046457607433217,0.0618101545253863,0.0763941940412528,C_mask_ok_models_wrong,medium,"Reference marks multiple yellowing/necrotic leaf streaks plausibly matching blight symptoms, while the model prediction covers only a tiny fraction of those lesions."
tomato_bacterial_leaf_spot_70.jpg,400,600,0.0322125,4,0.032196044921875,Tomato,tomato bacterial leaf spot,True,True,4,0.0474782374958502,0.0265220012055455,0.015652792600498,0.000375939849624,0.1473622163277335,C_mask_ok_models_wrong,medium,"Reference mask follows the stem lesion/discoloration plausibly, while model predictions are scattered on unrelated leaf areas away from the stem."
cabbage_black_rot_Google_0343.jpg,1068,3386,0.0097968944607781,8,0.0098419189453125,Cabbage,cabbage black rot Google,False,True,4,0.0498951137071429,0.0546802594995366,0.0766961651917404,0.0410465165585379,0.0271575135787567,C_mask_ok_models_wrong,medium,"Reference marks visible lower-leaf lesion plausibly, while model predictions appear on different, largely healthy-looking upper leaves, indicating model error rather than mask error."
banana_bunchy_top_Baidu_0014.jpg,420,562,0.1098246059989832,5,0.1099700927734375,Banana,banana bunchy top Baidu,False,True,4,0.050559317376148,0.0466433764517042,0.1441418619379354,0.0,0.0114520311149524,C_mask_ok_models_wrong,medium,"The reference mask closely follows the discolored/necrotic young leaf margins, which matches visible symptoms, while the prediction only marks two tiny unrelated spots."
plum_pocket_disease_google_0029.jpg,1358,1300,0.0416455194290245,1,0.041656494140625,Plum,plum pocket disease,False,True,4,0.0513041338582677,0.0,0.0,0.0,0.2052165354330708,C_mask_ok_models_wrong,medium,"Reference covers the deformed fruit on the left plausibly, while the model prediction instead covers the healthy-looking fruit on the right, missing the actual lesion area."
ginger_sheath_blight_10.jpg,750,1000,0.0289533333333333,5,0.0288848876953125,Ginger,ginger sheath blight,True,True,4,0.0529741547191589,0.0804953560371517,0.0729217306757413,0.0584795321637426,0.0,C_mask_ok_models_wrong,medium,"The red reference traces the visible discolored/blighted leaf blades reasonably well, while the cyan prediction only marks tiny fragments of the same lesion area, so the models under-segmented."
wheat_stem_rust_Bing_0278.jpg,512,768,0.0321629842122395,9,0.0323944091796875,Wheat,wheat stem rust Bing,False,True,4,0.0559207744102897,0.0094726062467997,0.0799059929494712,0.0211267605633802,0.113177737881508,C_mask_ok_models_wrong,medium,"The red reference marks match thin lesion-like streaks on leaves/stems, while the cyan model predictions instead cover whole wheat heads, indicating the models missed the actual lesions."
tomato_bacterial_leaf_spot_120.jpg,1200,1200,0.0291270833333333,27,0.029083251953125,Tomato,tomato bacterial leaf spot,True,True,4,0.0577601329101563,0.0938444627644957,0.0465983224603914,0.073963947221706,0.0166337991940324,C_mask_ok_models_wrong,medium,"The reference marks the dark lesion spots along veins consistent with visible symptoms, while the cyan model predictions highlight largely different, unrelated leaf regions without visible lesions."
coffee_berry_blotch_Bing_0078.jpg,1024,768,0.0064582824707031,44,0.0063934326171875,Coffee,coffee berry blotch Bing,False,True,4,0.0579669234610789,0.0604509835279066,0.0699258362342969,0.0628509977297168,0.0386398763523956,C_mask_ok_models_wrong,high,"Reference marks small distinct leaf spot lesions accurately, while the cyan model predictions cover large healthy leaf areas instead of the actual spots."
broccoli_alternaria_leaf_spot_Bing_0019.jpg,516,711,0.1815817878520263,15,0.1819610595703125,Broccoli,broccoli alternaria leaf spot Bing,True,True,4,0.0588967143275855,0.0608179526790796,0.0625406107862248,0.0302204607381719,0.0820078331068659,B_overinclusive,medium,"The red mask covers large areas of green/healthy-looking leaf tissue between the discrete necrotic spots, not just the visible lesions."
coffee_berry_blotch_Bing_0106.jpg,1024,768,0.0062217712402343,64,0.0060577392578125,Coffee,coffee berry blotch Bing,False,True,4,0.0594577618397053,0.0561645076546788,0.0580188221596972,0.0537005845635589,0.0699471329808865,B_overinclusive,high,"Models shade nearly entire leaves as diseased while reference correctly marks only small discrete spots, so the cyan prediction (not the reference) is overinclusive—wait, checking: actually reference is red small dots matching lesions, models cover whole leaves beyond lesions, meaning models are overinclusive not reference, so correct category is C."
maple_tar_spot_google_0020.jpg,4032,3024,0.0927083169301671,8,0.0925445556640625,Maple,maple tar spot,True,True,4,0.0616143355491584,0.0327549862169612,0.0661834226284273,0.0749525616698292,0.0725663716814159,B_overinclusive,high,The reference mask covers large diffuse orange regions of mostly healthy green leaf tissue surrounding only a few actual black tar-spot lesions.
celery_early_blight_52.jpg,600,338,0.0114743589743589,8,0.011383056640625,Celery,celery early blight,True,True,4,0.0634395422664976,0.0657882263721679,0.0499476805022671,0.0633981903128511,0.0746240718787046,C_mask_ok_models_wrong,medium,"Reference marks discrete reddish-brown lesions plausibly matching visible spots, while the models instead flooded large healthy leaf regions in cyan."
ginger_leaf_spot_11.jpg,1024,768,0.0265413920084635,22,0.0267181396484375,Ginger,ginger leaf spot,True,True,4,0.06415269404777,0.101890756302521,0.0,0.1412520064205457,0.0134680134680134,C_mask_ok_models_wrong,medium,"Reference red mask closely follows visible brown lesion streaks on leaves, while the cyan prediction only covers a tiny fraction of those lesions, indicating the models under-segment rather than the reference being wrong."
lettuce_mosaic_virus_24.jpg,853,640,0.0066511576787807,3,0.0067901611328125,Lettuce,lettuce mosaic virus,True,True,4,0.0645663444987148,0.1134889753566796,0.0571524064171123,0.0876239962210675,0.0,C_mask_ok_models_wrong,medium,"Reference marks small discolored/necrotic leaf spots plausibly, while model predictions in cyan cover large areas of healthy-looking leaf tissue not matching those lesions."
zucchini_yellow_mosaic_virus_google_0053.jpg,888,1555,0.0968214999565482,3,0.0967559814453125,Zucchini,zucchini yellow mosaic virus,False,True,4,0.0648281272438911,0.0802420415680084,0.0,0.1233874323761964,0.0556830350313599,B_overinclusive,medium,"The reference mask covers entire leaves including green, apparently healthy leaf tissue rather than just discolored lesion areas."
rice_sheath_blight_61.jpg,698,640,0.1964922098853868,5,0.1959228515625,Rice,rice sheath blight,False,True,4,0.0660113365067933,0.034044852742502,0.0162224797219003,0.1096318434995245,0.1041461700632466,B_overinclusive,medium,"The red mask covers entire leaf blades including mostly green/healthy tissue, not just the visible brownish lesion spots."
ginger_leaf_spot_105.jpg,789,1063,0.0039727819131114,14,0.003997802734375,Ginger,ginger leaf spot,True,True,4,0.0698948193775931,0.0598324690865576,0.093278463648834,0.072463768115942,0.0540045766590389,C_mask_ok_models_wrong,medium,"Reference marks visible small lesion spots on leaves plausibly, while model predictions cover different leaf regions without lesions, showing poor overlap."
apple_scab_google_0121.jpg,1280,1920,0.0012776692708333,5,0.0013580322265625,Apple,apple scab,False,True,4,0.0711236301099928,0.0529516994633273,0.1020629750271444,0.0857823669579031,0.0436974789915966,C_mask_ok_models_wrong,medium,"Reference marks small visible scab spots accurately, but the cyan model prediction covers a large blotch and lower spot that don't correspond to the red lesions, indicating model error rather than reference error."
tobacco_blue_mold_Bing_0042.jpg,1536,2048,0.0356772740681966,2,0.0355987548828125,Tobacco,tobacco blue mold Bing,False,True,4,0.0713605485366008,0.2854421941464034,0.0,0.0,0.0,C_mask_ok_models_wrong,medium,"Reference marks subtle discolored patches matching faint lesions visible in original, while the prediction panel shows no cyan overlap, indicating the models failed to detect them."
wheat_bacterial_leaf_streak_(black_chaff)_Baidu_0253.jpg,661,690,0.0653884101822008,5,0.0655517578125,Wheat,wheat bacterial leaf streak (black chaff) Baidu,False,True,4,0.0744704214006299,0.2195416164053076,0.0074211502782931,0.0709189189189189,0.0,C_mask_ok_models_wrong,medium,"Red mask follows visible discolored/streaked leaf blades plausibly while cyan prediction covers only a tiny speck, missing most lesions."
grape_downy_mildew_29.jpg,854,640,0.2943263319672131,1,0.294158935546875,Grape,grape downy mildew,True,True,4,0.0745536235494544,0.071064249282071,0.0904162633107454,0.0689330888230592,0.0678008927819422,B_overinclusive,high,"The reference mask covers the entire upper leaf including green, apparently healthy tissue, not just the discolored lesion areas."
citrus_greening_disease_93.jpg,360,640,0.0492578125,3,0.0491790771484375,Citrus,citrus greening disease,True,True,4,0.0748035677403572,0.1734463276836158,0.0361351139041633,0.0,0.0896328293736501,C_mask_ok_models_wrong,medium,"Reference covers the visible blotchy discolored fruit patches plausibly, while the model prediction only marks a tiny unrelated cyan speck on a leaf, missing the lesions."
ginger_sheath_blight_30.jpg,380,600,0.0855219298245614,8,0.084930419921875,Ginger,ginger sheath blight,True,True,4,0.0756388444576022,0.0130365268724634,0.0009526077637532,0.2885662431941924,0.0,B_overinclusive,medium,"The reference mask covers large stretches of green, apparently healthy stem/leaf tissue along with the brown lesioned areas, extending beyond visible blight symptoms."
cucumber_bacterial_wilt_google_0249.jpg,497,1024,0.020281847334004,1,0.0202789306640625,Cucumber,cucumber bacterial wilt,False,True,4,0.0756753636337315,0.088979493944118,0.1262718497260631,0.087450110864745,0.0,C_mask_ok_models_wrong,medium,"Reference covers a single discolored leaf lesion plausibly, while models flag many additional healthy-looking leaves and background areas not matching the reference."
lettuce_mosaic_virus_google_0070.jpg,630,829,0.0162597889980278,3,0.0165252685546875,Lettuce,lettuce mosaic virus,False,True,4,0.0759608416319921,0.0735484800461028,0.0765181868175033,0.0766729157898764,0.0771037838744861,C_mask_ok_models_wrong,medium,"Reference marks small plausible lesion patches while models over-segment nearly the entire plant, covering healthy leaf tissue."
grape_downy_mildew_90.jpg,1440,1080,0.0816666666666666,5,0.0815582275390625,Grape,grape downy mildew,False,True,4,0.0759891892189453,0.0858513811438205,0.1200067136623027,0.0351434713524628,0.0629551907171954,C_mask_ok_models_wrong,medium,"Reference mask closely matches the visible chlorotic/necrotic lesion on the held leaf, while the models only marked unrelated spots on lower leaves, missing the actual lesion."
grape_leaf_spot_22.jpg,960,720,0.0856119791666666,2,0.0856475830078125,Grape,grape leaf spot,False,True,4,0.0770213956634058,0.1245207790216224,0.0677966101694915,0.0733571064696892,0.0424110869928201,B_overinclusive,high,"The red mask covers a large contiguous leaf region including healthy green tissue between the small discrete brown spots, not just the lesions themselves."
wheat_bacterial_leaf_streak_(black_chaff)_Baidu_0217.jpg,460,640,0.1210563858695652,8,0.120941162109375,Wheat,wheat bacterial leaf streak (black chaff) Baidu,True,True,4,0.0815704467425028,0.2120471688090938,0.0535100638193421,0.0607245543415756,0.0,B_overinclusive,medium,The red mask traces entire leaf blades including green healthy-looking portions rather than just discolored streak lesions.
cucumber_powdery_mildew_73.jpg,300,400,0.00965,13,0.0095672607421875,Cucumber,cucumber powdery mildew,True,True,4,0.0818374579415359,0.040636443177031,0.0525449208962703,0.1342430389083533,0.0999254287844891,C_mask_ok_models_wrong,medium,"The reference marks small scattered spots matching visible lesions, while the models instead highlight large healthy-looking leaf regions that don't correspond to the red spots."
corn_northern_leaf_blight_google_0099.jpg,530,662,0.0076355241406828,11,0.0076141357421875,Corn,corn northern leaf blight,False,True,4,0.0869073993527635,0.0855978260869565,0.1376863023420866,0.0440280086645509,0.0803174603174603,C_mask_ok_models_wrong,medium,"Reference red masks closely trace the visible elongated lesions, while cyan model predictions are sparse, shifted, or missing on several panels relative to those lesions."
zucchini_yellow_mosaic_virus_236.jpg,323,500,0.1228297213622291,6,0.1228485107421875,Zucchini,zucchini yellow mosaic virus,False,True,4,0.0888512962161585,0.0661997839796522,0.0,0.0700814181181078,0.2191239827668741,B_overinclusive,medium,"The red reference mask covers large regions including the yellow flower petals and areas that appear to be healthy green leaf tissue, well beyond the mottled yellowing lesion pattern typical of the virus."
wheat_powdery_mildew_Bing_0054.jpg,575,1000,0.0741634782608695,15,0.0745086669921875,Wheat,wheat powdery mildew Bing,True,True,4,0.0898013890069475,0.0,0.0,0.1432636344039663,0.2159419216238239,C_mask_ok_models_wrong,medium,"Reference red mask aligns with visible brownish/necrotic leaf lesions while the cyan prediction only marks one small unrelated spot, indicating the models under-segmented."
zucchini_downy_mildew_Bing_0234.jpg,1690,1067,0.0402771693017529,5,0.040374755859375,Zucchini,zucchini downy mildew Bing,False,True,4,0.0902495781638276,0.0825366127548076,0.0882661996497373,0.1079053075872193,0.0822901926635463,A_missing_lesions,medium,"The leaf shows widespread yellow-green mottling characteristic of downy mildew well beyond the small red-marked patches, so the reference mask misses much visible diseased tissue."
cucumber_powdery_mildew_24.jpg,328,493,0.0052688863602631,10,0.0051727294921875,Cucumber,cucumber powdery mildew,False,True,4,0.0925360923191749,0.0803876852907639,0.0699445089688992,0.1007645559694177,0.119047619047619,C_mask_ok_models_wrong,medium,Reference marks small faint spots matching visible lesions while model predictions cover much larger areas of apparently healthy leaf tissue.
wheat_septoria_blotch_blotch (79).jpg,803,1200,0.0829265255292652,10,0.0832672119140625,Wheat,wheat septoria blotch blotch (),True,True,4,0.0959256378352862,0.130453078973208,0.0918066862982851,0.0,0.1614427860696517,C_mask_ok_models_wrong,medium,"Reference mask covers the visible yellow/brown-streaked leaves plausibly, while the model prediction only marks a single tiny unrelated point, clearly missing the lesions."
banana_bunchy_top_Bing_0136.jpg,500,375,0.073424,3,0.073516845703125,Banana,banana bunchy top Bing,False,True,4,0.0991642751826238,0.1876386687797147,0.0399534522885958,0.0426645200241497,0.126400459638035,B_overinclusive,medium,"The red reference mask covers large portions of leaves that appear uniformly green and healthy, extending well beyond any visible discoloration."
apple_black_rot_google_0052.jpg,720,1280,0.0088823784722222,1,0.00885009765625,Apple,apple black rot,False,True,4,0.099349124388169,0.0358785648574057,0.1289256198347107,0.1061055127445168,0.1264868001160429,C_mask_ok_models_wrong,medium,"Reference marks visible leaf/fruit spots accurately while model predictions cover different or excessive regions (e.g., whole leaf half or bark) not matching visible lesions."
wheat_powdery_mildew_Baidu_0252.jpg,1620,1080,0.2365660722450845,7,0.236419677734375,Wheat,wheat powdery mildew Baidu,True,True,4,0.1024310719453875,0.0313233223838573,0.0714063955293387,0.0837599457225683,0.2232346241457858,B_overinclusive,high,The red reference mask covers entire leaf blades including clearly healthy green tissue far beyond the small circled lesion spots.
apple_scab_google_0268.jpg,360,640,0.0029427083333333,2,0.0029144287109375,Apple,apple scab,False,True,4,0.1025285294269895,0.0,0.127906976744186,0.1277355962483251,0.1544715447154471,C_mask_ok_models_wrong,medium,"Reference marks visible scab lesions on the apple accurately, while model cyan predictions are mostly placed on unrelated healthy areas (branch cutoff, leaf) missing the actual lesion."
citrus_canker_google_0139.jpg,229,685,0.0301533165460746,14,0.030029296875,Citrus,citrus canker,False,True,4,0.1044497073159762,0.0831726797025612,0.0340264650283553,0.1408509746384405,0.1597487098945479,C_mask_ok_models_wrong,medium,"Reference mask in panel B/row A-E matches visible lesions well, but cyan model predictions are sparse or oversized blobs not aligned with the many visible lesions, indicating model error rather than label error."
eggplant_cercospora_leaf_spot_96.jpg,500,714,0.0177086834733893,21,0.0176544189453125,Eggplant,eggplant cercospora leaf spot,True,True,4,0.1048665453943989,0.1264492546690273,0.0909055195442938,0.1015279361459521,0.1005834712183227,C_mask_ok_models_wrong,medium,"Reference covers the visible dark lesion spots reasonably well, while the cyan prediction covers almost the entire leaf including healthy green tissue."
raspberry_gray_mold_Google_0005.jpg,778,721,0.0055835047723634,1,0.0055389404296875,Raspberry,raspberry gray mold Google,False,True,4,0.1050775864688821,0.3025574338968357,0.0460280225702149,0.0311213991769547,0.0406034902315233,C_mask_ok_models_wrong,high,"The reference tightly marks the visible dark lesion spot, while the models' cyan region covers large areas of clearly healthy raspberry tissue far beyond the lesion."
carrot_alternaria_leaf_blight_Bing_0063.jpg,760,761,0.3670793277543399,3,0.3660430908203125,Carrot,carrot alternaria leaf blight Bing,False,True,4,0.1074234837777401,0.12142502577418,0.153835099694629,0.0488167439647996,0.105617065677352,B_overinclusive,medium,The reference mask covers large areas of visually healthy green foliage well beyond any discolored/necrotic lesion tissue visible in the original photo.
potato_early_blight_google_0097.jpg,563,750,0.0185079928952042,5,0.01837158203125,Potato,potato early blight,False,True,4,0.1091830478064022,0.0933767643865363,0.1347542110690959,0.0888407367280606,0.1197604790419161,C_mask_ok_models_wrong,medium,"Reference marks the clearly necrotic brown leaf tips visible in the photo, while models instead highlight mostly healthy green leaf areas."
garlic_leaf_blight_google_0295.jpg,257,384,0.0658134727626459,4,0.0659942626953125,Garlic,garlic leaf blight,True,True,4,0.1119762735534753,0.087719298245614,0.1961841559518871,0.0,0.1640016400164001,C_mask_ok_models_wrong,medium,"The reference mask aligns well with the visibly discolored/withered leaf blades, while the model prediction only marks a single tiny dot missing most of that lesion area."
tomato_bacterial_leaf_spot_9.jpg,889,500,0.1606861642294713,11,0.1610260009765625,Tomato,tomato bacterial leaf spot,True,True,4,0.1131178693711215,0.1730708161321054,0.1131898238747553,0.1617383512544803,0.0044724862231451,B_overinclusive,high,"The reference mask covers entire stems/petioles and large background regions with no visible lesions, far exceeding the actual spotted tissue."
zucchini_powdery_mildew_Bing_0248.jpg,600,800,0.3148541666666666,7,0.315155029296875,Zucchini,zucchini powdery mildew Bing,True,True,4,0.1141433191049427,0.0,0.0073320148569774,0.0385379603530335,0.4107033012097601,B_overinclusive,high,"The reference mask traces entire leaf/stem structures that appear predominantly healthy green tissue, not just visible mildew lesions."
bell_pepper_bacterial_spot_Bing_0119.jpg,760,761,0.0274171796113147,12,0.02716064453125,Bell pepper,bell pepper bacterial spot Bing,True,True,4,0.1146801408014085,0.1328693451439418,0.1077844311377245,0.1160729218932932,0.1019938650306748,A_missing_lesions,medium,"Many visible yellow-brown spotted lesions across the main leaf are not covered by the red reference mask, which only marks a few isolated spots."
ginger_sheath_blight_13.jpg,853,640,0.1811345984759671,1,0.181182861328125,Ginger,ginger sheath blight,True,True,4,0.1149037901536988,0.1641979408834274,0.005330224035979,0.2263529101575374,0.0637340855378516,C_mask_ok_models_wrong,medium,"The red mask closely follows the visibly reddish-brown blighted leaf blades, while the cyan prediction panel shows essentially no detected lesion pixels."
grape_downy_mildew_49.jpg,2667,2000,0.0636582302212223,2,0.06378173828125,Grape,grape downy mildew,True,True,4,0.115220256708601,0.1791596121286747,0.0978061536371663,0.0890040184650127,0.0949112426035503,A_missing_lesions,medium,"The large brown/necrotic lower leaf is clearly diseased tissue but is entirely excluded from the red reference mask, which only covers a small upper patch."
grape_downy_mildew_google_0080.jpg,389,583,0.0480494913729622,1,0.0481414794921875,Grape,grape downy mildew,False,True,4,0.1170381225911566,0.1806249108289342,0.0,0.0117177097203728,0.2758098698153194,C_mask_ok_models_wrong,medium,"The red mask tightly covers the discolored/dying leaf consistent with downy mildew lesion, while the cyan model predictions are scattered in small unrelated patches on other leaves, missing the actual lesion."
carrot_cavity_spot_google_0140.jpg,211,126,0.0620627397878582,4,0.062164306640625,Carrot,carrot cavity spot,True,True,4,0.1194197279850936,0.1443862445912093,0.093717167472158,0.1006993006993007,0.1388761991777067,C_mask_ok_models_wrong,medium,"The reference mask covers the visible dark lesions reasonably well, but the model prediction only marks a tiny cyan sliver missing most of the lesion area."
celery_anthracnose_google_0003.jpg,842,1920,0.0046547159540775,5,0.004669189453125,Celery,celery anthracnose,False,True,4,0.119783390830429,0.1863753213367609,0.0943937418513689,0.1256223669092301,0.0727421332243563,C_mask_ok_models_wrong,medium,"Reference marks visible dark lesion spots plausibly while the model predictions are placed on different, mostly healthy-looking stalk regions."
apple_scab_14.jpg,1600,1200,0.004796875,12,0.004791259765625,Apple,apple scab,False,True,4,0.124423258881826,0.0692197906755471,0.25115562403698,0.1054574215660427,0.0718601992487342,C_mask_ok_models_wrong,medium,"Reference marks small spots matching visible lesions while models highlight much larger, mostly healthy-looking leaf areas lacking visible scab spots."
maple_tar_spot_google_0085.jpg,226,340,0.044390942217595,30,0.044525146484375,Maple,maple tar spot,True,True,4,0.1248097153299233,0.1188495968509935,0.2094792276184903,0.0852879711225101,0.0856220657276995,C_mask_ok_models_wrong,medium,"Reference red marks align with visible dark tar-spot lesions on leaves, while the cyan model mask covers broad leaf areas unrelated to the lesions."
tobacco_frogeye_leaf_spot_Bing_0002.jpg,1696,2544,0.0172615273080574,100,0.017333984375,Tobacco,tobacco frogeye leaf spot Bing,True,True,4,0.1272639302498917,0.1411882749229556,0.1105494139214488,0.1466220151426907,0.1106960170124719,C_mask_ok_models_wrong,medium,Reference marks individual frogeye spots accurately while models' cyan region covers the whole leaf blob including healthy tissue between spots.
banana_bunchy_top_Bing_0105.jpg,406,520,0.022915877226222,6,0.0231170654296875,Banana,banana bunchy top Bing,True,True,4,0.1273559605060563,0.1129727142173288,0.1437535653166001,0.1825221238938053,0.0701754385964912,C_mask_ok_models_wrong,medium,"Reference marks several discolored/upright leaves consistent with symptomatic tissue, while the model prediction covers only one small unrelated spot, indicating the models under-detected the lesions."
blueberry_scorch_Bing_0221.jpg,785,1024,0.0368730095541401,12,0.036865234375,Blueberry,blueberry scorch Bing,True,True,4,0.1278140122026627,0.0548840248284874,0.1566009104704097,0.0748973181928002,0.2248737953189536,C_mask_ok_models_wrong,medium,"Reference red marks match visible reddened/necrotic leaves while cyan model prediction covers a mostly green, asymptomatic leaf elsewhere."
banana_bunchy_top_Bing_0306.jpg,808,331,0.1857445185606173,3,0.185882568359375,Banana,banana bunchy top Bing,False,True,4,0.1313899829603222,0.436138278299603,0.0213273467096955,0.0443512136649685,0.0237430931670222,C_mask_ok_models_wrong,medium,"The red reference covers plausible symptomatic leaf/pseudostem tissue (discolored streaking in C and lesion in D), while the cyan predictions only mark small unrelated aphid clusters and tiny specks, missing the actual lesion areas."
grape_downy_mildew_131.jpg,920,1280,0.1298199728260869,1,0.1299285888671875,Grape,grape downy mildew,True,True,4,0.1326695864939315,0.0,0.2224636965326484,0.0030487804878048,0.3051658689552731,B_overinclusive,medium,"The red mask covers entire healthy-looking grape berries and stem tissue with no visible discoloration or lesion symptoms, not just the diseased parts."
soybean_downy_mildew_Bing_0083.jpg,1024,1536,0.2412325541178385,4,0.2412261962890625,Soybean,soybean downy mildew Bing,False,True,4,0.1360724827835602,0.1480527086383601,0.2059089880009056,0.1016969478923067,0.0886312866026686,B_overinclusive,high,The reference mask covers a huge contiguous area of visually healthy green leaf tissue with only scattered small yellow spots actually showing symptoms.
raspberry_fire_blight_Google_0221.jpg,990,556,0.0732577574304193,1,0.0732269287109375,Raspberry,raspberry fire blight Google,False,True,4,0.1386293366806295,0.3638960297057983,0.1513976193660559,0.0392236976506639,0.0,C_mask_ok_models_wrong,medium,"The red mask closely traces the withered stem and dead flower tissue, which looks plausible, while the cyan prediction only marks a small unrelated leaf spot, missing the actual lesions."
garlic_leaf_blight_google_0226.jpg,640,640,0.01620361328125,2,0.0161285400390625,Garlic,garlic leaf blight,False,True,4,0.1392834263357946,0.0,0.2009844134536505,0.2234332425068119,0.132716049382716,D_undecidable,low,"No clear visible lesion/discoloration distinguishing diseased from healthy leaf tissue, making it hard to judge mask accuracy at this resolution."
apple_black_rot_google_0077.jpg,492,660,0.0966555801921655,16,0.0965423583984375,Apple,apple black rot,True,True,4,0.1403141627402557,0.1410218978102189,0.1312673585733079,0.1380722539125347,0.1508951406649616,B_overinclusive,high,"Reference mask includes large patches of healthy leaves and background beyond the actual lesion on the apple, while the model correctly marked only the true lesion."
cucumber_powdery_mildew_13.jpg,960,720,0.0142288773148148,40,0.0143890380859375,Cucumber,cucumber powdery mildew,False,True,4,0.1405915809121136,0.2719674723288909,0.1108711303095752,0.1105432817045365,0.0689844393054521,C_mask_ok_models_wrong,high,"Reference red marks match the visible powdery mildew spots well, while the cyan model prediction covers large contiguous healthy leaf regions unrelated to the discrete spots."
apple_black_rot_google_0097.jpg,200,350,0.0257285714285714,6,0.025787353515625,Apple,apple black rot,True,True,4,0.1408224046303487,0.0908333333333333,0.1512151215121512,0.2504078303425774,0.0708333333333333,C_mask_ok_models_wrong,medium,"Reference marks plausible lesion/scar areas on apple surface, while model's cyan prediction is tiny and located mostly on a leaf, missing the actual lesions."
rice_sheath_blight_8.jpg,650,551,0.0195867653217925,2,0.01959228515625,Rice,rice sheath blight,False,True,4,0.1421013227749909,0.0288924558587479,0.2944493915108341,0.1867507886435331,0.0583126550868486,C_mask_ok_models_wrong,medium,Reference marks two plausible lesion blades while the model prediction is shifted to a different nearby leaf not matching the reference location.
coffee_leaf_rust_google_0109.jpg,1059,1353,0.0162894752820822,1,0.016326904296875,Coffee,coffee leaf rust,True,True,4,0.1425223131349224,0.1530017152658662,0.0928199091979149,0.1495656552939695,0.174701972781939,A_missing_lesions,high,"Many other similar yellow-orange rust spots are visible across the leaf but only one is circled/masked in the reference, leaving clearly diseased tissue unlabeled."
bean_halo_blight_google_0093.jpg,320,487,0.0131994353182751,7,0.013031005859375,Bean,bean halo blight,False,True,4,0.1427819817377153,0.1680743243243243,0.1094756209751609,0.2935779816513761,0.0,C_mask_ok_models_wrong,medium,"Reference mask closely follows visible leaf spots, while model predictions cover different, mostly unmarked regions missing several obvious lesions."
citrus_greening_disease_24.jpg,1011,750,0.0956175403890537,5,0.0957489013671875,Citrus,citrus greening disease,False,True,4,0.1441870805155815,0.0,0.0264192483094826,0.1268306971294669,0.4234983766233766,C_mask_ok_models_wrong,high,"The reference mask accurately outlines the clearly reddish-brown discolored leaves, while the model prediction (cyan) only marks a tiny speck and misses those obvious lesions."
wheat_loose_smut_Bing_0283.jpg,628,1200,0.0204869957537155,4,0.0208587646484375,Wheat,wheat loose smut Bing,True,True,4,0.1461710994390282,0.2015013828526274,0.1499097917008365,0.0898893209691893,0.1433839022334597,C_mask_ok_models_wrong,medium,"Reference mask tightly covers the darkened smutted spikes, while the model predictions cyan cover leaves and stems with no visible lesions, missing the actual smut heads."
potato_early_blight_google_0077.jpg,4032,3024,0.0280362916771646,2,0.0279693603515625,Potato,potato early blight,True,True,4,0.1462228432389161,0.3138062996761849,0.1238403451995685,0.1215094339622641,0.025735294117647,C_mask_ok_models_wrong,medium,"Reference red regions align with visible necrotic leaf spots while model cyan predictions are mostly on different, less obviously diseased leaves, indicating model error rather than label error."
cucumber_powdery_mildew_70.jpg,380,600,0.0529035087719298,25,0.052978515625,Cucumber,cucumber powdery mildew,True,True,4,0.1465555219736271,0.142347587224796,0.1399858885193025,0.1371654320987654,0.1667231800516445,C_mask_ok_models_wrong,medium,"The reference marks discrete reddish/brown spots consistent with lesions while the models instead segment nearly the entire leaf as cyan, missing the actual lesion pattern."
bell_pepper_bacterial_spot_Bing_0036.jpg,1440,1920,0.0223661747685185,22,0.0223846435546875,Bell pepper,bell pepper bacterial spot Bing,True,True,4,0.1466522243074858,0.1331335422058756,0.1327721965788759,0.1703565602423677,0.1503465982028241,B_overinclusive,medium,"Models only mark small discrete spots matching visible lesions, while the reference only outlines a few isolated spots too but models instead cover huge swaths of apparently healthy leaf tissue, suggesting model over-segmentation rather than reference error—however since reference only marks a few small spots vs widespread visible lesions across both leaves, many clearly diseased spots are left unmarked, indicating A fits better."
cherry_leaf_spot_google_0064.jpg,1128,1504,0.0022257431718726,11,0.0023040771484375,Cherry,cherry leaf spot,True,True,4,0.1469395110830369,0.4045801526717557,0.0782828282828282,0.0631578947368421,0.0417371686407219,C_mask_ok_models_wrong,medium,"Reference marks multiple small dark lesion spots consistent with visible disease, while the model instead highlighted a large healthy-looking leaf area without matching those spots."
carrot_alternaria_leaf_blight_Google_0060.jpg,150,150,0.0323555555555555,3,0.03216552734375,Carrot,carrot alternaria leaf blight Google,True,True,4,0.1471773479334096,0.1757069348062125,0.1578006872852233,0.1055136199540531,0.1496881496881497,C_mask_ok_models_wrong,medium,Reference marks small plausible lesion spots while models cyan mask covers entire leaves/stems far beyond visible lesions.
coffee_berry_blotch_Bing_0073.jpg,240,320,0.0172916666666666,3,0.017303466796875,Coffee,coffee berry blotch Bing,True,True,4,0.1474297442091411,0.4428571428571428,0.0,0.1105610561056105,0.0363007778738115,D_undecidable,low,"No reference or prediction panels are actually visible in the provided images, only three copies of the original photo."
rice_sheath_blight_57.jpg,523,356,0.0515124497819408,3,0.051483154296875,Rice,rice sheath blight,False,True,4,0.1489252325640594,0.1698630136986301,0.3278916290378603,0.0979462875197472,0.0,C_mask_ok_models_wrong,medium,"The reference red marks follow visible lesion-like leaf blade regions while the model's cyan prediction covers different, largely healthy-looking leaf areas, indicating the models mislocated the lesions."
tomato_bacterial_leaf_spot_19.jpg,189,289,0.0646637740063345,9,0.064666748046875,Tomato,tomato bacterial leaf spot,False,True,4,0.1500565613902018,0.1159712875729026,0.0429160935350756,0.209056860742254,0.2322820037105751,C_mask_ok_models_wrong,medium,"Reference red regions align with visible dark lesion spots, while cyan predictions cover mostly different, less spotted areas, indicating models missed the actual lesions."
banana_bunchy_top_Baidu_0140.jpg,805,1080,0.0232217621348056,4,0.0231170654296875,Banana,banana bunchy top Baidu,True,True,4,0.1510049858925498,0.1371990680818017,0.1745670806366975,0.1581342434584755,0.1341195513932246,C_mask_ok_models_wrong,medium,"The reference mask traces the visibly discolored/necrotic leaf margins well, while the model predictions only cover small unrelated patches on healthy-looking leaf areas and background."
tomato_septoria_leaf_spot_18.jpg,816,612,0.0191993464052287,39,0.01922607421875,Tomato,tomato septoria leaf spot,True,True,4,0.1512287432160036,0.1144200626959247,0.1895685769478428,0.1876537137235612,0.1132726194966858,C_mask_ok_models_wrong,high,"Reference marks the small discrete lesion spots accurately, while the cyan model predictions cover large healthy leaf regions far beyond the actual spots."
tomato_yellow_leaf_curl_virus_google_0146.jpg,1280,904,0.0057167795907079,3,0.005828857421875,Tomato,tomato yellow leaf curl virus,True,True,4,0.1525273059667602,0.0771558245083207,0.0,0.2971548998946259,0.2357984994640943,C_mask_ok_models_wrong,medium,"The reference marks localized discolored leaf spots plausibly matching lesions, while the model predictions appear at different, non-overlapping leaf locations."
raspberry_gray_mold_Bing_0039.jpg,563,678,0.0303997233530863,9,0.0303955078125,Raspberry,raspberry gray mold Bing,False,True,4,0.1528759481666387,0.0,0.2267100977198697,0.0,0.3847936949466852,D_undecidable,medium,"The third panel shows no cyan prediction mask at all, so model behavior can't be assessed, and the reference marks on various whitish/discolored spots appear plausible but ambiguous at this resolution."
raspberry_fire_blight_Bing_0190.jpg,1060,2181,0.07153936657064,42,0.0712738037109375,Raspberry,raspberry fire blight Bing,False,True,4,0.1557276698430998,0.1854578923147722,0.1629250163226357,0.0638132295719844,0.2107145411630069,C_mask_ok_models_wrong,medium,"The reference mask aligns well with the visible reddish-orange discolored foliage, while the model predictions in cyan highlight mostly different, greener leaves that don't show the same discoloration."
apple_scab_google_0288.jpg,1120,1500,0.0487464285714285,35,0.04864501953125,Apple,apple scab,False,True,4,0.1568040139174935,0.2659402149904285,0.3296527444391102,0.0080870917573872,0.0235360044830484,C_mask_ok_models_wrong,medium,"The red reference mask closely follows visible scab lesions on the apples, while the cyan model predictions only mark a couple tiny points, missing most of the visible lesions."
zucchini_powdery_mildew_Google_0389.jpg,611,952,0.0254748380530608,19,0.0255279541015625,Zucchini,zucchini powdery mildew Google,True,True,4,0.1590973593928518,0.1661613881184287,0.0936893063164912,0.1867273910214704,0.189811352115017,A_missing_lesions,medium,"Visible white powdery mildew patches on upper leaf area are not marked by the red reference, which only covers small spots lower on the leaf."
cucumber_bacterial_wilt_google_0099.jpg,673,1024,0.0617004666604754,7,0.06170654296875,Cucumber,cucumber bacterial wilt,True,True,4,0.1601802536138104,0.1494364409942524,0.1428875186051456,0.1389090323100475,0.2094880225457961,C_mask_ok_models_wrong,medium,"Reference mask covers the visibly wilted/discolored flowers and drooping stems plausibly, while models instead marked healthy green leaves and only partially overlapped the actual wilted regions."
zucchini_powdery_mildew_Bing_0010.jpg,600,800,0.0532395833333333,3,0.0529022216796875,Zucchini,zucchini powdery mildew Bing,True,True,4,0.1630579178989195,0.157202743902439,0.2221433640880056,0.1299930731932579,0.1428924904119757,A_missing_lesions,high,"Multiple clearly visible powdery-mildew-whitened leaf areas (e.g., bottom white leaf) are not covered by the red reference mask, which only marks a few lesion patches."
wheat_stem_rust_Google_0274.jpg,666,1000,0.0071036036036036,1,0.00714111328125,Wheat,wheat stem rust Google,True,True,4,0.1667428363774163,0.1763349980791394,0.2499275152218034,0.1827865360034086,0.0579222962053138,C_mask_ok_models_wrong,medium,"Reference red mask aligns with the visible rust-colored lesion on the stem, while model cyan predictions cover much more of the stem and leaf including healthy tissue."
carrot_cercospora_leaf_blight_Bing_0001.jpg,1152,1536,0.0182003445095486,21,0.01824951171875,Carrot,carrot cercospora leaf blight Bing,True,True,4,0.1696913565893439,0.1273408239700374,0.1796669588080631,0.1774761186525892,0.1942815249266862,C_mask_ok_models_wrong,medium,"Reference marks visible leaf spot lesions plausibly, while the model prediction only tags a small unrelated edge region, missing most lesions."
bell_pepper_frogeye_leaf_spot_Bing_0008.jpg,720,960,0.0657175925925925,70,0.0660247802734375,Bell pepper,bell pepper frogeye leaf spot Bing,True,True,4,0.1702957645312228,0.1702804221237355,0.1672317259817502,0.1667990468625893,0.1768718631568165,A_missing_lesions,high,"Many visible tan lesions with dark borders across the leaf are not marked in the red reference, which only covers a subset."
eggplant_cercospora_leaf_spot_33.jpg,464,600,0.0217528735632183,23,0.0217437744140625,Eggplant,eggplant cercospora leaf spot,True,True,4,0.1712185998287871,0.1166791948550906,0.0922556072788827,0.2146381578947368,0.2613014392864383,C_mask_ok_models_wrong,medium,"Reference marks the discrete small brown spots consistent with lesions, while model predictions cover large diffuse areas including yellowish healthy-looking tissue, not matching the actual lesion pattern."
wheat_powdery_mildew_Baidu_0044.jpg,768,1024,0.1012776692708333,14,0.10125732421875,Wheat,wheat powdery mildew Baidu,True,True,4,0.1739206334016707,0.2427829887988343,0.1192197517391897,0.2441025641025641,0.0895772289660946,B_overinclusive,high,"Reference mask covers entire leaf blades edge-to-edge including clearly healthy green tissue, far beyond the visible powdery white mildew spots."
wheat_septoria_blotch_Google_0140.jpg,1386,1359,0.0653704075337629,6,0.0652618408203125,Wheat,wheat septoria blotch Google,False,True,4,0.1748210312617543,0.0582285161403817,0.2770462633451957,0.1872191712431353,0.1767901743183047,C_mask_ok_models_wrong,medium,"Reference mask closely follows the visible necrotic leaf blade, while model predictions extend onto additional green/healthy leaves not matching the lesion outline."
zucchini_bacterial_wilt_Google_0024.jpg,270,400,0.5050555555555556,1,0.5068206787109375,Zucchini,zucchini bacterial wilt Google,False,True,4,0.1754514137012414,0.1564121972318339,0.0971068461758808,0.1422866113972512,0.306,B_overinclusive,high,"The red reference mask blankets nearly the entire cluster of flowers, stems, and foliage including clearly healthy green tissue, far beyond any visible lesion boundaries."
broccoli_downy_mildew_9.jpg,1040,780,0.044844674556213,10,0.0452117919921875,Broccoli,broccoli downy mildew,True,True,4,0.1769369053389932,0.1698188598827917,0.1553077889447236,0.1804878048780487,0.202133167650409,C_mask_ok_models_wrong,medium,"Reference closely follows visible chlorotic/yellowing lesion margins on leaf edges, while model predictions are shifted to different leaf regions with less overlap."
apple_scab_google_0132.jpg,750,1000,0.008632,16,0.00848388671875,Apple,apple scab,True,True,4,0.1789635633296648,0.2268671934743818,0.1485108119135046,0.1284658040665434,0.2120104438642297,C_mask_ok_models_wrong,high,"Reference mask closely matches visible scab lesions on the apple, while the cyan model predictions cover different, mostly healthy/unmarked regions."
apple_scab_google_0124.jpg,882,1280,0.005048008786848,2,0.0050201416015625,Apple,apple scab,True,True,4,0.181066189532783,0.0481927710843373,0.313953488372093,0.1792852816474863,0.1828332170272156,C_mask_ok_models_wrong,medium,"Reference mask covers a visible small scab-like lesion, while model predictions are scattered on leaf and apple surfaces not matching that lesion location."
lettuce_mosaic_virus_google_0076.jpg,387,387,0.0630304001495636,7,0.0631561279296875,Lettuce,lettuce mosaic virus,True,True,4,0.183022111233006,0.1696137789337937,0.1929105510938798,0.1707474899284029,0.1988166249759476,B_overinclusive,medium,"The cyan prediction covers nearly the entire lettuce head including clearly healthy green leaf tissue, far beyond the small red reference patches."
rice_blast_62.jpg,853,1280,0.023454901817116,43,0.023406982421875,Rice,rice blast,True,True,4,0.1831275620889662,0.1441595441595441,0.2098376544705597,0.1451083388049901,0.2334047109207709,C_mask_ok_models_wrong,high,"Reference mask closely outlines the visible reddish-brown lesions, while the model prediction instead highlights large healthy leaf regions without lesions."
raspberry_yellow_rust_Bing_0007.jpg,758,1146,0.0368598820262747,2,0.0367431640625,Raspberry,raspberry yellow rust Bing,True,True,4,0.1840275267748696,0.0799721835883171,0.153475935828877,0.488406222483123,0.0142557651991614,C_mask_ok_models_wrong,high,"Reference mask covers both visible yellow lesions well, but models only marked a tiny fragment of one lesion and a stray dark spot, missing most lesion area."
cucumber_bacterial_wilt_google_0017.jpg,441,550,0.0861430632859204,5,0.086212158203125,Cucumber,cucumber bacterial wilt,False,True,4,0.1848512592317246,0.1080196399345335,0.1607044578976334,0.2194880808524662,0.2511928582422656,C_mask_ok_models_wrong,medium,"Reference mask covers visible necrotic lesion edges plausibly, while the cyan model predictions instead cover large healthy-looking leaf centers, indicating model error rather than reference error."
garlic_leaf_blight_46.jpg,648,1200,0.0382664609053498,9,0.037994384765625,Garlic,garlic leaf blight,True,True,4,0.186541253317415,0.2762030323005933,0.2295774647887324,0.1230339042292904,0.1173506119510439,C_mask_ok_models_wrong,medium,"Reference mask closely follows multiple visibly discolored/blighted leaf tips and streaks, while the models only marked a tiny fraction of one lesion."
banana_bunchy_top_Bing_0262.jpg,500,375,0.0422933333333333,1,0.0424957275390625,Banana,banana bunchy top Bing,False,True,4,0.1866126370174677,0.1300718468374932,0.2361317116582616,0.2023529411764706,0.1778940483976455,C_mask_ok_models_wrong,medium,"The red reference sits on a leaf margin that looks plausible as affected tissue, while the cyan prediction is shifted to a different leaf location, indicating model error rather than mask error."
bell_pepper_frogeye_leaf_spot_Bing_0112.jpg,888,500,0.009536036036036,11,0.009429931640625,Bell pepper,bell pepper frogeye leaf spot Bing,False,True,4,0.1866262874187304,0.1969372632965585,0.2135025966532025,0.1970266296356804,0.1390386600894803,C_mask_ok_models_wrong,medium,"Reference marks visible lesion spots accurately while the models instead segment nearly the entire leaf, far beyond the actual lesions."
apple_mosaic_virus_57.jpg,439,329,0.0039049788480312,7,0.003936767578125,Apple,apple mosaic virus,True,True,4,0.1867213141303613,0.0157759810688227,0.292834890965732,0.3265306122448979,0.1117437722419928,A_missing_lesions,medium,"Many visible yellow mosaic spots across leaves are not covered by the small red reference mask, which only marks a few spots."
soybean_frog_eye_leaf_spot_Bing_0126.jpg,800,1067,0.0667092314901593,9,0.066497802734375,Soybean,soybean frog eye leaf spot Bing,True,True,4,0.1869848625672657,0.2027608727920439,0.2701833386941139,0.0654750705550329,0.2095201682278723,B_overinclusive,high,"The red reference mask covers large background/leaf-edge regions and the pale blurred edge of the leaf where no distinct lesions are visible, well beyond the small brown spots."
corn_northern_leaf_blight_google_0088.jpg,906,917,0.0458990228718756,11,0.0458831787109375,Corn,corn northern leaf blight,False,True,4,0.1903303352869332,0.2685134890458084,0.1703385734997299,0.1498293430329604,0.1726399355692343,C_mask_ok_models_wrong,high,Reference mask closely matches the visible tan lesion while the models massively over-segment large healthy leaf regions as diseased.
apple_black_rot_google_0160.jpg,1411,720,0.8341394991731632,2,0.8339385986328125,Apple,apple black rot,False,True,4,0.1943494067851098,0.2109432541695991,0.1806288386957173,0.1900014854181452,0.1958240488569778,B_overinclusive,high,"The reference mask covers nearly the entire fruit surface including the still orange/healthy-looking skin and even extends onto background leaf, far beyond the darker rotten lesion areas."
basil_downy_mildew_google_0083.jpg,3060,4096,0.0118097043504901,1,0.0118255615234375,Basil,basil downy mildew,False,True,4,0.1960703573690251,0.1830852823056933,0.3336330935251798,0.1599092128340039,0.1076538408112237,A_missing_lesions,medium,"The top leaf shows clear yellow mottling/lesion area on the upper leaf not covered by the reference mask, which only marks a small spot on the bottom leaf."
ginger_sheath_blight_41.jpg,2667,2000,0.0273858267716535,22,0.027435302734375,Ginger,ginger sheath blight,True,True,4,0.1963498464935775,0.1837606837606837,0.0788072417465388,0.323943661971831,0.1988877984952567,C_mask_ok_models_wrong,medium,"Reference marks multiple discolored stem/sheath streaks consistent with lesions, while the cyan prediction only covers a small fraction of those visible lesion areas."
tomato_leaf_mold_196.jpg,640,480,0.0413639322916666,19,0.0412750244140625,Tomato,tomato leaf mold,False,True,4,0.1998491466424767,0.2359924714058202,0.229918509895227,0.1676806489486604,0.1658049563201996,C_mask_ok_models_wrong,medium,"Reference mask aligns with visible chlorotic/necrotic spots across multiple leaflets while the model prediction only covers one lower leaflet, missing the other lesions."
soybean_mosaic_Baidu_0089.jpg,465,1042,0.0447732854518812,5,0.045013427734375,Soybean,soybean mosaic Baidu,True,True,4,0.2011011035092976,0.0,0.3307294308613168,0.3184484241808086,0.155226558995065,C_mask_ok_models_wrong,medium,"Reference red mask aligns well with visibly mosaic-mottled/distorted leaves on WT and 2-11 under G3 infection, while cyan model predictions are scattered, sparse, and misaligned (e.g., marking WT under G2 and 2-18 which look healthy), indicating the models rather than the reference are inaccurate."
banana_bunchy_top_Bing_0098.jpg,640,480,0.0344986979166666,6,0.034393310546875,Banana,banana bunchy top Bing,False,True,4,0.2013975490099346,0.275745784695201,0.236271676300578,0.2144992526158445,0.079073482428115,C_mask_ok_models_wrong,medium,"Reference marks discolored/necrotic leaf margins plausibly matching symptoms, while cyan predictions cover only a small, different fraction of that area, indicating model underperformance rather than a bad reference."
cherry_leaf_spot_google_0042.jpg,720,1280,0.003525390625,21,0.0035552978515625,Cherry,cherry leaf spot,True,True,4,0.2025813256462372,0.2432938240798502,0.213903743315508,0.0923869944488501,0.2607407407407407,C_mask_ok_models_wrong,medium,"Reference red spots align well with visible lesions, while cyan model predictions are shifted to different leaf regions largely missing the actual spots."
lettuce_mosaic_virus_google_0050.jpg,512,768,0.0769755045572916,3,0.0769500732421875,Lettuce,lettuce mosaic virus,True,True,4,0.2037368665961281,0.129792905474677,0.2324475923373104,0.2333515478368297,0.2193554207356954,B_overinclusive,medium,"The cyan prediction covers nearly the entire lettuce head including clearly healthy green leaf tissue, far beyond the small discolored patches marked in the reference."
wheat_head_scab_Bing_0178.jpg,480,800,0.037671875,6,0.037353515625,Wheat,wheat head scab Bing,True,True,4,0.2066899702729001,0.1311384700511827,0.2394330549228043,0.2097018696311268,0.2464864864864865,C_mask_ok_models_wrong,medium,"Reference marks the bleached wheat heads consistent with scab symptoms, while the model prediction instead highlights the stem/root area, missing the actual lesions."
peach_leaf_curl_6.jpg,862,956,0.0656386820569076,4,0.065704345703125,Peach,peach leaf curl,True,True,4,0.2091820878546553,0.1094785364448285,0.2585222356809136,0.1340673575129533,0.334660221779926,C_mask_ok_models_wrong,medium,"Reference mask closely follows the visibly curled/discolored leaves while the cyan model predictions are small, scattered, and miss most of the affected leaf tissue."
banana_panama_disease_126.jpg,321,480,0.0533294392523364,4,0.0534210205078125,Banana,banana panama disease,True,True,4,0.2104978345444596,0.1427937478428085,0.2107796964939822,0.4212584429434767,0.0671594508975712,C_mask_ok_models_wrong,medium,"The reference mask aligns well with visibly necrotic/discolored leaf edges, while the model predictions are shifted to different leaves and miss much of the marked lesion area."
celery_anthracnose_google_0007.jpg,3264,2448,0.0518864689462386,5,0.05181884765625,Celery,celery anthracnose,True,True,4,0.2107105871536298,0.3541063538016151,0.2566858605246321,0.2320501342882721,0.0,C_mask_ok_models_wrong,medium,"The reference mask covers the clearly necrotic curled leaves consistent with lesions, while the model predictions are shifted to different, largely green/healthy-looking leaf areas."
citrus_greening_disease_google_0078.jpg,881,2567,0.0383272010460189,6,0.0386505126953125,Citrus,citrus greening disease,False,True,4,0.2134396439901014,0.2625130591699117,0.1307023127519626,0.2213056799434362,0.2392375240950953,C_mask_ok_models_wrong,medium,"Reference red mask covers the visibly discolored/blotchy leaf and fruit regions plausibly, while the cyan model predictions only mark small scattered patches that miss much of the symptomatic area."
wheat_loose_smut_Bing_0199.jpg,482,641,0.0405680957528757,1,0.0404510498046875,Wheat,wheat loose smut Bing,False,True,4,0.2144511362749842,0.357345971563981,0.0111695137976346,0.3238135237295254,0.165475536008796,C_mask_ok_models_wrong,medium,"Reference mask closely follows the visible blackened smutted spikelet tissue, while model predictions mostly fall on the finger and small scattered spots away from the lesion."
bell_pepper_powdery_mildew_Google_0012.jpg,251,380,0.4392325435101698,1,0.4402313232421875,Bell pepper,bell pepper powdery mildew Google,False,True,4,0.2157531636728591,0.2137494206704773,0.1891697203169532,0.2490385488901674,0.2110549648138388,B_overinclusive,high,"The reference mask covers nearly the entire leaf including areas with no visible discoloration or lesions, while only small patches near the tip show actual symptomatic (lighter/mottled) tissue."
cauliflower_alternaria_leaf_spot_google_0045.jpg,1777,1920,0.072709447101857,11,0.0728302001953125,Cauliflower,cauliflower alternaria leaf spot,False,True,4,0.2177046360508992,0.2692774313686765,0.1862888589661027,0.2058182916046667,0.2094339622641509,C_mask_ok_models_wrong,medium,"Reference closely tracks the visible dark spots while the cyan prediction covers most of the surface regardless of lesion location, indicating model over-prediction rather than reference error."
cucumber_bacterial_wilt_google_0027.jpg,338,600,0.0588560157790927,3,0.0589141845703125,Cucumber,cucumber bacterial wilt,True,True,4,0.2185082034549591,0.4323911382734912,0.0,0.1727543129089827,0.2688873626373626,C_mask_ok_models_wrong,medium,"Reference covers the two withered/necrotic hanging flowers and fruit tip plausibly, while the model only marks a small unrelated leaf patch, missing the actual lesions."
corn_northern_leaf_blight_google_0023.jpg,401,600,0.2923815461346633,5,0.293060302734375,Corn,corn northern leaf blight,False,True,4,0.219882936538251,0.1741461913762032,0.1667706013363029,0.3729499416819404,0.1656650117585576,B_overinclusive,high,Reference mask covers the tan/brown margin and midrib strips that look like normal leaf coloration/background rather than the discrete lesions visible in the photo.
carrot_cavity_spot_google_0152.jpg,3000,4000,0.0136070833333333,10,0.0135040283203125,Carrot,carrot cavity spot,True,True,4,0.2223604703745889,0.3216520650813517,0.1700579436733593,0.2213375796178344,0.1763942931258106,C_mask_ok_models_wrong,medium,"Reference red marks align with visible dark lesion spots on the carrot, while the cyan model prediction is placed on a different, largely unmarked region of the carrot."
rice_sheath_blight_43.jpg,1280,960,0.01153076171875,1,0.01153564453125,Rice,rice sheath blight,True,True,4,0.2234337568410027,0.4504331087584216,0.24263431542461,0.0051880674448767,0.1954795357361026,C_mask_ok_models_wrong,medium,"The red reference follows the discolored lesion on the stem/leaf sheath plausibly, while the cyan model predictions only cover a small fraction of that lesion area."
plum_rust_Bing_0048.jpg,186,603,0.0787817186469088,3,0.07867431640625,Plum,plum rust Bing,False,True,4,0.2244702879841201,0.0121938400084095,0.4148243280432988,0.2460567823343848,0.2248062015503876,B_overinclusive,medium,"The reference mask covers nearly the entire leaf as solid red, including areas that appear green/healthy in the original photo, not just the rust spots."
eggplant_phomopsis_fruit_rot_Google_0017.jpg,247,489,0.2274326685046736,8,0.2274169921875,Eggplant,eggplant phomopsis fruit rot Google,False,True,4,0.225188238314855,0.3704542238573652,0.0844418739155581,0.1472407668279537,0.2986160886585433,B_overinclusive,medium,"The reference mask covers large uniformly dark/healthy-looking eggplant skin areas (e.g., entire glossy dark regions) well beyond the visible discolored lesion spots."
soybean_downy_mildew_Google_0068.jpg,478,850,0.05132660595619,4,0.0513458251953125,Soybean,soybean downy mildew Google,True,True,4,0.2257021696418925,0.1015873015873015,0.3186708629144404,0.3184120465434634,0.1641384675223648,C_mask_ok_models_wrong,medium,"Reference red regions align well with visible yellow/brown lesion patches on the leaf, while the cyan model predictions cover different, less lesion-correlated areas including the book page."
wheat_stem_rust_Bing_0286.jpg,2048,3648,0.1142270272238212,32,0.1135406494140625,Wheat,wheat stem rust Bing,False,True,4,0.2285308337503626,0.1178764897074756,0.2935746275477561,0.2627772812220687,0.23989493652415,B_overinclusive,medium,"The reference mask covers nearly entire leaf blades including green healthy-looking segments, well beyond the visibly rust-colored lesion patches."
blueberry_botrytis_blight_Bing_0058.jpg,540,720,0.015054012345679,4,0.0148773193359375,Blueberry,blueberry botrytis blight Bing,True,True,4,0.2305550529287517,0.2766174967138893,0.2324216144096064,0.2140387794979708,0.1991423210935406,C_mask_ok_models_wrong,medium,"Reference red mask aligns well with visible blighted brown/red flower clusters, while cyan model predictions cover different, mostly healthy green leaf/flower regions instead."
ginger_sheath_blight_2.jpg,747,580,0.0310021695979319,9,0.030914306640625,Ginger,ginger sheath blight,True,True,4,0.2312090387020957,0.1669296307983591,0.2339243186028049,0.2997955010224949,0.2241867043847241,C_mask_ok_models_wrong,medium,"Reference closely follows the visibly necrotic/discolored leaves, while model predictions in cyan are scattered on largely healthy stem, leaf, and rhizome regions."
corn_northern_leaf_blight_69.jpg,399,618,0.1075058195650939,23,0.107666015625,Corn,corn northern leaf blight,True,True,4,0.2402741168762234,0.1826604897418927,0.30641914560501,0.2074665676077266,0.2645502645502645,C_mask_ok_models_wrong,medium,"Reference closely follows the visibly blighted, streaked leaves while the model predictions cover only small unrelated patches, missing most lesions."
corn_northern_leaf_blight_2.jpg,676,500,0.1253816568047337,22,0.12530517578125,Corn,corn northern leaf blight,True,True,4,0.2422472417923098,0.3551912568306011,0.0867027928303459,0.2979118993135011,0.2291830181947912,C_mask_ok_models_wrong,medium,"Reference mask follows elongated lesion-like streaks plausible for NLB, while model predictions cover only a small fraction of these areas, scattered elsewhere."
corn_rust_32.jpg,1000,750,0.138564,4,0.137939453125,Corn,corn rust,False,True,4,0.2422519505175182,0.3510018214936248,0.0553995882463035,0.3674531264017224,0.1951532659284224,B_overinclusive,high,The red mask covers large swaths of largely healthy-looking leaf/sheath tissue and even background leaf beyond the scattered rust pustules visible in panel 1.
apple_scab_google_0065.jpg,340,520,0.0468721719457013,5,0.04644775390625,Apple,apple scab,True,True,4,0.2437419503982373,0.1008049060942889,0.2212588310854207,0.2457507082152974,0.4071533561979422,C_mask_ok_models_wrong,medium,"Reference red mask aligns well with visible brownish lesion spots on the leaf, while the cyan model predictions are mostly shifted onto the branch/stem area, missing the actual lesions."
apple_rust_71.jpg,480,640,0.0085546875,13,0.0086212158203125,Apple,apple rust,True,True,4,0.2467340606230255,0.1613394216133942,0.2524792280889842,0.2155844155844155,0.3575331772053083,C_mask_ok_models_wrong,medium,"Reference marks visible orange/rust spots accurately while the model instead highlights a large healthy leaf region, missing the actual lesions."
zucchini_powdery_mildew_Bing_0046.jpg,272,600,0.0778308823529411,1,0.0778045654296875,Zucchini,zucchini powdery mildew Bing,True,True,4,0.2467804114792237,0.2430965305640783,0.240144880795852,0.2747400397242668,0.229140194832698,A_missing_lesions,medium,The reference only outlines one small leaf while clearly powdery-mildew-affected (whitish/mottled) larger leaves in the center and right are left unmarked.
rice_sheath_blight_198.jpg,716,642,0.0824022346368715,4,0.08233642578125,Rice,rice sheath blight,True,True,4,0.2476433014066298,0.1302030822411061,0.0,0.4602781482187083,0.4000919751667049,C_mask_ok_models_wrong,medium,"Reference mask closely follows visible dark lesion streaks on the stalks, while the cyan model predictions are shifted to different, largely healthy-looking areas."
banana_bunchy_top_Bing_0291.jpg,360,480,0.0312268518518518,3,0.0312652587890625,Banana,banana bunchy top Bing,True,True,4,0.2492366152264341,0.3943396226415094,0.0120817843866171,0.2450219372257846,0.3455031166518255,C_mask_ok_models_wrong,medium,"Reference covers the visibly discolored/necrotic leaf edges plausibly, while the model prediction only marks a small unrelated patch on a healthy-looking leaf."
tobacco_brown_spot_Bing_0047.jpg,469,700,0.1778312519037465,47,0.17767333984375,Tobacco,tobacco brown spot Bing,True,True,4,0.2511597163983819,0.2534700224615562,0.2642460615153788,0.2338136153337739,0.253109166282819,C_mask_ok_models_wrong,high,Reference mask closely follows visible brown spot lesions while the model prediction covers most of the leaf including clearly healthy tissue and an extra unrelated leaf patch.
apple_scab_26.jpg,500,753,0.0332164674634794,12,0.0330810546875,Apple,apple scab,False,True,4,0.25147817919671,0.3127698951264651,0.2672176308539944,0.2056026728347468,0.2203225179716339,C_mask_ok_models_wrong,medium,"Reference marks plausible scab lesions (darker blemished spots) while the model prediction covers largely different, mostly healthy-looking regions, indicating model error rather than label error."
wheat_loose_smut_Bing_0136.jpg,197,300,0.010896785109983,1,0.0103302001953125,Wheat,wheat loose smut Bing,True,True,4,0.2528365305507281,0.1929486055078056,0.3588709677419355,0.2051440012320961,0.2543825477210751,C_mask_ok_models_wrong,medium,"The reference mask correctly covers the visibly blackened smutted spike, while the cyan model predictions are shifted onto adjacent healthy green spikes."
cucumber_bacterial_wilt_google_0066.jpg,4032,3024,0.0832435259983623,12,0.083160400390625,Cucumber,cucumber bacterial wilt,True,True,4,0.2534523176121493,0.2981887969293511,0.2695099818511797,0.151063829787234,0.2950466618808327,C_mask_ok_models_wrong,medium,"Reference covers all the visibly wilted/dried reddish-brown leaves accurately, while the model prediction only captures a small fraction of that same wilted region."
cucumber_angular_leaf_spot_google_0085.jpg,742,990,0.0458302703585722,43,0.04620361328125,Cucumber,cucumber angular leaf spot,False,True,4,0.2534557355122404,0.184444957304408,0.1522491349480969,0.4419615145872129,0.2351673352092438,C_mask_ok_models_wrong,high,"Reference marks scattered small angular spots matching visible lesions, while the model prediction instead covers most of the leaf as a large blob, indicating model error rather than label error."
plum_pox_virus_Google_0040.jpg,1668,2430,0.10598434832381,4,0.1057891845703125,Plum,plum pox virus Google,True,True,4,0.2552579946576667,0.2892129578091951,0.118772419290554,0.2601305579504865,0.3529160435804315,C_mask_ok_models_wrong,high,"Reference mask closely matches visible discolored lesion regions on the leaf, while the model prediction only covers a small fraction of them, missing most lesions."
wheat_powdery_mildew_Baidu_0295.jpg,403,595,0.0144963196196592,3,0.014434814453125,Wheat,wheat powdery mildew Baidu,True,True,4,0.2552762264705162,0.3195315767461313,0.2652252252252252,0.2752357666783094,0.161112337232399,C_mask_ok_models_wrong,medium,"Reference marks plausible discolored leaf-tip lesions while the model predictions cover different, mostly non-overlapping leaf regions, indicating model error rather than label error."
maple_tar_spot_google_0042.jpg,1026,1368,0.0241156823182061,20,0.0240020751953125,Maple,maple tar spot,False,True,4,0.2562832315778252,0.2623957876261518,0.3684937816674343,0.1235795454545454,0.2706638115631691,C_mask_ok_models_wrong,high,"Reference closely matches visible dark lesion blotches on leaves, while model predictions in cyan cover only a small fraction of those lesions."
garlic_leaf_blight_3.jpg,590,523,0.0183329552451631,8,0.0184326171875,Garlic,garlic leaf blight,True,True,4,0.2608553386568993,0.2812846068660022,0.2353471596032461,0.2641215426567978,0.2626680455015512,A_missing_lesions,medium,"Reference marks several blighted leaf tips/streaks but clearly visible brown lesions in lower-left and other leaves are left unmarked, while the model only captured one of the many red-marked regions."
corn_northern_leaf_blight_81.jpg,600,800,0.0680520833333333,11,0.06805419921875,Corn,corn northern leaf blight,True,True,4,0.2631597127600347,0.2385213436995746,0.3170151496181295,0.3372061604971629,0.1598961972252719,A_missing_lesions,medium,"Reference marks several additional diseased/dried leaf blades at bottom left not captured by the prediction, but also the models only caught the main lesion, so reference is fairly complete while models missed smaller lesions; however since reference covers more visible blighted tissue and models cover less, lesions are missing from models not reference—so this is actually a model miss, reclassify."
ginger_sheath_blight_89.jpg,163,163,0.0623659151642892,3,0.062896728515625,Ginger,ginger sheath blight,True,True,4,0.2633883172324774,0.204869292045327,0.1671574178935447,0.3253019145802651,0.3562246444107728,C_mask_ok_models_wrong,medium,Reference closely follows visible lesion borders while model prediction covers a larger elongated region including seemingly healthy leaf tissue along the blade.
wheat_powdery_mildew_Baidu_0040.jpg,2667,2000,0.1349610048743907,16,0.1351470947265625,Wheat,wheat powdery mildew Baidu,True,True,4,0.2659166720384389,0.4016812263062469,0.0236527948231618,0.402624225489005,0.235708441535342,B_overinclusive,medium,"The red reference mask covers entire leaf blades with no visible powdery mildew lesions, suggesting it marks whole plant structures rather than disease symptoms."
banana_bunchy_top_Bing_0256.jpg,500,375,0.1538133333333333,5,0.154083251953125,Banana,banana bunchy top Bing,False,True,4,0.2706127407201968,0.1296890764009905,0.2733508341095774,0.364897107068297,0.3145139453019225,B_overinclusive,medium,"The reference mask covers entire leaves including large areas that appear uniformly green/healthy, not just discolored lesion tissue."
banana_bunchy_top_Baidu_0064.jpg,1366,1024,0.0386671566160322,1,0.038665771484375,Banana,banana bunchy top Baidu,False,True,4,0.2709184876621346,0.2685967028548452,0.1672864878971749,0.4012820512820513,0.2465087086144672,A_missing_lesions,medium,"The reference only marks the upper curled leaf, but visible brown lesion patches on the lower left and middle leaves are not covered by the reference mask."
cucumber_angular_leaf_spot_20.jpg,518,690,0.097079066644284,76,0.0971221923828125,Cucumber,cucumber angular leaf spot,True,True,4,0.2716297371403829,0.3049549660097675,0.2560311445196827,0.2320650649714873,0.2934677730605943,B_overinclusive,medium,Cyan prediction covers huge swaths of clearly healthy green leaf tissue well beyond the discrete pale lesions marked in the red reference.
tomato_bacterial_leaf_spot_google_0103.jpg,248,333,0.6292502179598953,3,0.6291046142578125,Tomato,tomato bacterial leaf spot,True,True,4,0.2743013140014254,0.2863302790331274,0.341396933560477,0.0471295945433876,0.4223484488687095,B_overinclusive,high,The red reference mask covers a huge contiguous region including clearly healthy green leaf/stem tissue and background far beyond the discrete dark spot lesions visible in the original image.
tomato_mosaic_virus_33.jpg,750,1000,0.143456,1,0.143402099609375,Tomato,tomato mosaic virus,True,True,4,0.2784138281272301,0.3108432538039969,0.2794320969300528,0.2681763664401165,0.2552035953347544,C_mask_ok_models_wrong,medium,Reference closely follows the mottled/discolored leaf area while the model prediction covers nearly the whole image including clearly healthy leaves.
tomato_yellow_leaf_curl_virus_99.jpg,380,600,0.1524561403508772,7,0.1526336669921875,Tomato,tomato yellow leaf curl virus,True,True,4,0.2789696819649393,0.3172604054216145,0.268526228143214,0.2751564129301355,0.2549356813647933,C_mask_ok_models_wrong,medium,"Reference mask closely outlines the visibly curled, discolored leaflets while model predictions only sparsely and loosely overlap those same regions."
cucumber_bacterial_wilt_50.jpg,933,700,0.0555826060327668,1,0.0554656982421875,Cucumber,cucumber bacterial wilt,True,True,4,0.2795936032618897,0.311456895469946,0.323051948051948,0.2359051098103076,0.2479604597153576,C_mask_ok_models_wrong,medium,"Reference tightly outlines the wilted/discolored hanging leaf, while model predictions cover large separate healthy-looking leaves instead."
tomato_early_blight_google_0000.jpg,450,600,0.0741481481481481,39,0.0736846923828125,Tomato,tomato early blight,True,True,4,0.2799742540355387,0.2929831760361099,0.3018751921303412,0.2611595690097485,0.2638790789659556,B_overinclusive,medium,"Reference mask extends onto the dead brown leaf/stem area at bottom and lower-right background beyond the actual leaf lesions, covering non-leaf tissue."
rice_blast_google_0050.jpg,947,1300,0.0218706847534725,52,0.0219573974609375,Rice,rice blast,False,True,4,0.2821908706261741,0.2688507540301612,0.3030560271646859,0.2918724741805119,0.2649842271293375,C_mask_ok_models_wrong,medium,"The red reference closely traces visible lesion spots and streaks on the leaves, while the cyan prediction only covers a small fraction of those lesions, indicating the models under-detected the disease."
tomato_late_blight_142.jpg,1440,1080,0.023897890946502,4,0.0239105224609375,Tomato,tomato late blight,False,True,4,0.283405370499621,0.2557678442682047,0.2859170637736997,0.2565133764644168,0.335423197492163,B_overinclusive,medium,"The cyan model mask covers nearly the entire leaf including clearly healthy green tissue, far beyond the small red lesion patches, while the reference closely matches the actual discolored spots."
ginger_sheath_blight_google_0007.jpg,400,800,0.0843,6,0.0847625732421875,Ginger,ginger sheath blight,True,True,4,0.2836355310500195,0.3815093915195141,0.4135038363171355,0.2005772005772005,0.1389516957862281,A_missing_lesions,medium,"The reference mask covers only the upper left lesion area and a small spot, but leaves the clearly diseased lesion on the right leaf blade (visible brown/red streak extending down) largely unmasked."
peach_leaf_curl_google_0305.jpg,768,1024,0.0491358439127604,11,0.049041748046875,Peach,peach leaf curl,False,True,4,0.2845493133408403,0.1493893780176086,0.3122782114975159,0.3829457364341085,0.2935839274141283,C_mask_ok_models_wrong,medium,"Reference closely follows the visibly curled, reddish-brown diseased leaves, while the cyan prediction only covers small scattered patches missing most of those same leaves."
cucumber_bacterial_wilt_google_0143.jpg,2288,1712,0.0587272686425723,7,0.0586090087890625,Cucumber,cucumber bacterial wilt,True,True,4,0.2855045078087955,0.2831948448363575,0.3067587361372672,0.212783793223891,0.3392806570376664,C_mask_ok_models_wrong,medium,"Reference masks align with visibly wilted/necrotic leaves, while model predictions cover different, partly overlapping and partly mismatched regions."
citrus_greening_disease_google_0079.jpg,451,600,0.0555838876570583,5,0.055419921875,Citrus,citrus greening disease,False,True,4,0.2861510440453505,0.2321981424148606,0.3909308983982048,0.2700555996822875,0.251419535686049,C_mask_ok_models_wrong,medium,"The red reference aligns with visible brownish lesion patches on leaves, while the cyan prediction is shifted onto a mostly different, less clearly diseased leaf region."
tobacco_mosaic_virus_117.jpg,375,500,0.8211946666666666,1,0.8211669921875,Tobacco,tobacco mosaic virus,True,True,4,0.2865666231346596,0.2004812351702703,0.2665187614546156,0.2270733750554378,0.4521931208583149,B_overinclusive,high,"The reference mask covers nearly the entire leaf surface including areas showing normal green healthy-looking tissue, far exceeding the visible mottled mosaic symptom regions."
carrot_alternaria_leaf_blight_Bing_0071.jpg,531,789,0.088168532004325,16,0.08819580078125,Carrot,carrot alternaria leaf blight Bing,True,True,4,0.2874540634769671,0.3701718045570854,0.3044747081712062,0.2195862867062057,0.2555834544733712,C_mask_ok_models_wrong,medium,"Reference mask aligns with visible discolored/necrotic leaf regions, while model predictions cover only a small fraction of those same lesion areas."
soybean_downy_mildew_Google_0256.jpg,679,509,0.0061022363292835,6,0.00604248046875,Soybean,soybean downy mildew Google,False,True,4,0.2878108346542863,0.0985010706638115,0.3944223107569721,0.4380952380952381,0.2202247191011236,C_mask_ok_models_wrong,medium,"The reference marks visible small lesion spots accurately, while the model predictions are just two tiny unrelated points not matching the lesions."
bean_halo_blight_google_0189.jpg,330,610,0.0336562344759066,5,0.0336456298828125,Bean,bean halo blight,False,True,4,0.2892788027925074,0.2802294276015451,0.4331983805668016,0.2493341528375333,0.1943532501641497,C_mask_ok_models_wrong,medium,Reference marks plausible lesion areas with halo spots while model predictions are shifted to different locations not matching visible lesions.
blueberry_anthracnose_Bing_0128.jpg,499,600,0.0205611222444889,1,0.020416259765625,Blueberry,blueberry anthracnose Bing,False,True,4,0.2900501884158658,0.2230387653867352,0.340632603406326,0.2257772957339117,0.3707520891364902,A_missing_lesions,medium,The two blossom-end scarred/dark berries show clear lesion-like tissue not marked in red while only one small orange-brown spot was labeled.
wheat_powdery_mildew_Baidu_0141.jpg,1920,887,0.3442361894024803,1,0.344146728515625,Wheat,wheat powdery mildew Baidu,False,True,4,0.2903394774934975,0.1438091320444261,0.2904385334291876,0.3416406680124793,0.3854695764878971,B_overinclusive,high,"The reference mask fills the entire two leaves as solid red, including large healthy green areas between the white powdery mildew spots, whereas the actual lesions are only small scattered white patches."
celery_anthracnose_google_0035.jpg,2560,1920,0.0134206136067708,5,0.0135040283203125,Celery,celery anthracnose,True,True,4,0.2909787571638998,0.2918454935622318,0.2748447204968944,0.2927555408534568,0.3044692737430167,C_mask_ok_models_wrong,medium,"The reference mask covers the visible dark lesion and frayed tissue well, while the cyan prediction extends over much healthy green stem beyond the lesion, indicating model over-segmentation rather than a reference labeling error."
wheat_stem_rust_Bing_0279.jpg,199,300,0.0162646566164154,11,0.0160064697265625,Wheat,wheat stem rust Bing,True,True,4,0.2911181880132635,0.2798552472858866,0.2752694039012413,0.2996286775207084,0.3097194233452178,C_mask_ok_models_wrong,medium,"Reference marks discrete rust-colored spots matching visible lesions, while the cyan prediction covers nearly the whole spike including healthy tissue."
blueberry_mummy_berry_Bing_0006.jpg,396,449,0.3828147848192391,6,0.3824310302734375,Blueberry,blueberry mummy berry Bing,True,True,4,0.2945346478340738,0.2554041029877461,0.2397353299669162,0.2862886738448957,0.3967104845367371,B_overinclusive,high,"The reference mask covers nearly all the blue, healthy-looking berries in addition to the whitish mummified ones, far exceeding the visible diseased tissue."
wheat_head_scab_Baidu_0111.jpg,235,490,0.1793834129396439,9,0.180145263671875,Wheat,wheat head scab Baidu,True,True,4,0.2963094431805485,0.2761007498557969,0.2266099211609572,0.3579275735792757,0.3245995281261641,B_overinclusive,medium,"The red reference mask covers entire spikes/stems including healthy-looking green and tan tissue well beyond the visible scab lesions, while the cyan model predictions are much smaller and more localized to actual lesion spots."
coffee_berry_blotch_Bing_0018.jpg,768,1024,0.022009531656901,13,0.02197265625,Coffee,coffee berry blotch Bing,False,True,4,0.2966352558058934,0.3736162361623616,0.3710526315789473,0.1223277909738717,0.3195443645083933,C_mask_ok_models_wrong,medium,"Reference marks visible dark lesions on berries plausibly while models only highlight small, mostly different spots (one berry edge, one unrelated top-right berry), missing most reference lesions."
banana_bunchy_top_Baidu_0019.jpg,620,1000,0.0478774193548387,8,0.0478973388671875,Banana,banana bunchy top Baidu,True,True,4,0.2973173624852294,0.2997219542643137,0.3138336478443896,0.2954974386627123,0.2802164091695019,C_mask_ok_models_wrong,medium,"The red reference mask tightly follows the discolored/necrotic leaf margins which match visible symptoms, while the cyan model prediction covers much larger healthy green leaf area beyond those margins."
cabbage_black_rot_Bing_0145.jpg,640,640,0.01290283203125,3,0.012969970703125,Cabbage,cabbage black rot Bing,False,True,4,0.2979350368587676,0.3257666268418956,0.1737317581653926,0.2448733413751508,0.4473684210526316,C_mask_ok_models_wrong,medium,"Reference marks plausible lesion-like discolored patches while model predictions are shifted to different, less clearly lesioned areas, giving low overlap."
tomato_early_blight_321.jpg,300,400,0.0113083333333333,8,0.0111541748046875,Tomato,tomato early blight,True,True,4,0.2981716557366731,0.3438343834383438,0.1694915254237288,0.3338582677165354,0.3455024463680843,C_mask_ok_models_wrong,medium,"Reference marks visible brown lesion spots plausibly, while the cyan predictions are shifted/offset onto nearby leaf areas not matching the lesion locations well."
tomato_yellow_leaf_curl_virus_google_0032.jpg,353,500,0.0469858356940509,2,0.0470733642578125,Tomato,tomato yellow leaf curl virus,True,True,4,0.2982774375084376,0.2952106174264282,0.3562,0.2289083146981093,0.3127908179092131,C_mask_ok_models_wrong,medium,"The reference mask aligns with the curled/chlorotic leaf in panel 2, while the model prediction in panel 3 covers a much larger area including seemingly less affected leaf tissue, suggesting the models over-predicted rather than the reference being wrong."
cherry_leaf_spot_12.jpg,397,640,0.0271449937027707,37,0.0270843505859375,Cherry,cherry leaf spot,True,True,4,0.2982900512705488,0.3497187576424553,0.3027761134411823,0.2782923882400322,0.2623729457585257,C_mask_ok_models_wrong,medium,"Reference marks the visible dark lesion spots reasonably well, but models instead highlight broad yellowed/chlorotic leaf regions that are not the discrete lesions, explaining the low Dice."
cucumber_powdery_mildew_183.jpg,414,640,0.0065104166666666,8,0.0065155029296875,Cucumber,cucumber powdery mildew,True,True,4,0.2995523005253302,0.2706399609184172,0.3577486507324595,0.3155672823218997,0.2542533081285444,C_mask_ok_models_wrong,medium,"Reference marks small powdery mildew spots matching visible lesions, while the model prediction covers different, larger regions not aligned with visible spots."
ginger_sheath_blight_161.jpg,209,268,0.1049060915518103,3,0.10321044921875,Ginger,ginger sheath blight,True,True,4,0.2998513286637255,0.2926946491509131,0.4382683057188669,0.1896265197236071,0.2788158400615148,C_mask_ok_models_wrong,medium,"Reference red mask aligns well with visible lesion borders on all three leaves, while the cyan model prediction covers only part of one leaf and misses the others."
cherry_leaf_spot_google_0260.jpg,125,125,0.024768,15,0.0247344970703125,Cherry,cherry leaf spot,False,True,4,0.3026489659937177,0.3217327305225528,0.2855565777368905,0.2216407355021216,0.3816658202133062,C_mask_ok_models_wrong,medium,"Reference red spots align well with visible dark lesions, while cyan prediction covers additional areas and differs in spatial pattern, indicating model disagreement rather than annotation error."
banana_bunchy_top_Google_0096.jpg,800,800,0.2288734375,1,0.228485107421875,Banana,banana bunchy top Google,True,True,4,0.3028462412765428,0.2060090974383528,0.4191238416175231,0.2055089820359281,0.3807430440143676,B_overinclusive,medium,"The reference mask covers the entire inner leaf bundle including green, healthy-looking tissue, not just the visibly discolored/necrotic margins."
banana_bunchy_top_Baidu_0017.jpg,526,640,0.1376009980988593,2,0.13775634765625,Banana,banana bunchy top Baidu,True,True,4,0.3031740826858577,0.3307398500495119,0.197855989035195,0.3417049876193845,0.3423955040393396,C_mask_ok_models_wrong,medium,"The reference mask follows the yellow-streaked diseased leaf margins plausibly, while the models only cover small unrelated patches missing most of the visible chlorotic lesions."
citrus_canker_google_0051.jpg,1010,1386,0.092997156858543,66,0.0929412841796875,Citrus,citrus canker,False,True,4,0.3060071120723754,0.4086644271979613,0.2561629153269024,0.3338842975206612,0.2253168082439771,C_mask_ok_models_wrong,medium,"Reference red mask closely follows visible lesion spots on fruit, while cyan model predictions cover only a small fraction of those lesions, indicating the models under-detected rather than the reference being wrong."
celery_anthracnose_google_0090.jpg,1390,1119,0.0263178197388469,2,0.0262908935546875,Celery,celery anthracnose,True,True,4,0.3066615544934419,0.4878957169459962,0.1051597051597051,0.2218981650261271,0.4116926308419394,C_mask_ok_models_wrong,medium,"Reference marks both visible lesions accurately, while the model prediction only covers the upper lesion and extends into surrounding healthy stem tissue, missing the lower lesion entirely."
carrot_alternaria_leaf_blight_Bing_0091.jpg,900,1200,0.2398824074074074,4,0.2398681640625,Carrot,carrot alternaria leaf blight Bing,True,True,4,0.306780383793543,0.2507951698708024,0.236585954468667,0.3753946039901333,0.3643458068445696,C_mask_ok_models_wrong,medium,"The reference mask aligns with the browned/necrotic foliage areas visible in the original image, while the cyan model prediction covers mostly healthy green foliage well beyond those lesions."
wheat_powdery_mildew_Baidu_0089.jpg,354,526,0.0600363042684367,4,0.0602874755859375,Wheat,wheat powdery mildew Baidu,True,True,4,0.3094201844493675,0.375427128212747,0.2117121621171216,0.3276161692482055,0.3229252782193959,C_mask_ok_models_wrong,medium,"Reference mask closely follows the visibly mildew-spotted leaves, while model predictions extend onto additional leaves and background areas beyond the spotted tissue."
blueberry_botrytis_blight_Bing_0158.jpg,1067,1600,0.0078754686035613,8,0.007843017578125,Blueberry,blueberry botrytis blight Bing,False,True,4,0.3097456540829408,0.2764367816091954,0.3971568191914704,0.3734177215189873,0.1919712940121103,C_mask_ok_models_wrong,medium,"Reference red mask aligns with visible reddish/necrotic stem lesions, while the cyan model predictions are shifted to different leaf/stem locations not matching those lesions."
citrus_canker_130.jpg,1440,1080,0.0189673353909465,35,0.019073486328125,Citrus,citrus canker,True,True,4,0.3104025572539015,0.2785504407443682,0.3289521723256663,0.37665544332211,0.2574521726234614,C_mask_ok_models_wrong,medium,"Reference closely outlines the visible lesion spots while the model predictions are shifted/incomplete, covering different or partial areas on the leaves."
apple_scab_51.jpg,960,1280,0.0147395833333333,11,0.0147552490234375,Apple,apple scab,True,True,4,0.3113066498454688,0.4021250510829587,0.3537841468875952,0.2647433177768349,0.2245740836344863,C_mask_ok_models_wrong,medium,"Reference mask closely outlines the visible scab lesions, while the model predictions are shifted to different locations, mostly missing the actual marked spots."
tomato_bacterial_leaf_spot_google_0276.jpg,713,1050,0.5114699792960663,13,0.5107574462890625,Tomato,tomato bacterial leaf spot,False,True,4,0.3117159627887851,0.2237566876630735,0.3150578764469112,0.3780198730994852,0.3300294139456707,B_overinclusive,medium,"The reference mask covers nearly entire leaves including green/healthy-looking tissue, far more than the visible brown spotted lesion areas."
zucchini_bacterial_wilt_Bing_0010.jpg,720,1280,0.3526877170138889,5,0.3529205322265625,Zucchini,zucchini bacterial wilt Bing,True,True,4,0.31440987023189,0.3552766122492155,0.3347157668930997,0.4903436569195785,0.0773034448656667,B_overinclusive,medium,"The reference mask covers nearly entire large leaves including green-looking turgid tissue, not just visibly wilted/discolored portions."
squash_powdery_mildew_32.jpg,380,600,0.3573201754385965,5,0.3552093505859375,Squash,squash powdery mildew,True,True,4,0.3153192803008399,0.3358190249404687,0.0784267912772585,0.3749645700739519,0.4720667349116808,B_overinclusive,medium,Reference mask covers large leaf areas including parts that appear green/healthy rather than just the whitish powdery mildew patches visible on the leaves.
raspberry_fire_blight_Bing_0018.jpg,650,502,0.0223873735825927,3,0.022552490234375,Raspberry,raspberry fire blight Bing,True,True,4,0.3154862085931007,0.2994825355756791,0.2938070091214594,0.2735778443113772,0.3950774453638871,B_overinclusive,medium,"The cyan prediction mask covers almost the entire leaf including clearly green healthy tissue, far beyond the discolored veins/margins marked in the reference, while the reference itself only outlines discrete discolored leaf regions matching visible lesions."
wheat_septoria_blotch_google_septoria (23).jpg,422,750,0.1031090047393365,12,0.1032257080078125,Wheat,wheat septoria blotchseptoria (),True,True,4,0.3156281010606556,0.1605351170568562,0.1849755595574993,0.4674379095542432,0.4495638180740239,B_overinclusive,medium,"The red reference mask covers entire whole leaves/blades including green healthy tissue, well beyond the actual tan/brown lesion areas visible in the photo."
wheat_stripe_rust_Baidu_0243.jpg,1600,1200,0.0178833333333333,18,0.0177154541015625,Wheat,wheat stripe rust Baidu,True,True,4,0.3159656989140058,0.4010624169986719,0.2796478508544795,0.2198067632850241,0.3633457645178476,C_mask_ok_models_wrong,medium,"Reference marks multiple elongated streaks consistent with stripe rust lesions on several leaves, while model predictions (cyan) cover only small unrelated regions, mostly missing the actual lesions."
banana_anthracnose_Bing_0004.jpg,637,850,0.0543429679564133,28,0.054534912109375,Banana,banana anthracnose Bing,False,True,4,0.3174310606566106,0.4704244954766875,0.311589613679544,0.223826714801444,0.2638834186687672,C_mask_ok_models_wrong,medium,"Reference mask closely matches visible dark lesions while cyan predictions cover only a few spots and miss most lesions, including entirely missing Bavistin-treated fruit lesions."
tomato_yellow_leaf_curl_virus_4.jpg,518,690,0.252229869621174,7,0.25335693359375,Tomato,tomato yellow leaf curl virus,True,True,4,0.3185055317494241,0.48888541014402,0.2426677380474086,0.293753405657106,0.2487155731491619,C_mask_ok_models_wrong,high,"Reference mask closely outlines the visibly orange/necrotic leaves, while model predictions only mark scattered small patches, missing most of the diseased leaves."
rice_sheath_blight_21.jpg,338,600,0.0799358974358974,12,0.0799713134765625,Rice,rice sheath blight,True,True,4,0.3189407286396485,0.3361421786425617,0.353055645647037,0.283900643974241,0.3026644462947543,C_mask_ok_models_wrong,medium,"Reference mask closely follows the visible lesion borders on the stems/leaves, while the model predictions cover only partial, smaller, and shifted regions compared to the reference."
soybean_frog_eye_leaf_spot_Bing_0224.jpg,480,640,0.241748046875,2,0.2420196533203125,Soybean,soybean frog eye leaf spot Bing,False,True,4,0.3194612818175663,0.2965587587910023,0.4067201604814443,0.2513360145446532,0.3232301934531653,B_overinclusive,high,"The red reference mask covers broad swaths of visibly healthy green leaf tissue between the discrete lesion spots, not just the actual frog eye spots."
peach_leaf_curl_2.jpg,1280,960,0.0690275065104166,8,0.0689849853515625,Peach,peach leaf curl,True,True,4,0.3198505687576825,0.3887473952303774,0.3910532587771564,0.119550207141448,0.380051413881748,C_mask_ok_models_wrong,medium,"Reference covers the visibly curled, reddish-distorted leaves well, while models only mark a small subset of those lesions, missing most of the affected tissue."
zucchini_powdery_mildew_Bing_0195.jpg,272,600,0.0601286764705882,2,0.060516357421875,Zucchini,zucchini powdery mildew Bing,False,True,4,0.321195158024264,0.3651703724420826,0.1353170386114063,0.418078373713482,0.3662148473300853,A_missing_lesions,medium,"Multiple leaves show visible pale/mottled powdery mildew symptoms (e.g., the large leaf on the right) that are not covered by the small red reference regions."
coffee_berry_blotch_Bing_0010.jpg,1024,768,0.0459467569986979,26,0.0457611083984375,Coffee,coffee berry blotch Bing,True,True,4,0.3223797904450128,0.466441332689522,0.2451284947754871,0.1106408706166868,0.4673084636983554,C_mask_ok_models_wrong,medium,"The reference outlines several blotchy/discolored berries plausibly matching lesion symptoms, while the model's cyan predictions cover only a tiny speck and miss nearly all marked lesions."
grape_downy_mildew_203.jpg,375,500,0.118272,3,0.1184844970703125,Grape,grape downy mildew,True,True,4,0.3224044635218833,0.2096230954290296,0.366088310532755,0.4324444444444444,0.2814620036813042,C_mask_ok_models_wrong,medium,"Reference mask aligns with visible discolored lesion areas, while model predictions cover different, largely healthy-looking regions."
zucchini_bacterial_wilt_Bing_0003.jpg,496,768,0.3058294480846774,1,0.3061370849609375,Zucchini,zucchini bacterial wilt Bing,True,True,4,0.3228730813503451,0.3653915481674344,0.3371482099947053,0.4142243063696756,0.1747282608695652,C_mask_ok_models_wrong,medium,"The reference mask closely follows the wilted, discolored plant tissue, while the models only caught small fragments of the flowers, missing most of the visibly wilted lesion area."
lettuce_mosaic_virus_16.jpg,2309,1732,0.0391789533275254,6,0.0391845703125,Lettuce,lettuce mosaic virus,True,True,4,0.3234067038917569,0.2949930357011949,0.1845846391424808,0.3987925267194256,0.4152566140039263,C_mask_ok_models_wrong,medium,"Reference marks the visible necrotic/discolored patches reasonably well, while the model prediction covers a much larger region including healthy green tissue, indicating model error rather than label error."
tomato_yellow_leaf_curl_virus_google_0114.jpg,640,427,0.145129537470726,16,0.1454010009765625,Tomato,tomato yellow leaf curl virus,False,True,4,0.324288793601809,0.3634189584793634,0.0275910859568447,0.4699675770731439,0.436177552897884,C_mask_ok_models_wrong,medium,"Reference mask closely outlines the yellowed/curled leaves matching visible symptoms, while predictions cover only a subset and fewer leaves."
citrus_canker_5.jpg,2133,1200,0.0227738709173308,1,0.022796630859375,Citrus,citrus canker,True,True,4,0.3247022312974342,0.2975778546712803,0.175574740517994,0.3320084171148001,0.4936479128856624,C_mask_ok_models_wrong,medium,"The red reference mask closely matches the visible lesion on the fruit, while the cyan model predictions are scattered on leaves and small fruit spots that don't align with the lesion."
eggplant_cercospora_leaf_spot_google_0045.jpg,480,600,0.0951284722222222,28,0.0948486328125,Eggplant,eggplant cercospora leaf spot,True,True,4,0.3255039231641439,0.4122654155495978,0.3161064747467014,0.2938554902332638,0.2797883121270127,C_mask_ok_models_wrong,medium,"Reference marks distinct circular/irregular lesions matching visible spots, while the model prediction covers broad swaths of healthy leaf tissue well beyond the lesions."
corn_smut_google_0200.jpg,1272,1920,0.0785655791404612,1,0.078460693359375,Corn,corn smut,False,True,4,0.3261681804106642,0.3743743743743744,0.3015722674749005,0.4384653712007972,0.1902607085925849,C_mask_ok_models_wrong,medium,"Reference mask closely matches the visible smut galls, while the model prediction also covers an extra leaf region not showing lesions and misses part of the left gall cluster."
wheat_stem_rust_Google_0333.jpg,1024,685,0.0241945141423357,1,0.0241241455078125,Wheat,wheat stem rust Google,False,True,4,0.3276866219233371,0.3135791942016627,0.365847414234511,0.3177116318344944,0.3136082474226804,B_overinclusive,medium,"Models mark the entire stem and leaf/awn structures in cyan while the reference only marks a thin stem segment, suggesting models over-segment beyond visible lesion but reference itself appears plausible; however given reference is narrow red line matching discolored stem and models cover much more including healthy leaf, the mismatch is primarily due to model over-inclusion not reference error, so reconsider as C."
eggplant_cercospora_leaf_spot_google_0018.jpg,1024,768,0.0450642903645833,21,0.045074462890625,Eggplant,eggplant cercospora leaf spot,False,True,4,0.3286276313683806,0.2766107429860426,0.2752310796227654,0.4697302521746771,0.2929384506900372,A_missing_lesions,medium,"Many visible brown/tan spots across the leaf, especially lower-left and right areas, are not outlined in the reference mask which only covers a subset of lesions."
cabbage_downy_mildew_Bing_0043.jpg,1158,1600,0.0545147884283247,3,0.0546417236328125,Cabbage,cabbage downy mildew Bing,False,True,4,0.3293399710398289,0.3220590857754265,0.4075528136100205,0.29013948167378,0.2976085031000886,A_missing_lesions,medium,"The whitish mildew-affected leaf on the left with visible powdery lesions is not covered by the red reference mask, which only marks a separate leaf."
tomato_septoria_leaf_spot_google_0053.jpg,230,750,0.0493971014492753,4,0.0493316650390625,Tomato,tomato septoria leaf spot,False,True,4,0.3293568359708439,0.3513513513513513,0.3540630182421227,0.3580447203216477,0.2539682539682539,C_mask_ok_models_wrong,medium,"The reference mask closely follows the visible yellow/spotted lesion on the leaf, while the model prediction covers a different, more expansive region including healthy-looking leaf tissue and a separate dried leaf."
zucchini_downy_mildew_Bing_0047.jpg,900,1200,0.0702601851851851,82,0.0703277587890625,Zucchini,zucchini downy mildew Bing,False,True,4,0.3293584344562436,0.370197710718002,0.2625253361500471,0.322665435299968,0.3620452556569571,C_mask_ok_models_wrong,medium,"Reference marks discrete yellow angular lesions matching visible symptoms, while the cyan prediction covers nearly the entire leaf including clearly healthy green tissue."
apple_scab_google_0153.jpg,563,1000,0.0069538188277087,7,0.0067596435546875,Apple,apple scab,True,True,4,0.3325817982142577,0.3391304347826087,0.3597273203985317,0.3413670485973923,0.2901023890784983,C_mask_ok_models_wrong,medium,"Reference marks visible scabby lesions on both berries, while the model prediction only covers the upper berry surface and a tiny spot on the lower one, missing much of the lesion area."
garlic_rust_98.jpg,810,1080,0.0603543667123914,9,0.060760498046875,Garlic,garlic rust,True,True,4,0.3336872886336977,0.3958118777892207,0.3579410148378824,0.3080243280360997,0.2729719338715878,B_overinclusive,medium,"Reference mask extends over large green healthy leaf blade areas beyond the visible yellow/orange rust streaks, especially the bottom-left leaf which looks mostly healthy."
cucumber_bacterial_wilt_38.jpg,372,504,0.0191052227342549,1,0.019134521484375,Cucumber,cucumber bacterial wilt,True,True,4,0.3339348625344638,0.426436983652663,0.3218816821097648,0.3053586970036056,0.2820620873718218,A_missing_lesions,medium,"The white fuzzy/moldy tissue extends across multiple flower/stem areas but the reference only marks one small petal region, leaving other visibly affected tissue uncovered."
carrot_cavity_spot_google_0161.jpg,150,260,0.3907948717948717,9,0.3909912109375,Carrot,carrot cavity spot,True,True,4,0.3384871346381413,0.2394890535878957,0.3519280205655527,0.2865497076023391,0.4759817567967778,C_mask_ok_models_wrong,medium,"The red reference closely follows the dark lesion borders while the cyan model predictions are scattered, small, and miss most of the large lesion area."
rice_blast_google_0009.jpg,800,513,0.0212110136452241,28,0.0213470458984375,Rice,rice blast,True,True,4,0.3385486673617254,0.4375970999482134,0.2580112776784486,0.2748501104449353,0.3837361813753044,C_mask_ok_models_wrong,medium,"Reference red spots align with visible lesions on the blade, while the cyan prediction extends onto additional leaves and areas without clear lesions, indicating model over-segmentation rather than reference error."
wheat_head_scab_Baidu_0404.jpg,2879,4608,0.1583042071899965,14,0.15863037109375,Wheat,wheat head scab Baidu,True,True,4,0.3393830336820351,0.2095499274076463,0.243980504837419,0.4086553715337268,0.4953463309493485,C_mask_ok_models_wrong,medium,"Reference covers most bleached scab-affected spikes plausibly while model predictions cover only small fragments of those spikes, missing most lesions."
coffee_berry_blotch_Bing_0170.jpg,479,638,0.0104384133611691,10,0.0103759765625,Coffee,coffee berry blotch Bing,True,True,4,0.3395055686063203,0.3948439620081411,0.4955141476880607,0.1345926800472255,0.3330714846818539,C_mask_ok_models_wrong,medium,"Reference mask closely outlines visible lesion spots on leaf and berries, while the model prediction covers different, less lesion-specific regions."
cabbage_black_rot_Bing_0018.jpg,1920,1440,0.0972844328703703,20,0.096893310546875,Cabbage,cabbage black rot Bing,True,True,4,0.3400332089290523,0.4137313432835821,0.3091623314576919,0.1653578640341036,0.4718812969408316,C_mask_ok_models_wrong,medium,"Reference mask follows visible necrotic/discolored leaf margins plausibly, while model predictions cover only small unrelated patches including the healthy cabbage head."
cherry_powdery_mildew_60.jpg,1439,1080,0.1065162278331145,13,0.106719970703125,Cherry,cherry powdery mildew,True,True,4,0.3400417968796956,0.2550983468082539,0.418503097390068,0.2322995181020635,0.4542662252183972,C_mask_ok_models_wrong,medium,"Reference mask covers the visible whitish/discolored mildew patches on leaves plausibly, while model predictions only capture a small fraction of those same regions."
carrot_cavity_spot_google_0193.jpg,753,1000,0.042468791500664,10,0.042266845703125,Carrot,carrot cavity spot,True,True,4,0.3410860221564242,0.3621751942137691,0.4140472577498374,0.4516823687752355,0.1364392678868552,C_mask_ok_models_wrong,high,"Reference mask closely follows the visible dark lesions on the top two carrots, while the model predictions only mark a couple of small spots and miss most lesions."
banana_bunchy_top_Baidu_0084.jpg,518,690,0.0337306250349728,7,0.033599853515625,Banana,banana bunchy top Baidu,True,True,4,0.3430061218858084,0.2549203373945642,0.490371575806889,0.2959427207637231,0.3307898535780573,C_mask_ok_models_wrong,medium,"Reference marks the discolored/curled young leaves fairly well, while the cyan model mask covers mostly healthy green leaf tissue rather than the discolored margins."
cauliflower_bacterial_soft_rot_Bing_0009.jpg,683,1024,0.6471621065153733,1,0.6465301513671875,Cauliflower,cauliflower bacterial soft rot Bing,True,True,4,0.3442351380452447,0.395768794862108,0.3137839826581548,0.3284305993690852,0.3389571752916308,B_overinclusive,high,"Reference mask covers nearly all cauliflower curd including clearly healthy white florets, far beyond the visibly browned diseased tissue."
potato_early_blight_google_0153.jpg,174,179,0.0634752456174147,4,0.0640716552734375,Potato,potato early blight,False,True,4,0.3444816956158561,0.3026276500447895,0.3619781290122636,0.3374963205920693,0.3758246828143022,C_mask_ok_models_wrong,medium,"Reference red mask aligns with visible brownish lesion patches near the top, while the cyan prediction covers large areas of healthy green tissue and misses the actual lesion spots."
banana_bunchy_top_Google_0050.jpg,350,800,0.4276071428571428,1,0.4282379150390625,Banana,banana bunchy top Google,False,True,4,0.3455216215785728,0.3094533608296721,0.3797766357555051,0.3004366812227074,0.3924198085064068,B_overinclusive,high,"The reference mask covers nearly all leaves entirely including green, clearly healthy-looking tissue, far beyond the narrow discolored margins visible in the photo."
corn_northern_leaf_blight_google_0059.jpg,579,1024,0.0301148936744386,25,0.029632568359375,Corn,corn northern leaf blight,False,True,4,0.3460806412374261,0.3419838523644752,0.3695876288659794,0.2946876044102907,0.3780634793089594,C_mask_ok_models_wrong,medium,"Reference covers most visible lesion streaks on leaves while the model prediction only marks one leaf, missing the other clear lesions."
cucumber_powdery_mildew_197.jpg,500,667,0.0113703148425787,22,0.011199951171875,Cucumber,cucumber powdery mildew,True,True,4,0.3472071685189616,0.3638132295719844,0.4056224899598393,0.2440677966101695,0.3753251579338535,A_missing_lesions,medium,"The original photo shows white powdery mildew spots scattered across the entire upper leaf area, including the left side, but the reference mask only covers the central/right cluster near the veins, leaving visible lesions on the left unmarked."
corn_northern_leaf_blight_google_0041.jpg,180,320,0.0131423611111111,3,0.0129852294921875,Corn,corn northern leaf blight,False,True,4,0.3480639599116081,0.3566176470588235,0.3791554357592093,0.2962343096234309,0.3602484472049689,C_mask_ok_models_wrong,medium,"Reference red marks align with visible elongated necrotic lesions, while cyan prediction only covers a small unrelated patch, indicating model error rather than label error."
peach_brown_rot_Bing_0216.jpg,1500,1125,0.0299638518518518,1,0.0297698974609375,Peach,peach brown rot Bing,True,True,4,0.3517555517882257,0.3008945095619987,0.385079833624044,0.4158225823648576,0.3052252816020025,C_mask_ok_models_wrong,medium,"Reference tightly covers the brown rotted fruit cluster, while the model prediction extends over additional leaves and background beyond the visible lesions."
grape_leaf_spot_157.jpg,320,480,0.1173307291666666,7,0.1169586181640625,Grape,grape leaf spot,True,True,4,0.3520746421704341,0.3489232607846291,0.3528371270306754,0.353345405581093,0.353192775285339,A_missing_lesions,medium,"Much of the leaf shows visible brown/necrotic spotting and discoloration (especially upper and lower edges) that is left uncovered by the red reference mask, while the cyan model prediction covers almost the whole diseased leaf."
tomato_yellow_leaf_curl_virus_15.jpg,370,551,0.2767400794624025,18,0.27728271484375,Tomato,tomato yellow leaf curl virus,True,True,4,0.3525391128291433,0.3849776405872808,0.222536625439277,0.4380079343681393,0.3646342509218763,B_overinclusive,high,"The reference mask covers nearly all leaves including entire leaflets that appear uniformly healthy green in the original photo, consistent with TYLCV symptoms (curling/mosaic) rather than lesions, marking whole organs rather than specific diseased tissue."
banana_cigar_end_rot_Google_0101.jpg,1777,800,0.0796447664603264,40,0.07977294921875,Banana,banana cigar end rot Google,True,True,4,0.3534383199430191,0.3952590464218371,0.0968755166143164,0.4828285103028938,0.4387902064330293,A_missing_lesions,medium,"The obvious blackened cigar-end rot tips on the bottom fruits are not covered by the red reference mask, which instead marks upper green fruit areas."
maple_tar_spot_google_0074.jpg,390,300,0.0361196581196581,9,0.03607177734375,Maple,maple tar spot,False,True,4,0.3544126749923876,0.324164198053322,0.4016205742469614,0.287906919173165,0.4039590084961023,C_mask_ok_models_wrong,high,"Reference red mask tightly matches the visible dark tar-spot lesions, while the cyan prediction covers large additional healthy/discolored leaf regions far beyond the lesions."
tomato_yellow_leaf_curl_virus_40.jpg,542,528,0.1133742871519624,4,0.1136474609375,Tomato,tomato yellow leaf curl virus,True,True,4,0.354637242424793,0.3209404849375459,0.3197423073662795,0.4463503649635036,0.3315158124318429,C_mask_ok_models_wrong,medium,"Reference covers the visibly curled/discolored leaf regions plausibly, while model predictions only partially overlap and miss several marked lesions."
raspberry_leaf_spot_Google_0115.jpg,888,666,0.0923541785028271,6,0.092315673828125,Raspberry,raspberry leaf spot Google,False,True,4,0.3550812101277643,0.2808769040757513,0.3714698186411621,0.394468006638392,0.373510111155752,C_mask_ok_models_wrong,medium,"The reference marks distinct discolored leaves consistent with lesions, while the model prediction instead covers most of the healthy green upper foliage, indicating model error rather than reference error."
tobacco_blue_mold_Bing_0083.jpg,1024,1536,0.0724760691324869,30,0.07232666015625,Tobacco,tobacco blue mold Bing,False,True,4,0.3566708849155198,0.2921753820164324,0.3412372344171851,0.3845909955611921,0.4086799276672694,C_mask_ok_models_wrong,medium,"Reference closely follows discolored lesion patches on leaves while the model prediction instead highlights largely different, healthier-looking leaf regions."
coffee_berry_blotch_Bing_0001.jpg,898,1200,0.2291249072011878,4,0.2289886474609375,Coffee,coffee berry blotch Bing,True,True,4,0.3570347439954386,0.3600699377117255,0.3239892785347331,0.4175673538250646,0.3265124059102314,C_mask_ok_models_wrong,medium,"The reference mask closely follows the visible dark/rotten lesion area in the cross-section, while the model predictions cover only a small fraction of that lesion."
peach_leaf_curl_google_0128.jpg,1562,2000,0.0684548655569782,7,0.06842041015625,Peach,peach leaf curl,False,True,4,0.3583452882536326,0.3592436974789916,0.4161752316764954,0.2401596629338064,0.4178025609252375,C_mask_ok_models_wrong,medium,"Reference matches the visible curled, reddened lesion tissue well, while the model predictions are scattered, fragmented, and include healthy-looking areas like the fruit."
garlic_leaf_blight_58.jpg,366,640,0.0756830601092896,5,0.07562255859375,Garlic,garlic leaf blight,True,True,4,0.360583148058626,0.3728895906716871,0.4534366480126273,0.4241281809613572,0.1918781725888325,C_mask_ok_models_wrong,medium,"Reference covers the visibly discolored/yellow-brown leaf blades plausibly, while models only marked small fragments of those same lesions, missing most of the diseased area."
tomato_early_blight_google_0056.jpg,450,600,0.0439555555555555,11,0.044097900390625,Tomato,tomato early blight,True,True,4,0.3607958699471619,0.2288828337874659,0.4770091963214714,0.3586083853702052,0.3786830643095055,C_mask_ok_models_wrong,medium,"Reference mask closely follows the visible necrotic lesion boundaries while the model prediction covers only a fraction of those lesions, missing several clear spots."
cherry_leaf_spot_google_0216.jpg,1201,801,0.0189490447515127,22,0.019134521484375,Cherry,cherry leaf spot,True,True,4,0.3640045694316948,0.3951010020677589,0.3225806451612903,0.4073560027758501,0.3309806277218801,A_missing_lesions,medium,"Several visible dark lesion spots (e.g., lower left and middle leaf areas) are not covered by the red reference mask, while models captured more of these lesions in cyan."
tomato_leaf_mold_264.jpg,620,826,0.0252479887526361,5,0.0253143310546875,Tomato,tomato leaf mold,False,True,4,0.3643012618408268,0.2572723526988051,0.3544334380285093,0.4097739081589664,0.4357253484770263,C_mask_ok_models_wrong,medium,"Reference red mask covers only the few visibly discolored leaflet regions plausibly, while cyan model prediction covers nearly all leaflets including healthy green ones."
citrus_greening_disease_google_0182.jpg,426,568,0.0937975269457118,11,0.0936737060546875,Citrus,citrus greening disease,True,True,4,0.3655103248681002,0.3273089213683273,0.4002865158479078,0.4135453396314283,0.3209005226247375,C_mask_ok_models_wrong,medium,"Reference marks the visibly mottled/blotchy chlorotic leaves while models instead highlight largely healthy-looking green leaf areas, mismatching the true lesion locations."
cherry_powdery_mildew_107.jpg,964,987,0.1100352297712587,4,0.110076904296875,Cherry,cherry powdery mildew,True,True,4,0.3658305179956553,0.3781797079021182,0.3189966801918111,0.3887007835929186,0.3774449002957733,B_overinclusive,medium,"The reference marks several leaflets including ones with little to no visible powdery white symptom, appearing to cover largely healthy green leaf tissue beyond the actual mildew-affected fruit/leaf."
wheat_stem_rust_Google_0101.jpg,320,240,0.1177473958333333,15,0.1178741455078125,Wheat,wheat stem rust Google,False,True,4,0.3663477610947004,0.4025950729490553,0.375625105354835,0.3477484080809931,0.3394224579939183,C_mask_ok_models_wrong,medium,"Reference marks discrete rust-colored lesion spots plausibly, while the model prediction instead covers nearly the whole spike including clearly healthy green tissue."
cucumber_bacterial_wilt_184.jpg,400,600,0.5968041666666667,1,0.597869873046875,Cucumber,cucumber bacterial wilt,True,True,4,0.366826102045376,0.1955004950837036,0.3747640873550822,0.4224395926647518,0.4746002330779665,B_overinclusive,high,"The reference mask blankets nearly the entire plant bed including clearly healthy green leaves and soil/background, far beyond any visible wilted or diseased tissue."
apple_scab_18.jpg,380,600,0.0156973684210526,6,0.0156707763671875,Apple,apple scab,True,True,4,0.3673772307571458,0.3231756214915798,0.3888888888888889,0.367601246105919,0.3898431665421957,C_mask_ok_models_wrong,medium,"The red reference matches visible scab lesions on both apples, while the cyan model predictions only cover one lesion and a blank area, missing most of the marked spots."
wheat_powdery_mildew_Baidu_0070.jpg,886,1182,0.1107527128141077,13,0.1105499267578125,Wheat,wheat powdery mildew Baidu,True,True,4,0.3685755930120237,0.4479946524064171,0.3530903328050713,0.2942477326375947,0.378969654199012,C_mask_ok_models_wrong,medium,"Reference covers the visible discolored leaf blades reasonably well, while model predictions cover only partial, different leaf regions, missing several lesioned leaves."
cucumber_powdery_mildew_google_0065.jpg,615,736,0.201787292329445,6,0.2017669677734375,Cucumber,cucumber powdery mildew,False,True,4,0.3686994743392181,0.3698987117710689,0.4086059982555409,0.3045612486900887,0.3917319386401742,C_mask_ok_models_wrong,medium,"Reference mask reasonably outlines the mottled/powdery-looking leaf areas, while the model prediction instead covers the smooth cucumber fruit and other leaf regions not matching the lesion pattern."
wheat_stem_rust_Bing_0233.jpg,640,427,0.0358972482435597,39,0.0361328125,Wheat,wheat stem rust Bing,False,True,4,0.3691829524309586,0.3958863659505142,0.4282815987015622,0.3348107244060161,0.317753120665742,C_mask_ok_models_wrong,medium,"The red reference matches visible rust streaks on the spikelets, while the cyan prediction over-extends across the whole spike including healthy tissue."
wheat_head_scab_Baidu_0018.jpg,1156,1078,0.1185795173684447,7,0.118560791015625,Wheat,wheat head scab Baidu,True,True,4,0.3706913122900817,0.3216960236261997,0.3122557370478004,0.3722391811815406,0.4765743073047859,C_mask_ok_models_wrong,medium,"Reference red mask aligns well with the visibly bleached/discolored wheat heads, while the cyan model predictions mostly cover different, less discolored spikelets."
cucumber_bacterial_wilt_google_0076.jpg,2020,3071,0.1744934245948202,26,0.174468994140625,Cucumber,cucumber bacterial wilt,True,True,4,0.3714064684353524,0.3820464316423044,0.3161065450320581,0.3743801865221077,0.4130927105449398,C_mask_ok_models_wrong,medium,"Reference mask closely follows the wilted red/brown leaves while the model prediction covers stems and some soil/background areas, so the reference looks plausible and the models are off."
grape_black_rot_google_0011.jpg,720,1280,0.2461566840277777,6,0.2462615966796875,Grape,grape black rot,True,True,4,0.3720734711190199,0.4068159688412853,0.306075499320297,0.3933922016073023,0.3820102147071949,B_overinclusive,high,"Reference mask covers several additional grapes with little or no visible lesion discoloration, well beyond the one clearly diseased purple-spotted berry."
potato_early_blight_google_0076.jpg,132,146,0.1777189705271897,5,0.1775970458984375,Potato,potato early blight,False,True,4,0.3727840816399522,0.4932035181788251,0.4354613128806677,0.2908029197080292,0.2716685757922871,C_mask_ok_models_wrong,medium,"The reference red mask aligns well with visible brown lesion patches, while the cyan model predictions cover different, less lesion-like leaf regions."
corn_gray_leaf_spot_google_0089.jpg,2243,2243,0.4266625111383332,5,0.4266815185546875,Corn,corn gray leaf spot,True,True,4,0.3729227392045511,0.3400056866647711,0.3248276268489599,0.4140934725556982,0.4127641707487753,B_overinclusive,high,"Reference masks (especially B, D, F) cover whole leaf regions including clearly healthy green tissue far beyond the visible lesion streaks, consistent with the inflated 42.7% lesion area."
blueberry_rust_google_0031.jpg,1420,2152,0.0834886643279752,21,0.0833892822265625,Blueberry,blueberry rust,True,True,4,0.3738342948572543,0.3528497409326425,0.4111655978875896,0.3557242990654206,0.3755975415433644,C_mask_ok_models_wrong,medium,"The red reference closely follows visibly discolored/rust-affected leaf tissue, while the cyan model predictions cover only a small subset of those lesions, missing most diseased areas."
tomato_leaf_mold_google_0174.jpg,117,68,0.1632730015082956,6,0.1631622314453125,Tomato,tomato leaf mold,False,True,4,0.3749710630991536,0.4864586160108548,0.3563737623762376,0.2079903633808472,0.4490615106286748,C_mask_ok_models_wrong,medium,"The red reference closely follows the visible brown lesion blotches while the cyan model prediction covers a differently shaped, more diffuse region including healthy-looking tissue, indicating the reference is plausible but models are inaccurate."
zucchini_bacterial_wilt_Bing_0026.jpg,1024,686,0.236923173287172,3,0.2364349365234375,Zucchini,zucchini bacterial wilt Bing,False,True,4,0.374993772650061,0.4018682680392718,0.2993712032399019,0.4691392067650167,0.3295964125560538,C_mask_ok_models_wrong,medium,"The reference mask closely follows the wilted, discolored leaf tissue visible in the photo, while the model predictions only cover small unrelated background/soil patches."
wheat_loose_smut_Bing_0245.jpg,360,480,0.0060590277777777,1,0.0058441162109375,Wheat,wheat loose smut Bing,True,True,4,0.3759461910421161,0.2824943651389932,0.4420289855072464,0.3381586566299942,0.4411027568922305,C_mask_ok_models_wrong,medium,"Reference mask closely matches the dark infected wheat head visible in panel 1, while the model prediction covers an extra adjacent leaf-like region not clearly diseased."
blueberry_anthracnose_Bing_0004.jpg,1944,2592,0.0662530403774831,1,0.0663299560546875,Blueberry,blueberry anthracnose Bing,True,True,4,0.3784436827627199,0.3292933912645781,0.4536409822184589,0.3676252594129854,0.3632150981548572,B_overinclusive,medium,"The reference mask covers an entire healthy-looking blue berry while the only visibly diseased (shriveled, dark) berry is left unmarked; models instead cover many healthy berries, suggesting the reference is mislabeled on healthy tissue."
cucumber_powdery_mildew_69.jpg,201,450,0.1504256495301271,26,0.15057373046875,Cucumber,cucumber powdery mildew,True,True,4,0.3791676774395054,0.3695382650185971,0.3829878512509506,0.3596093675926803,0.4045352258957936,B_overinclusive,medium,"Powdery mildew whitish patches are diffuse across much of the leaf, but the cyan prediction covers nearly the whole leaf including clearly less-affected/healthy-looking areas, while the reference is more localized to visible white specks, suggesting models over-segment beyond actual lesion tissue."
tomato_bacterial_leaf_spot_71.jpg,324,500,0.0655493827160493,13,0.06585693359375,Tomato,tomato bacterial leaf spot,True,True,4,0.3794166586376782,0.3426986615217653,0.4257394914374676,0.3119671613514367,0.4372613202400436,C_mask_ok_models_wrong,medium,The reference mask aligns well with visible dark lesion areas while the model predictions are shifted/smaller and miss parts of the lesions.
cucumber_bacterial_wilt_69.jpg,507,753,0.2125881745863357,12,0.21124267578125,Cucumber,cucumber bacterial wilt,True,True,4,0.3818352238709359,0.386862321173927,0.3394780943260713,0.4324609632724873,0.3685395167112583,B_overinclusive,medium,"Red reference mask covers large wilted/discolored leaf shapes including background gaps and leaf-wide regions rather than tightly following lesion boundaries, while cyan predictions are much smaller and localized, suggesting the reference over-extends onto healthy or non-lesion tissue."
bell_pepper_frogeye_leaf_spot_Bing_0002.jpg,1116,1258,0.0146816645867879,14,0.014862060546875,Bell pepper,bell pepper frogeye leaf spot Bing,True,True,4,0.3828223691959789,0.3507000229515722,0.3785942492012779,0.4243614931237721,0.3776337115072933,C_mask_ok_models_wrong,medium,"Reference marks the visible dark lesion spots well while the model prediction instead highlights leaf edges/margins that lack visible lesions, missing the actual spotted areas."
cucumber_bacterial_wilt_14.jpg,639,834,0.2618412312403598,13,0.2618865966796875,Cucumber,cucumber bacterial wilt,True,True,4,0.3837193931917709,0.3033247594550824,0.3959390862944162,0.3899423298731257,0.4456713971444593,C_mask_ok_models_wrong,medium,"Reference covers the visibly wilted/necrotic leaves accurately, while the model prediction only captures a small fraction of those same lesion areas."
tomato_late_blight_147.jpg,1117,1080,0.0401032859179681,2,0.0400238037109375,Tomato,tomato late blight,False,True,4,0.3848217561345686,0.4611269018558769,0.4093250203307129,0.4146584913731641,0.2541766109785203,C_mask_ok_models_wrong,medium,"Reference covers the visible yellow/browned wilted leaf, but model predictions shift to a different leaf lacking visible lesions, missing the actual diseased tissue."
ginger_leaf_spot_google_0000.jpg,400,300,0.0645333333333333,22,0.06451416015625,Ginger,ginger leaf spot,True,True,4,0.3871538594826319,0.4683942166655025,0.3321286370597243,0.3592649473071016,0.3888276368981992,B_overinclusive,medium,"The cyan prediction covers almost the entire leaf blade including clearly healthy green tissue, far beyond the discrete spots marked in the reference."
wheat_septoria_blotch_blotch (24).jpg,720,960,0.0654557291666666,14,0.065338134765625,Wheat,wheat septoria blotch blotch (),False,True,4,0.388362288101055,0.4835640138408305,0.3782514790121138,0.2950866231184322,0.3965470364328439,C_mask_ok_models_wrong,medium,Reference closely outlines the visible reddish-brown lesions while the cyan model prediction covers much larger healthy leaf area beyond the lesions.
cabbage_downy_mildew_Bing_0035.jpg,1029,1566,0.0683536322757528,25,0.06842041015625,Cabbage,cabbage downy mildew Bing,True,True,4,0.3895640677029738,0.3892617449664429,0.3787756489230638,0.4011962481308623,0.3890226287915262,C_mask_ok_models_wrong,medium,"The reference marks discrete lesion patches matching visible discoloration, while the models' cyan mask covers nearly the entire leaf including healthy tissue."
wheat_head_scab_Baidu_0368.jpg,639,962,0.340580558890418,5,0.3405914306640625,Wheat,wheat head scab Baidu,True,True,4,0.3917899396538898,0.3308922433119115,0.3576377433190366,0.4793113965230946,0.3993183754615166,B_overinclusive,high,"The red reference mask covers entire wheat heads including green, healthy-looking portions, not just bleached/scab-affected tissue."
wheat_head_scab_Bing_0040.jpg,1224,1632,0.0512272923875432,6,0.05126953125,Wheat,wheat head scab Bing,True,True,4,0.3941744126329733,0.412348401323043,0.3869021973287376,0.350076103500761,0.4273709483793517,C_mask_ok_models_wrong,medium,"Reference mask closely follows the visibly bleached/discolored wheat heads, while the cyan prediction covers only a small portion of one spike and misses the other clearly diseased heads."
tomato_leaf_mold_148.jpg,420,650,0.1824212454212454,2,0.182373046875,Tomato,tomato leaf mold,True,True,4,0.3958008933575487,0.4633370057534582,0.413782285893548,0.2327604058811348,0.4733238759020539,B_overinclusive,medium,"The reference mask covers the entire main leaflet including clearly green/healthy-looking tissue, far beyond the discolored patches the models detected."
cherry_leaf_spot_google_0180.jpg,900,600,0.0529537037037037,42,0.0531463623046875,Cherry,cherry leaf spot,True,True,4,0.3972264063125654,0.4064996857886704,0.3838015322874863,0.4572490706319702,0.3413553365421346,C_mask_ok_models_wrong,medium,"Reference closely follows visible dark lesion spots, while model predictions cover large healthy yellow leaf areas and miss several spots, indicating model error rather than label error."
tomato_septoria_leaf_spot_google_0205.jpg,265,600,0.2014654088050314,6,0.2016143798828125,Tomato,tomato septoria leaf spot,True,True,4,0.3992594908913812,0.4284269997026464,0.4573263280793929,0.3324921135646688,0.378792522218817,B_overinclusive,medium,"The reference mask includes large halo/chlorotic and green regions surrounding the dark necrotic spots, extending well beyond the visible lesion borders into healthy-looking tissue."
broccoli_downy_mildew_google_0048.jpg,604,674,0.0606073260361192,11,0.060546875,Broccoli,broccoli downy mildew,False,True,4,0.4021608095326006,0.41675323965225,0.3713239035310878,0.4153666796202742,0.4051994153267905,B_overinclusive,medium,"The cyan model mask covers nearly the entire right half of the leaf including visibly healthy green tissue, far beyond the discrete red lesion patches in the reference."
wheat_bacterial_leaf_streak_(black_chaff)_Baidu_0241.jpg,933,700,0.0382437605267187,5,0.038299560546875,Wheat,wheat bacterial leaf streak (black chaff) Baidu,False,True,4,0.4045465614542974,0.4623376623376623,0.4875,0.1706363313188766,0.4977122521606507,A_missing_lesions,medium,"The left streaked leaf shows visible reddish-brown lesion tissue not covered by the red reference mask, which only marks the other leaf and small fragments."
zucchini_bacterial_wilt_Google_0060.jpg,520,700,0.1475686813186813,4,0.147369384765625,Zucchini,zucchini bacterial wilt Google,True,True,4,0.4054691628224294,0.4046889365614465,0.4803849000740192,0.4135571644522237,0.3232456502020285,C_mask_ok_models_wrong,medium,"Reference covers the visibly wilted/dried flower and leaf tissue plausibly, but the model only captured a small fraction of those same lesions."
garlic_leaf_blight_163.jpg,458,640,0.0625204694323144,6,0.0623626708984375,Garlic,garlic leaf blight,True,True,4,0.4067461642085473,0.4794621026894866,0.2679724942696395,0.4720697449144333,0.4074803149606299,B_overinclusive,medium,"The reference mask traces whole green, apparently healthy leaves and blades extending well beyond the visible yellow-brown blighted tissue in the original photo."
bell_pepper_bacterial_spot_Bing_0008.jpg,768,1024,0.0663019816080729,12,0.066497802734375,Bell pepper,bell pepper bacterial spot Bing,True,True,4,0.4074001930817182,0.3464648891024101,0.3790878172146159,0.4886434792508681,0.4154045867589788,C_mask_ok_models_wrong,medium,"The reference outlines match visible lesion spots well, while the model predictions cover much larger, less precise regions including healthier tissue."
cucumber_powdery_mildew_227.jpg,400,600,0.15165,9,0.1519317626953125,Cucumber,cucumber powdery mildew,True,True,4,0.4092794909521692,0.4247502417015791,0.4060962791675426,0.4169968345806343,0.3892746083589212,A_missing_lesions,medium,"The powdery mildew coating covers nearly the entire leaf surface but the reference mask only marks small scattered patches, leaving obvious diseased tissue uncovered."
potato_late_blight_96.jpg,600,400,0.0260541666666666,10,0.0263824462890625,Potato,potato late blight,True,True,4,0.41009217903191,0.4745583970471922,0.4594164456233421,0.3512224209898628,0.3551714524672428,C_mask_ok_models_wrong,medium,"Reference red regions align with visibly necrotic/discolored leaf patches, while cyan model predictions are mostly on different, less-affected leaf areas."
wheat_bacterial_leaf_streak_(black_chaff)_black_chaff (9).jpg,320,250,0.0554375,4,0.0556488037109375,Wheat,wheat bacterial leaf streak (black chaff) black chaff (),False,True,4,0.4123998441806023,0.3993184829936265,0.3987893462469734,0.4268871120748069,0.4246044354070026,C_mask_ok_models_wrong,medium,"Reference marks the discolored diseased spikelets fairly accurately, while the models instead segment whole healthy-looking spike organs far beyond the lesion area."
wheat_stem_rust_Bing_0011.jpg,1536,1024,0.2075411478678385,18,0.20703125,Wheat,wheat stem rust Bing,True,True,4,0.4132140390503321,0.4504668640400819,0.3573561266904748,0.4571029180499737,0.3879302474207979,B_overinclusive,medium,"The reference mask covers entire leaf blades including green healthy-looking tissue, not just the rust-streaked portions visible in the photo."
peach_leaf_curl_google_0199.jpg,801,1200,0.0126903870162297,2,0.012725830078125,Peach,peach leaf curl,True,True,4,0.4134016525259843,0.4064567345858693,0.4970530451866404,0.3255196815568332,0.4245771487745944,A_missing_lesions,medium,"The reddened/curled leaf on the left clearly shows diseased tissue but is entirely absent from the reference mask, which only marks the right-side lesion and a small streak."
bell_pepper_blossom_end_rot_Bing_0195.jpg,720,1280,0.0290983072916666,2,0.0290069580078125,Bell pepper,bell pepper blossom end rot Bing,True,True,4,0.4151272848022915,0.4111175448755066,0.4016485575121768,0.3846706586826347,0.4630723781388479,A_missing_lesions,medium,"The dark sunken blossom-end lesion on the left pepper is largely uncovered by the reference mask, which instead marks the right pepper's hollow opening and only a small part of the left lesion."
coffee_leaf_rust_google_0135.jpg,500,750,0.0410906666666666,8,0.0413055419921875,Coffee,coffee leaf rust,True,True,4,0.4156414606692054,0.4445046020573903,0.3759713090257023,0.3432440388578157,0.4988458927359131,C_mask_ok_models_wrong,medium,"Reference mask closely follows the visible rust-affected leaf edges, while the model predictions only capture a small, different subset of spots."
tomato_bacterial_leaf_spot_google_0163.jpg,1245,1515,0.2230042281336567,14,0.22259521484375,Tomato,tomato bacterial leaf spot,True,True,4,0.4195391723305053,0.401756546885878,0.4577891207526397,0.3567057766799528,0.4619052450035508,B_overinclusive,high,"The reference mask covers large yellow/chlorotic leaf regions beyond just the discrete dark spots, while models only marked the actual spot lesions."
grape_leaf_spot_google_0046.jpg,226,301,0.0292241201893393,3,0.029266357421875,Grape,grape leaf spot,True,True,4,0.4196254734340934,0.3989210675752413,0.3882874015748031,0.4611153552330023,0.4301780693533271,A_missing_lesions,medium,"Multiple visible lesion spots on the upper right leaflet are not covered by the red reference mask, which only outlines lower lesions."
broccoli_alternaria_leaf_spot_Google_0005.jpg,1600,2400,0.1197591145833333,15,0.11962890625,Broccoli,broccoli alternaria leaf spot Google,True,True,4,0.4197867303872207,0.4029019303018525,0.3863445066098925,0.4447291987015206,0.4451712859356171,A_missing_lesions,medium,"The dark spotted lesions cover most of the leaf surface but the reference mask only highlights a few vein-adjacent streaks, leaving many visible dark spots uncovered."
apple_scab_google_0130.jpg,720,1280,0.0587033420138888,13,0.058685302734375,Apple,apple scab,True,True,4,0.4211104487647032,0.4246120920278223,0.4249618819429318,0.419185908117115,0.415681912970944,C_mask_ok_models_wrong,medium,"Reference mask closely outlines the visible scab lesions on apple and leaf, while model predictions cover only part of these lesions and miss others."
zucchini_downy_mildew_Bing_0159.jpg,1690,1067,0.2296529006283169,71,0.2294158935546875,Zucchini,zucchini downy mildew Bing,False,True,4,0.4237588932536311,0.4586481313589201,0.397414208101231,0.4325747109721515,0.4063985225822221,C_mask_ok_models_wrong,medium,"Reference red mask aligns well with the visible yellow/mottled lesion patches, while the cyan model prediction covers a much larger, less specific area including healthy-looking tissue."
peach_brown_rot_Bing_0293.jpg,408,612,0.0729887543252595,4,0.072967529296875,Peach,peach brown rot Bing,False,True,4,0.4252256883263443,0.3568822069770836,0.4095986164156518,0.4598260869565217,0.4745958429561201,C_mask_ok_models_wrong,medium,"Reference covers the visibly rotten fruit lesions accurately, while the models instead highlight dried leaves and miss/shift from the actual fruit lesions."
wheat_bacterial_leaf_streak_(black_chaff)_Baidu_0031.jpg,361,640,0.0408024584487534,3,0.0408172607421875,Wheat,wheat bacterial leaf streak (black chaff) Baidu,True,True,4,0.4266903325801623,0.4637895906649379,0.445993031358885,0.3602870813397129,0.4366916269571136,C_mask_ok_models_wrong,medium,"The reference mask closely outlines the visible yellow/orange lesion streaks, while the cyan model predictions extend beyond and around the lesions into healthy leaf tissue."
maple_tar_spot_google_0066.jpg,406,608,0.1025894477573243,41,0.1025238037109375,Maple,maple tar spot,False,True,4,0.4287773279937452,0.4600069856793573,0.3661616161616162,0.390426794975942,0.4985139151580653,C_mask_ok_models_wrong,high,"Reference mask closely matches the visible dark tar-spot lesions, while the cyan model predictions cover only a subset of lesions on different leaves, indicating the models under-segmented rather than the reference being wrong."
cherry_leaf_spot_32.jpg,1040,780,0.0280510355029585,32,0.0281524658203125,Cherry,cherry leaf spot,False,True,4,0.4303796534367273,0.4505645827595703,0.4386847195357833,0.4240174113429779,0.4082519001085776,A_missing_lesions,medium,The reference only outlines part of the main leaf's discolored area and misses the clearly spotted lower leaves that show similar lesions.
bell_pepper_bacterial_spot_Bing_0105.jpg,377,506,0.0831507323261446,28,0.082794189453125,Bell pepper,bell pepper bacterial spot Bing,True,True,4,0.4321124391488308,0.4087545019194997,0.4728991693056129,0.4438502673796791,0.4029458179905313,B_overinclusive,medium,"The reference mask covers large blotchy regions including healthy green leaf tissue beyond the discrete dark spots visible in the original photo, while the model prediction similarly covers broad regions rather than discrete lesions."
wheat_stripe_rust_Baidu_0011.jpg,1200,1600,0.1135338541666666,55,0.1137542724609375,Wheat,wheat stripe rust Baidu,True,True,4,0.4330856796391304,0.4421678266989912,0.4377658066345335,0.4523514400291651,0.4000576451938319,B_overinclusive,medium,"The reference mask traces entire leaf blades including green, non-symptomatic portions rather than just the yellowed/rust-affected streaks."
tomato_bacterial_leaf_spot_63.jpg,900,1200,0.0179027777777777,45,0.0180206298828125,Tomato,tomato bacterial leaf spot,False,True,4,0.4330977688862194,0.392156862745098,0.4719605204127411,0.4830126893164142,0.3852610030706244,C_mask_ok_models_wrong,medium,"Reference mask closely outlines the visible dark spots on the leaf, while the model prediction highlights a different, largely unspotted area near the leaf edge."
grape_downy_mildew_google_0026.jpg,425,756,0.0641767818238406,13,0.064178466796875,Grape,grape downy mildew,True,True,4,0.4347654736390339,0.4945663317613287,0.3657095980311731,0.4722076756190618,0.4065782891445723,C_mask_ok_models_wrong,medium,"Reference mask closely outlines the visible yellow/brown lesion patches, while the cyan model predictions cover different, less lesion-aligned regions."
coffee_berry_blotch_Bing_0105.jpg,500,375,0.0074346666666666,4,0.007476806640625,Coffee,coffee berry blotch Bing,False,True,4,0.4375475129425645,0.4459308807134894,0.365925304238355,0.4630650496141124,0.4752688172043011,C_mask_ok_models_wrong,medium,"Reference marks the clearly discolored/lesioned berry spots accurately, while the cyan model predictions are shifted to different, mostly healthy-looking berry areas not matching the lesions."
zucchini_bacterial_wilt_Bing_0015.jpg,3024,4032,0.1262258906263122,5,0.126129150390625,Zucchini,zucchini bacterial wilt Bing,True,True,4,0.4440935255741897,0.4801872326688726,0.4071934401789042,0.4181801914646148,0.4708132379843672,C_mask_ok_models_wrong,medium,"The reference closely outlines the visibly wilted/necrotic leaf tissue, while the models only cover small, partially unrelated patches."
tomato_leaf_mold_31.jpg,479,640,0.0695035229645094,8,0.0694122314453125,Tomato,tomato leaf mold,True,True,4,0.4482179748754479,0.4922733790027083,0.3536849710982659,0.4791566842357451,0.4677568651650725,C_mask_ok_models_wrong,medium,"Reference mask reasonably covers the visible dark lesion spots, while the cyan model predictions are small, offset, and miss most of the circled lesions."
cucumber_angular_leaf_spot_google_0116.jpg,1600,900,0.1544486111111111,17,0.1544647216796875,Cucumber,cucumber angular leaf spot,True,True,4,0.4490760359141916,0.4588958789849438,0.4555678059536935,0.4632358075553383,0.4186046511627907,A_missing_lesions,medium,Several clearly visible tan/brown lesion patches on the upper-left leaf area are not covered by the red reference mask.
citrus_greening_disease_google_0183.jpg,175,200,0.0941142857142857,4,0.09405517578125,Citrus,citrus greening disease,True,True,4,0.4491766846485561,0.4548199767711963,0.4956241363426992,0.4398536182268917,0.4064090072534372,C_mask_ok_models_wrong,medium,"The reference mask aligns well with the mottled/discolored leaf, while the model prediction covers a different, mostly healthy-looking leaf."
bell_pepper_bacterial_spot_Bing_0028.jpg,2560,1440,0.0502503797743055,40,0.0503082275390625,Bell pepper,bell pepper bacterial spot Bing,True,True,4,0.4496894848106441,0.4376111440426793,0.4893081761006289,0.4518162477346151,0.4200223713646532,C_mask_ok_models_wrong,medium,"Reference closely outlines the visible necrotic/spotted lesion areas on the three leaves, while the model prediction covers broader leaf regions including healthier tissue, indicating the models are less precise than the reference."
soybean_downy_mildew_Bing_0038.jpg,270,480,0.1303626543209876,7,0.130615234375,Soybean,soybean downy mildew Bing,True,True,4,0.4609497205521219,0.4855531840336402,0.4297520661157025,0.446801836484444,0.4816917955747014,C_mask_ok_models_wrong,medium,"Reference mask aligns well with visible discolored lesion patches, while the model prediction covers a much larger region extending into healthy-looking tissue."
tomato_late_blight_google_0059.jpg,2953,4429,0.0727881997458948,6,0.072540283203125,Tomato,tomato late blight,False,True,4,0.4632876381410996,0.4584842920244181,0.4402503970849294,0.498216701512729,0.4561991619423219,C_mask_ok_models_wrong,medium,"Reference marks the visibly necrotic/discolored leaf margins plausibly, while the cyan prediction covers nearly the entire leaf including clearly healthy green tissue."
rice_blast_38.jpg,338,600,0.0198717948717948,10,0.0196685791015625,Rice,rice blast,True,True,4,0.4639696878371953,0.4567783094098883,0.4818928054080154,0.4695970695970696,0.4476105669338082,C_mask_ok_models_wrong,medium,"Reference mask closely follows visible lesion streaks on the leaf, but model predictions cover only a small portion of the same leaf and miss the other lesioned leaf entirely."
potato_early_blight_google_0265.jpg,162,159,0.5538085255066387,1,0.553558349609375,Potato,potato early blight,False,True,4,0.4665595320894315,0.4847510698256967,0.4466837826272999,0.4867885966924569,0.4480146792122725,B_overinclusive,high,"The red reference mask covers the entire leaf outline including clearly healthy green tissue, not just the visible brown lesions."
potato_early_blight_google_0024.jpg,337,337,0.0505947925930491,10,0.050689697265625,Potato,potato early blight,False,True,4,0.4684769365002771,0.4712200033562678,0.4212168486739469,0.4875,0.493970893970894,C_mask_ok_models_wrong,medium,"The red reference aligns well with visible dark lesion spots, while the cyan model predictions cover many additional non-lesion leaf areas and miss some reference spots."
tomato_early_blight_google_0177.jpg,879,1280,0.1284511874288964,26,0.12847900390625,Tomato,tomato early blight,True,True,4,0.469379090295129,0.4985827151559013,0.4789028918974239,0.4517050226776415,0.4483257314495494,C_mask_ok_models_wrong,medium,"Reference mask reasonably covers visible lesions/necrotic tissue while the model prediction covers nearly the whole leaf including healthy green areas, indicating model over-segmentation rather than a flawed reference."
cucumber_bacterial_wilt_google_0030.jpg,1440,1920,0.1877350983796296,8,0.1878204345703125,Cucumber,cucumber bacterial wilt,False,True,4,0.4844363910271242,0.4919588475488742,0.4760004925501785,0.470324042981867,0.4994621810275775,C_mask_ok_models_wrong,medium,"Reference closely tracks the wilted/necrotic leaves while models cover mostly healthy green leaves, missing the actual lesioned ones."
